timestamp,player_id,player_name,jersey_number,team_id,half,x,y,speed,heart_rate,event
0.0,A1,Buffon,1,Team_OpenSource,1,6.68,35.08,0,124,
0.0,A2,Cafu,2,Team_OpenSource,1,26.82,9.17,0,128,
0.0,A3,Maldini,3,Team_OpenSource,1,20.28,23.02,0,140,
0.0,A4,Nesta,4,Team_OpenSource,1,18.49,41.69,0,125,
0.0,A5,Carlos,5,Team_OpenSource,1,23.08,58.57,0,126,
0.0,A6,Xavi,6,Team_OpenSource,1,44.44,35.92,0,126,
0.0,A7,Iniesta,8,Team_OpenSource,1,46.98,49.71,0,133,
0.0,A8,Pirlo,21,Team_OpenSource,1,46.67,16.9,0,128,
0.0,A9,Messi,10,Team_OpenSource,1,68.91,13.32,0,133,
0.0,A10,Ronaldo,9,Team_OpenSource,1,75.82,32.18,0,122,
0.0,A11,Ronaldinho,11,Team_OpenSource,1,68.0,53.01,0,130,
0.0,B1,Casillas,1,Team_Proprietary,1,101.68,35.08,0,127,
0.0,B2,Zanetti,2,Team_Proprietary,1,81.82,9.17,0,128,
0.0,B3,Ferdinand,5,Team_Proprietary,1,83.08,25.57,0,122,
0.0,B4,Vidic,15,Team_Proprietary,1,86.3,41.48,0,122,
0.0,B5,Cole,3,Team_Proprietary,1,80.28,56.02,0,133,
0.0,B6,Gerrard,8,Team_Proprietary,1,61.98,24.71,0,125,
0.0,B7,Lampard,4,Team_Proprietary,1,58.49,41.69,0,131,
0.0,B8,Beckham,7,Team_Proprietary,1,61.31,11.51,0,139,
0.0,B9,Giggs,11,Team_Proprietary,1,58.0,58.01,0,125,
0.0,B10,Henry,14,Team_Proprietary,1,36.98,28.27,0,121,
0.0,B11,Rooney,10,Team_Proprietary,1,33.91,38.32,0,127,
0.0,ball,Ball,,BALL,1,52.5,44.0,0,,
0.5,A1,Buffon,1,Team_OpenSource,1,6.99,34.34,0,120,
0.5,A2,Cafu,2,Team_OpenSource,1,26.2,8.53,0,130,
0.5,A3,Maldini,3,Team_OpenSource,1,19.3,23.07,0,131,
0.5,A4,Nesta,4,Team_OpenSource,1,18.04,42.39,0,133,
0.5,A5,Carlos,5,Team_OpenSource,1,23.59,59.27,0,130,
0.5,A6,Xavi,6,Team_OpenSource,1,45.43,35.99,0,123,
0.5,A7,Iniesta,8,Team_OpenSource,1,46.6,48.96,0,133,
0.5,A8,Pirlo,21,Team_OpenSource,1,45.94,16.34,0,120,
0.5,A9,Messi,10,Team_OpenSource,1,68.24,13.88,0,120,
0.5,A10,Ronaldo,9,Team_OpenSource,1,74.85,32.0,0,131,
0.5,A11,Ronaldinho,11,Team_OpenSource,1,68.25,53.79,0,137,
0.5,B1,Casillas,1,Team_Proprietary,1,101.99,34.34,0,124,
0.5,B2,Zanetti,2,Team_Proprietary,1,81.2,8.53,0,136,
0.5,B3,Ferdinand,5,Team_Proprietary,1,83.59,26.27,0,134,
0.5,B4,Vidic,15,Team_Proprietary,1,85.41,41.09,0,134,
0.5,B5,Cole,3,Team_Proprietary,1,79.3,56.07,0,133,
0.5,B6,Gerrard,8,Team_Proprietary,1,61.6,23.96,0,121,
0.5,B7,Lampard,4,Team_Proprietary,1,58.04,42.39,0,134,
0.5,B8,Beckham,7,Team_Proprietary,1,61.88,10.88,0,124,
0.5,B9,Giggs,11,Team_Proprietary,1,58.25,58.79,0,135,
0.5,B10,Henry,14,Team_Proprietary,1,36.87,27.48,0,135,
0.5,B11,Rooney,10,Team_Proprietary,1,33.24,38.88,0,129,
0.5,ball,Ball,,BALL,1,57.29,43.39,0,,
1.0,A1,Buffon,1,Team_OpenSource,1,6.82,33.55,0,127,
1.0,A2,Cafu,2,Team_OpenSource,1,25.28,8.12,0,139,
1.0,A3,Maldini,3,Team_OpenSource,1,18.49,23.42,0,127,
1.0,A4,Nesta,4,Team_OpenSource,1,18.08,43.17,0,140,
1.0,A5,Carlos,5,Team_OpenSource,1,24.44,59.77,0,134,
1.0,A6,Xavi,6,Team_OpenSource,1,46.31,35.74,0,126,
1.0,A7,Iniesta,8,Team_OpenSource,1,45.82,48.38,0,128,
1.0,A8,Pirlo,21,Team_OpenSource,1,44.98,16.04,0,137,
1.0,A9,Messi,10,Team_OpenSource,1,68.0,14.61,0,125,
1.0,A10,Ronaldo,9,Team_OpenSource,1,73.91,32.14,0,128,
1.0,A11,Ronaldinho,11,Team_OpenSource,1,68.93,54.44,0,136,
1.0,B1,Casillas,1,Team_Proprietary,1,101.82,33.55,0,136,
1.0,B2,Zanetti,2,Team_Proprietary,1,80.28,8.12,0,130,
1.0,B3,Ferdinand,5,Team_Proprietary,1,84.44,26.77,0,138,
1.0,B4,Vidic,15,Team_Proprietary,1,84.42,41.01,0,127,
1.0,B5,Cole,3,Team_Proprietary,1,78.49,56.42,0,120,
1.0,B6,Gerrard,8,Team_Proprietary,1,60.82,23.38,0,137,
1.0,B7,Lampard,4,Team_Proprietary,1,58.08,43.17,0,138,
1.0,B8,Beckham,7,Team_Proprietary,1,61.98,10.11,0,122,
1.0,B9,Giggs,11,Team_Proprietary,1,58.93,59.44,0,140,
1.0,B10,Henry,14,Team_Proprietary,1,36.3,26.77,0,137,
1.0,B11,Rooney,10,Team_Proprietary,1,33.0,39.61,0,126,
1.0,ball,Ball,,BALL,1,60.91,41.65,0,,
1.5,A1,Buffon,1,Team_OpenSource,1,6.2,32.82,0,137,
1.5,A2,Cafu,2,Team_OpenSource,1,24.3,8.0,0,125,
1.5,A3,Maldini,3,Team_OpenSource,1,18.04,24.02,0,120,
1.5,A4,Nesta,4,Team_OpenSource,1,18.59,43.94,0,126,
1.5,A5,Carlos,5,Team_OpenSource,1,25.43,59.99,0,139,
1.5,A6,Xavi,6,Team_OpenSource,1,46.88,35.22,0,131,
1.5,A7,Iniesta,8,Team_OpenSource,1,44.85,48.05,0,136,
1.5,A8,Pirlo,21,Team_OpenSource,1,44.03,16.04,0,131,
1.5,A9,Messi,10,Team_OpenSource,1,68.25,15.41,0,131,
1.5,A10,Ronaldo,9,Team_OpenSource,1,73.24,32.57,0,122,
1.5,A11,Ronaldinho,11,Team_OpenSource,1,69.87,54.87,0,128,
1.5,B1,Casillas,1,Team_Proprietary,1,101.2,32.82,0,135,
1.5,B2,Zanetti,2,Team_Proprietary,1,79.3,8.0,0,122,
1.5,B3,Ferdinand,5,Team_Proprietary,1,85.43,26.99,0,129,
1.5,B4,Vidic,15,Team_Proprietary,1,83.58,41.24,0,130,
1.5,B5,Cole,3,Team_Proprietary,1,78.04,57.02,0,138,
1.5,B6,Gerrard,8,Team_Proprietary,1,59.85,23.05,0,125,
1.5,B7,Lampard,4,Team_Proprietary,1,58.59,43.94,0,121,
1.5,B8,Beckham,7,Team_Proprietary,1,61.6,9.32,0,122,
1.5,B9,Giggs,11,Team_Proprietary,1,59.87,59.87,0,135,
1.5,B10,Henry,14,Team_Proprietary,1,35.41,26.25,0,121,
1.5,B11,Rooney,10,Team_Proprietary,1,33.25,40.41,0,126,
1.5,ball,Ball,,BALL,1,62.47,38.98,0,,
2.0,A1,Buffon,1,Team_OpenSource,1,5.28,32.29,0,128,
2.0,A2,Cafu,2,Team_OpenSource,1,23.49,8.21,0,121,
2.0,A3,Maldini,3,Team_OpenSource,1,18.08,24.78,0,128,
2.0,A4,Nesta,4,Team_OpenSource,1,19.44,44.55,0,121,
2.0,A5,Carlos,5,Team_OpenSource,1,26.31,59.9,0,139,
2.0,A6,Xavi,6,Team_OpenSource,1,46.98,34.5,0,130,
2.0,A7,Iniesta,8,Team_OpenSource,1,43.91,48.03,0,121,
2.0,A8,Pirlo,21,Team_OpenSource,1,43.31,16.36,0,131,
2.0,A9,Messi,10,Team_OpenSource,1,68.93,16.14,0,124,
2.0,A10,Ronaldo,9,Team_OpenSource,1,73.0,33.23,0,126,
2.0,A11,Ronaldinho,11,Team_OpenSource,1,70.84,55.0,0,131,
2.0,B1,Casillas,1,Team_Proprietary,1,100.28,32.29,0,138,
2.0,B2,Zanetti,2,Team_Proprietary,1,78.49,8.21,0,129,
2.0,B3,Ferdinand,5,Team_Proprietary,1,86.31,26.9,0,129,
2.0,B4,Vidic,15,Team_Proprietary,1,83.08,41.74,0,129,
2.0,B5,Cole,3,Team_Proprietary,1,78.08,57.78,0,140,
2.0,B6,Gerrard,8,Team_Proprietary,1,58.91,23.03,0,130,
2.0,B7,Lampard,4,Team_Proprietary,1,59.44,44.55,0,140,
2.0,B8,Beckham,7,Team_Proprietary,1,60.82,8.64,0,136,
2.0,B9,Giggs,11,Team_Proprietary,1,60.84,60.0,0,133,
2.0,B10,Henry,14,Team_Proprietary,1,34.42,26.01,0,127,
2.0,B11,Rooney,10,Team_Proprietary,1,33.93,41.14,0,128,
2.0,ball,Ball,,BALL,1,61.59,35.7,0,,
2.5,A1,Buffon,1,Team_OpenSource,1,4.3,32.02,0,135,
2.5,A2,Cafu,2,Team_OpenSource,1,23.04,8.69,0,135,
2.5,A3,Maldini,3,Team_OpenSource,1,18.59,25.57,0,133,
2.5,A4,Nesta,4,Team_OpenSource,1,20.43,44.92,0,132,
2.5,A5,Carlos,5,Team_OpenSource,1,26.88,59.51,0,132,
2.5,A6,Xavi,6,Team_OpenSource,1,46.6,33.71,0,140,
2.5,A7,Iniesta,8,Team_OpenSource,1,43.24,48.32,0,125,
2.5,A8,Pirlo,21,Team_OpenSource,1,43.0,16.93,0,129,
2.5,A9,Messi,10,Team_OpenSource,1,69.87,16.69,0,138,
2.5,A10,Ronaldo,9,Team_OpenSource,1,73.25,34.01,0,136,
2.5,A11,Ronaldinho,11,Team_OpenSource,1,71.61,54.81,0,132,
2.5,B1,Casillas,1,Team_Proprietary,1,99.3,32.02,0,136,
2.5,B2,Zanetti,2,Team_Proprietary,1,78.04,8.69,0,121,
2.5,B3,Ferdinand,5,Team_Proprietary,1,86.88,26.51,0,124,
2.5,B4,Vidic,15,Team_Proprietary,1,83.05,42.45,0,137,
2.5,B5,Cole,3,Team_Proprietary,1,78.59,58.57,0,125,
2.5,B6,Gerrard,8,Team_Proprietary,1,58.24,23.32,0,126,
2.5,B7,Lampard,4,Team_Proprietary,1,60.43,44.92,0,134,
2.5,B8,Beckham,7,Team_Proprietary,1,59.85,8.18,0,130,
2.5,B9,Giggs,11,Team_Proprietary,1,61.61,59.81,0,138,
2.5,B10,Henry,14,Team_Proprietary,1,33.58,26.08,0,131,
2.5,B11,Rooney,10,Team_Proprietary,1,34.87,41.69,0,123,
2.5,ball,Ball,,BALL,1,58.48,32.22,0,,
3.0,A1,Buffon,1,Team_OpenSource,1,3.49,32.07,0,121,
3.0,A2,Cafu,2,Team_OpenSource,1,23.08,9.39,0,125,
3.0,A3,Maldini,3,Team_OpenSource,1,19.44,26.27,0,124,
3.0,A4,Nesta,4,Team_OpenSource,1,21.31,44.99,0,130,
3.0,A5,Carlos,5,Team_OpenSource,1,26.98,58.88,0,130,
3.0,A6,Xavi,6,Team_OpenSource,1,45.82,32.96,0,138,
3.0,A7,Iniesta,8,Team_OpenSource,1,43.0,48.88,0,138,
3.0,A8,Pirlo,21,Team_OpenSource,1,43.19,17.68,0,125,
3.0,A9,Messi,10,Team_OpenSource,1,70.84,16.97,0,120,
3.0,A10,Ronaldo,9,Team_OpenSource,1,73.93,34.79,0,121,
3.0,A11,Ronaldinho,11,Team_OpenSource,1,71.98,54.34,0,134,
3.0,B1,Casillas,1,Team_Proprietary,1,98.49,32.07,0,124,
3.0,B2,Zanetti,2,Team_Proprietary,1,78.08,9.39,0,129,
3.0,B3,Ferdinand,5,Team_Proprietary,1,86.98,25.88,0,133,
3.0,B4,Vidic,15,Team_Proprietary,1,83.5,43.24,0,123,
3.0,B5,Cole,3,Team_Proprietary,1,79.44,59.27,0,137,
3.0,B6,Gerrard,8,Team_Proprietary,1,58.0,23.88,0,131,
3.0,B7,Lampard,4,Team_Proprietary,1,61.31,44.99,0,129,
3.0,B8,Beckham,7,Team_Proprietary,1,58.91,8.0,0,129,
3.0,B9,Giggs,11,Team_Proprietary,1,61.98,59.34,0,121,
3.0,B10,Henry,14,Team_Proprietary,1,33.08,26.46,0,128,
3.0,B11,Rooney,10,Team_Proprietary,1,35.84,41.97,0,136,
3.0,ball,Ball,,BALL,1,53.91,28.95,0,,
3.5,A1,Buffon,1,Team_OpenSource,1,3.04,32.42,0,121,
3.5,A2,Cafu,2,Team_OpenSource,1,23.59,10.17,0,123,
3.5,A3,Maldini,3,Team_OpenSource,1,20.43,26.77,0,126,
3.5,A4,Nesta,4,Team_OpenSource,1,21.88,44.74,0,127,
3.5,A5,Carlos,5,Team_OpenSource,1,26.6,58.11,0,139,
3.5,A6,Xavi,6,Team_OpenSource,1,44.85,32.38,0,137,
3.5,A7,Iniesta,8,Team_OpenSource,1,43.25,49.61,0,128,
3.5,A8,Pirlo,21,Team_OpenSource,1,43.82,18.47,0,121,
3.5,A9,Messi,10,Team_OpenSource,1,71.61,16.95,0,138,
3.5,A10,Ronaldo,9,Team_OpenSource,1,74.87,35.44,0,125,
3.5,A11,Ronaldinho,11,Team_OpenSource,1,71.87,53.66,0,140,
3.5,B1,Casillas,1,Team_Proprietary,1,98.04,32.42,0,131,
3.5,B2,Zanetti,2,Team_Proprietary,1,78.59,10.17,0,133,
3.5,B3,Ferdinand,5,Team_Proprietary,1,86.6,25.11,0,122,
3.5,B4,Vidic,15,Team_Proprietary,1,84.32,44.0,0,121,
3.5,B5,Cole,3,Team_Proprietary,1,80.43,59.77,0,128,
3.5,B6,Gerrard,8,Team_Proprietary,1,58.25,24.61,0,129,
3.5,B7,Lampard,4,Team_Proprietary,1,61.88,44.74,0,127,
3.5,B8,Beckham,7,Team_Proprietary,1,58.24,8.14,0,125,
3.5,B9,Giggs,11,Team_Proprietary,1,61.87,58.66,0,137,
3.5,B10,Henry,14,Team_Proprietary,1,33.05,27.08,0,133,
3.5,B11,Rooney,10,Team_Proprietary,1,36.61,41.95,0,135,
3.5,ball,Ball,,BALL,1,48.99,26.3,0,,
4.0,A1,Buffon,1,Team_OpenSource,1,3.08,33.02,0,120,
4.0,A2,Cafu,2,Team_OpenSource,1,24.44,10.94,0,122,
4.0,A3,Maldini,3,Team_OpenSource,1,21.31,26.99,0,132,
4.0,A4,Nesta,4,Team_OpenSource,1,21.98,44.22,0,121,
4.0,A5,Carlos,5,Team_OpenSource,1,25.82,57.32,0,123,
4.0,A6,Xavi,6,Team_OpenSource,1,43.91,32.05,0,136,
4.0,A7,Iniesta,8,Team_OpenSource,1,43.93,50.41,0,132,
4.0,A8,Pirlo,21,Team_OpenSource,1,44.74,19.19,0,128,
4.0,A9,Messi,10,Team_OpenSource,1,71.98,16.61,0,136,
4.0,A10,Ronaldo,9,Team_OpenSource,1,75.84,35.87,0,127,
4.0,A11,Ronaldinho,11,Team_OpenSource,1,71.3,52.87,0,122,
4.0,B1,Casillas,1,Team_Proprietary,1,98.08,33.02,0,128,
4.0,B2,Zanetti,2,Team_Proprietary,1,79.44,10.94,0,129,
4.0,B3,Ferdinand,5,Team_Proprietary,1,85.82,24.32,0,140,
4.0,B4,Vidic,15,Team_Proprietary,1,85.3,44.59,0,120,
4.0,B5,Cole,3,Team_Proprietary,1,81.31,59.99,0,135,
4.0,B6,Gerrard,8,Team_Proprietary,1,58.93,25.41,0,134,
4.0,B7,Lampard,4,Team_Proprietary,1,61.98,44.22,0,137,
4.0,B8,Beckham,7,Team_Proprietary,1,58.0,8.57,0,134,
4.0,B9,Giggs,11,Team_Proprietary,1,61.3,57.87,0,136,
4.0,B10,Henry,14,Team_Proprietary,1,33.5,27.84,0,133,
4.0,B11,Rooney,10,Team_Proprietary,1,36.98,41.61,0,130,
4.0,ball,Ball,,BALL,1,44.93,24.58,0,,
4.5,A1,Buffon,1,Team_OpenSource,1,3.59,33.78,0,139,
4.5,A2,Cafu,2,Team_OpenSource,1,25.43,11.55,0,139,
4.5,A3,Maldini,3,Team_OpenSource,1,21.88,26.9,0,139,
4.5,A4,Nesta,4,Team_OpenSource,1,21.6,43.5,0,139,
4.5,A5,Carlos,5,Team_OpenSource,1,24.85,56.64,0,137,
4.5,A6,Xavi,6,Team_OpenSource,1,43.24,32.03,0,138,
4.5,A7,Iniesta,8,Team_OpenSource,1,44.87,51.14,0,135,
4.5,A8,Pirlo,21,Team_OpenSource,1,45.72,19.72,0,133,
4.5,A9,Messi,10,Team_OpenSource,1,71.87,16.02,0,133,
4.5,A10,Ronaldo,9,Team_OpenSource,1,76.61,36.0,0,126,
4.5,A11,Ronaldinho,11,Team_OpenSource,1,70.41,52.11,0,131,
4.5,B1,Casillas,1,Team_Proprietary,1,98.59,33.78,0,121,
4.5,B2,Zanetti,2,Team_Proprietary,1,80.43,11.55,0,122,
4.5,B3,Ferdinand,5,Team_Proprietary,1,84.85,23.64,0,120,
4.5,B4,Vidic,15,Team_Proprietary,1,86.21,44.94,0,132,
4.5,B5,Cole,3,Team_Proprietary,1,81.88,59.9,0,129,
4.5,B6,Gerrard,8,Team_Proprietary,1,59.87,26.14,0,120,
4.5,B7,Lampard,4,Team_Proprietary,1,61.6,43.5,0,127,
4.5,B8,Beckham,7,Team_Proprietary,1,58.25,9.23,0,140,
4.5,B9,Giggs,11,Team_Proprietary,1,60.41,57.11,0,133,
4.5,B10,Henry,14,Team_Proprietary,1,34.32,28.63,0,140,
4.5,B11,Rooney,10,Team_Proprietary,1,36.87,41.02,0,129,
4.5,ball,Ball,,BALL,1,42.72,24.0,0,,
5.0,A1,Buffon,1,Team_OpenSource,1,4.44,34.57,0,133,
5.0,A2,Cafu,2,Team_OpenSource,1,26.31,11.92,0,121,
5.0,A3,Maldini,3,Team_OpenSource,1,21.98,26.51,0,133,
5.0,A4,Nesta,4,Team_OpenSource,1,20.82,42.71,0,129,
5.0,A5,Carlos,5,Team_OpenSource,1,23.91,56.18,0,134,
5.0,A6,Xavi,6,Team_OpenSource,1,43.0,32.32,0,135,
5.0,A7,Iniesta,8,Team_OpenSource,1,45.84,51.69,0,136,
5.0,A8,Pirlo,21,Team_OpenSource,1,46.53,19.98,0,134,
5.0,A9,Messi,10,Team_OpenSource,1,71.3,15.27,0,137,
5.0,A10,Ronaldo,9,Team_OpenSource,1,76.98,35.81,0,128,
5.0,A11,Ronaldinho,11,Team_OpenSource,1,69.42,51.48,0,138,
5.0,B1,Casillas,1,Team_Proprietary,1,99.44,34.57,0,140,
5.0,B2,Zanetti,2,Team_Proprietary,1,81.31,11.92,0,126,
5.0,B3,Ferdinand,5,Team_Proprietary,1,83.91,23.18,0,121,
5.0,B4,Vidic,15,Team_Proprietary,1,86.83,44.98,0,135,
5.0,B5,Cole,3,Team_Proprietary,1,81.98,59.51,0,135,
5.0,B6,Gerrard,8,Team_Proprietary,1,60.84,26.69,0,139,
5.0,B7,Lampard,4,Team_Proprietary,1,60.82,42.71,0,126,
5.0,B8,Beckham,7,Team_Proprietary,1,58.93,10.01,0,131,
5.0,B9,Giggs,11,Team_Proprietary,1,59.42,56.48,0,126,
5.0,B10,Henry,14,Team_Proprietary,1,35.3,29.32,0,126,
5.0,B11,Rooney,10,Team_Proprietary,1,36.3,40.27,0,136,
5.0,ball,Ball,,BALL,1,42.91,24.64,0,,
5.5,A1,Buffon,1,Team_OpenSource,1,5.43,35.27,0,139,
5.5,A2,Cafu,2,Team_OpenSource,1,26.88,11.99,0,130,
5.5,A3,Maldini,3,Team_OpenSource,1,21.6,25.88,0,125,
5.5,A4,Nesta,4,Team_OpenSource,1,19.85,41.96,0,131,
5.5,A5,Carlos,5,Team_OpenSource,1,23.24,56.0,0,123,
5.5,A6,Xavi,6,Team_OpenSource,1,43.25,32.88,0,134,
5.5,A7,Iniesta,8,Team_OpenSource,1,46.61,51.97,0,136,
5.5,A8,Pirlo,21,Team_OpenSource,1,46.96,19.93,0,134,
5.5,A9,Messi,10,Team_OpenSource,1,70.41,14.48,0,125,
5.5,A10,Ronaldo,9,Team_OpenSource,1,76.87,35.34,0,129,
5.5,A11,Ronaldinho,11,Team_OpenSource,1,68.58,51.09,0,137,
5.5,B1,Casillas,1,Team_Proprietary,1,100.43,35.27,0,139,
5.5,B2,Zanetti,2,Team_Proprietary,1,81.88,11.99,0,122,
5.5,B3,Ferdinand,5,Team_Proprietary,1,83.24,23.0,0,132,
5.5,B4,Vidic,15,Team_Proprietary,1,86.99,44.7,0,121,
5.5,B5,Cole,3,Team_Proprietary,1,81.6,58.88,0,124,
5.5,B6,Gerrard,8,Team_Proprietary,1,61.61,26.97,0,125,
5.5,B7,Lampard,4,Team_Proprietary,1,59.85,41.96,0,131,
5.5,B8,Beckham,7,Team_Proprietary,1,59.87,10.79,0,121,
5.5,B9,Giggs,11,Team_Proprietary,1,58.58,56.09,0,131,
5.5,B10,Henry,14,Team_Proprietary,1,36.21,29.8,0,139,
5.5,B11,Rooney,10,Team_Proprietary,1,35.41,39.48,0,132,
5.5,ball,Ball,,BALL,1,45.44,26.41,0,,
6.0,A1,Buffon,1,Team_OpenSource,1,6.31,35.77,0,128,
6.0,A2,Cafu,2,Team_OpenSource,1,26.98,11.74,0,130,
6.0,A3,Maldini,3,Team_OpenSource,1,20.82,25.11,0,138,
6.0,A4,Nesta,4,Team_OpenSource,1,18.91,41.38,0,124,
6.0,A5,Carlos,5,Team_OpenSource,1,23.0,56.14,0,137,
6.0,A6,Xavi,6,Team_OpenSource,1,43.93,33.61,0,139,
6.0,A7,Iniesta,8,Team_OpenSource,1,46.98,51.95,0,140,
6.0,A8,Pirlo,21,Team_OpenSource,1,46.91,19.57,0,133,
6.0,A9,Messi,10,Team_OpenSource,1,69.42,13.77,0,126,
6.0,A10,Ronaldo,9,Team_OpenSource,1,76.3,34.66,0,133,
6.0,A11,Ronaldinho,11,Team_OpenSource,1,68.08,51.01,0,135,
6.0,B1,Casillas,1,Team_Proprietary,1,101.31,35.77,0,135,
6.0,B2,Zanetti,2,Team_Proprietary,1,81.98,11.74,0,136,
6.0,B3,Ferdinand,5,Team_Proprietary,1,83.0,23.14,0,136,
6.0,B4,Vidic,15,Team_Proprietary,1,86.67,44.16,0,124,
6.0,B5,Cole,3,Team_Proprietary,1,80.82,58.11,0,124,
6.0,B6,Gerrard,8,Team_Proprietary,1,61.98,26.95,0,129,
6.0,B7,Lampard,4,Team_Proprietary,1,58.91,41.38,0,126,
6.0,B8,Beckham,7,Team_Proprietary,1,60.84,11.44,0,139,
6.0,B9,Giggs,11,Team_Proprietary,1,58.08,56.01,0,139,
6.0,B10,Henry,14,Team_Proprietary,1,36.83,30.0,0,125,
6.0,B11,Rooney,10,Team_Proprietary,1,34.42,38.77,0,123,
6.0,ball,Ball,,BALL,1,49.71,29.1,0,,
6.5,A1,Buffon,1,Team_OpenSource,1,6.88,35.99,0,132,
6.5,A2,Cafu,2,Team_OpenSource,1,26.6,11.22,0,126,
6.5,A3,Maldini,3,Team_OpenSource,1,19.85,24.32,0,125,
6.5,A4,Nesta,4,Team_OpenSource,1,18.24,41.05,0,134,
6.5,A5,Carlos,5,Team_OpenSource,1,23.25,56.57,0,121,
6.5,A6,Xavi,6,Team_OpenSource,1,44.87,34.41,0,123,
6.5,A7,Iniesta,8,Team_OpenSource,1,46.87,51.61,0,124,
6.5,A8,Pirlo,21,Team_OpenSource,1,46.4,18.97,0,128,
6.5,A9,Messi,10,Team_OpenSource,1,68.58,13.25,0,123,
6.5,A10,Ronaldo,9,Team_OpenSource,1,75.41,33.87,0,130,
6.5,A11,Ronaldinho,11,Team_OpenSource,1,68.05,51.24,0,132,
6.5,B1,Casillas,1,Team_Proprietary,1,101.88,35.99,0,139,
6.5,B2,Zanetti,2,Team_Proprietary,1,81.6,11.22,0,128,
6.5,B3,Ferdinand,5,Team_Proprietary,1,83.25,23.57,0,120,
6.5,B4,Vidic,15,Team_Proprietary,1,85.94,43.44,0,121,
6.5,B5,Cole,3,Team_Proprietary,1,79.85,57.32,0,130,
6.5,B6,Gerrard,8,Team_Proprietary,1,61.87,26.61,0,122,
6.5,B7,Lampard,4,Team_Proprietary,1,58.24,41.05,0,132,
6.5,B8,Beckham,7,Team_Proprietary,1,61.61,11.87,0,139,
6.5,B9,Giggs,11,Team_Proprietary,1,58.05,56.24,0,130,
6.5,B10,Henry,14,Team_Proprietary,1,36.99,29.88,0,127,
6.5,B11,Rooney,10,Team_Proprietary,1,33.58,38.25,0,135,
6.5,ball,Ball,,BALL,1,54.65,32.38,0,,
7.0,A1,Buffon,1,Team_OpenSource,1,6.98,35.9,0,127,
7.0,A2,Cafu,2,Team_OpenSource,1,25.82,10.5,0,127,
7.0,A3,Maldini,3,Team_OpenSource,1,18.91,23.64,0,121,
7.0,A4,Nesta,4,Team_OpenSource,1,18.0,41.03,0,120,
7.0,A5,Carlos,5,Team_OpenSource,1,23.93,57.23,0,124,
7.0,A6,Xavi,6,Team_OpenSource,1,45.84,35.14,0,133,
7.0,A7,Iniesta,8,Team_OpenSource,1,46.3,51.02,0,129,
7.0,A8,Pirlo,21,Team_OpenSource,1,45.54,18.21,0,120,
7.0,A9,Messi,10,Team_OpenSource,1,68.08,13.01,0,135,
7.0,A10,Ronaldo,9,Team_OpenSource,1,74.42,33.11,0,122,
7.0,A11,Ronaldinho,11,Team_OpenSource,1,68.5,51.74,0,134,
7.0,B1,Casillas,1,Team_Proprietary,1,101.98,35.9,0,140,
7.0,B2,Zanetti,2,Team_Proprietary,1,80.82,10.5,0,133,
7.0,B3,Ferdinand,5,Team_Proprietary,1,83.93,24.23,0,124,
7.0,B4,Vidic,15,Team_Proprietary,1,84.98,42.64,0,121,
7.0,B5,Cole,3,Team_Proprietary,1,78.91,56.64,0,137,
7.0,B6,Gerrard,8,Team_Proprietary,1,61.3,26.02,0,125,
7.0,B7,Lampard,4,Team_Proprietary,1,58.0,41.03,0,123,
7.0,B8,Beckham,7,Team_Proprietary,1,61.98,12.0,0,127,
7.0,B9,Giggs,11,Team_Proprietary,1,58.5,56.74,0,135,
7.0,B10,Henry,14,Team_Proprietary,1,36.67,29.46,0,132,
7.0,B11,Rooney,10,Team_Proprietary,1,33.08,38.01,0,130,
7.0,ball,Ball,,BALL,1,59.07,35.87,0,,
7.5,A1,Buffon,1,Team_OpenSource,1,6.6,35.51,0,130,
7.5,A2,Cafu,2,Team_OpenSource,1,24.85,9.71,0,120,
7.5,A3,Maldini,3,Team_OpenSource,1,18.24,23.18,0,137,
7.5,A4,Nesta,4,Team_OpenSource,1,18.25,41.32,0,126,
7.5,A5,Carlos,5,Team_OpenSource,1,24.87,58.01,0,136,
7.5,A6,Xavi,6,Team_OpenSource,1,46.61,35.69,0,121,
7.5,A7,Iniesta,8,Team_OpenSource,1,45.41,50.27,0,137,
7.5,A8,Pirlo,21,Team_OpenSource,1,44.55,17.42,0,125,
7.5,A9,Messi,10,Team_OpenSource,1,68.05,13.08,0,129,
7.5,A10,Ronaldo,9,Team_OpenSource,1,73.58,32.48,0,137,
7.5,A11,Ronaldinho,11,Team_OpenSource,1,69.32,52.45,0,121,
7.5,B1,Casillas,1,Team_Proprietary,1,101.6,35.51,0,122,
7.5,B2,Zanetti,2,Team_Proprietary,1,79.85,9.71,0,128,
7.5,B3,Ferdinand,5,Team_Proprietary,1,84.87,25.01,0,124,
7.5,B4,Vidic,15,Team_Proprietary,1,84.03,41.9,0,128,
7.5,B5,Cole,3,Team_Proprietary,1,78.24,56.18,0,126,
7.5,B6,Gerrard,8,Team_Proprietary,1,60.41,25.27,0,134,
7.5,B7,Lampard,4,Team_Proprietary,1,58.25,41.32,0,129,
7.5,B8,Beckham,7,Team_Proprietary,1,61.87,11.81,0,134,
7.5,B9,Giggs,11,Team_Proprietary,1,59.32,57.45,0,134,
7.5,B10,Henry,14,Team_Proprietary,1,35.94,28.82,0,129,
7.5,B11,Rooney,10,Team_Proprietary,1,33.05,38.08,0,132,
7.5,ball,Ball,,BALL,1,61.88,39.12,0,,
8.0,A1,Buffon,1,Team_OpenSource,1,5.82,34.88,0,127,
8.0,A2,Cafu,2,Team_OpenSource,1,23.91,8.96,0,126,
8.0,A3,Maldini,3,Team_OpenSource,1,18.0,23.0,0,134,
8.0,A4,Nesta,4,Team_OpenSource,1,18.93,41.88,0,131,
8.0,A5,Carlos,5,Team_OpenSource,1,25.84,58.79,0,122,
8.0,A6,Xavi,6,Team_OpenSource,1,46.98,35.97,0,140,
8.0,A7,Iniesta,8,Team_OpenSource,1,44.42,49.48,0,120,
8.0,A8,Pirlo,21,Team_OpenSource,1,43.67,16.72,0,126,
8.0,A9,Messi,10,Team_OpenSource,1,68.5,13.46,0,121,
8.0,A10,Ronaldo,9,Team_OpenSource,1,73.08,32.09,0,131,
8.0,A11,Ronaldinho,11,Team_OpenSource,1,70.3,53.24,0,124,
8.0,B1,Casillas,1,Team_Proprietary,1,100.82,34.88,0,124,
8.0,B2,Zanetti,2,Team_Proprietary,1,78.91,8.96,0,135,
8.0,B3,Ferdinand,5,Team_Proprietary,1,85.84,25.79,0,125,
8.0,B4,Vidic,15,Team_Proprietary,1,83.31,41.34,0,126,
8.0,B5,Cole,3,Team_Proprietary,1,78.0,56.0,0,135,
8.0,B6,Gerrard,8,Team_Proprietary,1,59.42,24.48,0,134,
8.0,B7,Lampard,4,Team_Proprietary,1,58.93,41.88,0,130,
8.0,B8,Beckham,7,Team_Proprietary,1,61.3,11.34,0,125,
8.0,B9,Giggs,11,Team_Proprietary,1,60.3,58.24,0,126,
8.0,B10,Henry,14,Team_Proprietary,1,34.98,28.04,0,122,
8.0,B11,Rooney,10,Team_Proprietary,1,33.5,38.46,0,139,
8.0,ball,Ball,,BALL,1,62.39,41.76,0,,
8.5,A1,Buffon,1,Team_OpenSource,1,4.85,34.11,0,120,
8.5,A2,Cafu,2,Team_OpenSource,1,23.24,8.38,0,127,
8.5,A3,Maldini,3,Team_OpenSource,1,18.25,23.14,0,122,
8.5,A4,Nesta,4,Team_OpenSource,1,19.87,42.61,0,140,
8.5,A5,Carlos,5,Team_OpenSource,1,26.61,59.44,0,133,
8.5,A6,Xavi,6,Team_OpenSource,1,46.87,35.95,0,140,
8.5,A7,Iniesta,8,Team_OpenSource,1,43.58,48.77,0,140,
8.5,A8,Pirlo,21,Team_OpenSource,1,43.12,16.22,0,135,
8.5,A9,Messi,10,Team_OpenSource,1,69.32,14.08,0,135,
8.5,A10,Ronaldo,9,Team_OpenSource,1,73.05,32.01,0,128,
8.5,A11,Ronaldinho,11,Team_OpenSource,1,71.21,54.0,0,120,
8.5,B1,Casillas,1,Team_Proprietary,1,99.85,34.11,0,123,
8.5,B2,Zanetti,2,Team_Proprietary,1,78.24,8.38,0,124,
8.5,B3,Ferdinand,5,Team_Proprietary,1,86.61,26.44,0,127,
8.5,B4,Vidic,15,Team_Proprietary,1,83.0,41.04,0,135,
8.5,B5,Cole,3,Team_Proprietary,1,78.25,56.14,0,135,
8.5,B6,Gerrard,8,Team_Proprietary,1,58.58,23.77,0,126,
8.5,B7,Lampard,4,Team_Proprietary,1,59.87,42.61,0,132,
8.5,B8,Beckham,7,Team_Proprietary,1,60.41,10.66,0,123,
8.5,B9,Giggs,11,Team_Proprietary,1,61.21,59.0,0,137,
8.5,B10,Henry,14,Team_Proprietary,1,34.03,27.26,0,120,
8.5,B11,Rooney,10,Team_Proprietary,1,34.32,39.08,0,136,
8.5,ball,Ball,,BALL,1,60.48,43.45,0,,
9.0,A1,Buffon,1,Team_OpenSource,1,3.91,33.32,0,126,
9.0,A2,Cafu,2,Team_OpenSource,1,23.0,8.05,0,126,
9.0,A3,Maldini,3,Team_OpenSource,1,18.93,23.57,0,138,
9.0,A4,Nesta,4,Team_OpenSource,1,20.84,43.41,0,126,
9.0,A5,Carlos,5,Team_OpenSource,1,26.98,59.87,0,139,
9.0,A6,Xavi,6,Team_OpenSource,1,46.3,35.61,0,140,
9.0,A7,Iniesta,8,Team_OpenSource,1,43.08,48.25,0,136,
9.0,A8,Pirlo,21,Team_OpenSource,1,43.02,16.01,0,138,
9.0,A9,Messi,10,Team_OpenSource,1,70.3,14.84,0,125,
9.0,A10,Ronaldo,9,Team_OpenSource,1,73.5,32.24,0,132,
9.0,A11,Ronaldinho,11,Team_OpenSource,1,71.83,54.59,0,127,
9.0,B1,Casillas,1,Team_Proprietary,1,98.91,33.32,0,121,
9.0,B2,Zanetti,2,Team_Proprietary,1,78.0,8.05,0,124,
9.0,B3,Ferdinand,5,Team_Proprietary,1,86.98,26.87,0,127,
9.0,B4,Vidic,15,Team_Proprietary,1,83.19,41.04,0,132,
9.0,B5,Cole,3,Team_Proprietary,1,78.93,56.57,0,123,
9.0,B6,Gerrard,8,Team_Proprietary,1,58.08,23.25,0,131,
9.0,B7,Lampard,4,Team_Proprietary,1,60.84,43.41,0,122,
9.0,B8,Beckham,7,Team_Proprietary,1,59.42,9.87,0,129,
9.0,B9,Giggs,11,Team_Proprietary,1,61.83,59.59,0,134,
9.0,B10,Henry,14,Team_Proprietary,1,33.31,26.59,0,129,
9.0,B11,Rooney,10,Team_Proprietary,1,35.3,39.84,0,123,
9.0,ball,Ball,,BALL,1,56.62,44.0,0,,
9.5,A1,Buffon,1,Team_OpenSource,1,3.24,32.64,0,128,
9.5,A2,Cafu,2,Team_OpenSource,1,23.25,8.03,0,134,
9.5,A3,Maldini,3,Team_OpenSource,1,19.87,24.23,0,121,
9.5,A4,Nesta,4,Team_OpenSource,1,21.61,44.14,0,126,
9.5,A5,Carlos,5,Team_OpenSource,1,26.87,60.0,0,130,
9.5,A6,Xavi,6,Team_OpenSource,1,45.41,35.02,0,121,
9.5,A7,Iniesta,8,Team_OpenSource,1,43.05,48.01,0,130,
9.5,A8,Pirlo,21,Team_OpenSource,1,43.41,16.11,0,123,
9.5,A9,Messi,10,Team_OpenSource,1,71.21,15.63,0,136,
9.5,A10,Ronaldo,9,Team_OpenSource,1,74.32,32.74,0,131,
9.5,A11,Ronaldinho,11,Team_OpenSource,1,71.99,54.94,0,126,
9.5,B1,Casillas,1,Team_Proprietary,1,98.24,32.64,0,135,
9.5,B2,Zanetti,2,Team_Proprietary,1,78.25,8.03,0,131,
9.5,B3,Ferdinand,5,Team_Proprietary,1,86.87,27.0,0,127,
9.5,B4,Vidic,15,Team_Proprietary,1,83.82,41.36,0,124,
9.5,B5,Cole,3,Team_Proprietary,1,79.87,57.23,0,136,
9.5,B6,Gerrard,8,Team_Proprietary,1,58.05,23.01,0,120,
9.5,B7,Lampard,4,Team_Proprietary,1,61.61,44.14,0,139,
9.5,B8,Beckham,7,Team_Proprietary,1,58.58,9.11,0,135,
9.5,B9,Giggs,11,Team_Proprietary,1,61.99,59.94,0,129,
9.5,B10,Henry,14,Team_Proprietary,1,33.0,26.15,0,134,
9.5,B11,Rooney,10,Team_Proprietary,1,36.21,40.63,0,129,
9.5,ball,Ball,,BALL,1,51.75,43.33,0,,
10.0,A1,Buffon,1,Team_OpenSource,1,3.24,32.64,0,133,
10.0,A2,Cafu,2,Team_OpenSource,1,23.25,8.03,0,130,
10.0,A3,Maldini,3,Team_OpenSource,1,19.87,24.23,0,127,
10.0,A4,Nesta,4,Team_OpenSource,1,21.61,44.14,0,130,
10.0,A5,Carlos,5,Team_OpenSource,1,26.87,60.0,0,130,
10.0,A6,Xavi,6,Team_OpenSource,1,47.6,34.97,0,131,
10.0,A7,Iniesta,8,Team_OpenSource,1,43.05,48.01,0,137,
10.0,A8,Pirlo,21,Team_OpenSource,1,43.41,16.11,0,129,
10.0,A9,Messi,10,Team_OpenSource,1,71.21,15.63,0,120,
10.0,A10,Ronaldo,9,Team_OpenSource,1,75.46,32.81,0,137,
10.0,A11,Ronaldinho,11,Team_OpenSource,1,71.99,54.94,0,129,
10.0,B1,Casillas,1,Team_Proprietary,1,98.24,32.64,0,126,
10.0,B2,Zanetti,2,Team_Proprietary,1,78.25,8.03,0,132,
10.0,B3,Ferdinand,5,Team_Proprietary,1,86.87,27.0,0,125,
10.0,B4,Vidic,15,Team_Proprietary,1,83.82,41.36,0,121,
10.0,B5,Cole,3,Team_Proprietary,1,79.87,57.23,0,122,
10.0,B6,Gerrard,8,Team_Proprietary,1,58.05,23.01,0,138,
10.0,B7,Lampard,4,Team_Proprietary,1,61.61,44.14,0,129,
10.0,B8,Beckham,7,Team_Proprietary,1,58.58,9.11,0,129,
10.0,B9,Giggs,11,Team_Proprietary,1,61.99,59.94,0,126,
10.0,B10,Henry,14,Team_Proprietary,1,33.0,26.15,0,139,
10.0,B11,Rooney,10,Team_Proprietary,1,36.21,40.63,0,121,
10.0,ball,Ball,,BALL,1,48.6,34.97,0,,
10.5,A1,Buffon,1,Team_OpenSource,1,3.24,32.64,0,120,
10.5,A2,Cafu,2,Team_OpenSource,1,23.25,8.03,0,133,
10.5,A3,Maldini,3,Team_OpenSource,1,19.87,24.23,0,120,
10.5,A4,Nesta,4,Team_OpenSource,1,21.61,44.14,0,126,
10.5,A5,Carlos,5,Team_OpenSource,1,26.87,60.0,0,126,
10.5,A6,Xavi,6,Team_OpenSource,1,49.69,34.92,0,136,
10.5,A7,Iniesta,8,Team_OpenSource,1,43.05,48.01,0,137,
10.5,A8,Pirlo,21,Team_OpenSource,1,43.41,16.11,0,127,
10.5,A9,Messi,10,Team_OpenSource,1,71.21,15.63,0,122,
10.5,A10,Ronaldo,9,Team_OpenSource,1,76.54,32.87,0,126,
10.5,A11,Ronaldinho,11,Team_OpenSource,1,71.99,54.94,0,132,
10.5,B1,Casillas,1,Team_Proprietary,1,98.24,32.64,0,140,
10.5,B2,Zanetti,2,Team_Proprietary,1,78.25,8.03,0,130,
10.5,B3,Ferdinand,5,Team_Proprietary,1,86.87,27.0,0,121,
10.5,B4,Vidic,15,Team_Proprietary,1,83.82,41.36,0,121,
10.5,B5,Cole,3,Team_Proprietary,1,79.87,57.23,0,137,
10.5,B6,Gerrard,8,Team_Proprietary,1,58.05,23.01,0,130,
10.5,B7,Lampard,4,Team_Proprietary,1,61.61,44.14,0,139,
10.5,B8,Beckham,7,Team_Proprietary,1,58.58,9.11,0,134,
10.5,B9,Giggs,11,Team_Proprietary,1,61.99,59.94,0,140,
10.5,B10,Henry,14,Team_Proprietary,1,33.0,26.15,0,122,
10.5,B11,Rooney,10,Team_Proprietary,1,36.21,40.63,0,128,
10.5,ball,Ball,,BALL,1,50.69,34.92,0,,
11.0,A1,Buffon,1,Team_OpenSource,1,3.24,32.64,0,127,
11.0,A2,Cafu,2,Team_OpenSource,1,23.25,8.03,0,124,
11.0,A3,Maldini,3,Team_OpenSource,1,19.87,24.23,0,139,
11.0,A4,Nesta,4,Team_OpenSource,1,21.61,44.14,0,125,
11.0,A5,Carlos,5,Team_OpenSource,1,26.87,60.0,0,132,
11.0,A6,Xavi,6,Team_OpenSource,1,51.67,34.88,0,121,
11.0,A7,Iniesta,8,Team_OpenSource,1,43.05,48.01,0,124,
11.0,A8,Pirlo,21,Team_OpenSource,1,43.41,16.11,0,138,
11.0,A9,Messi,10,Team_OpenSource,1,71.21,15.63,0,134,
11.0,A10,Ronaldo,9,Team_OpenSource,1,77.57,32.92,0,137,
11.0,A11,Ronaldinho,11,Team_OpenSource,1,71.99,54.94,0,121,
11.0,B1,Casillas,1,Team_Proprietary,1,98.24,32.64,0,128,
11.0,B2,Zanetti,2,Team_Proprietary,1,78.25,8.03,0,124,
11.0,B3,Ferdinand,5,Team_Proprietary,1,86.87,27.0,0,140,
11.0,B4,Vidic,15,Team_Proprietary,1,83.82,41.36,0,139,
11.0,B5,Cole,3,Team_Proprietary,1,79.87,57.23,0,134,
11.0,B6,Gerrard,8,Team_Proprietary,1,58.05,23.01,0,131,
11.0,B7,Lampard,4,Team_Proprietary,1,61.61,44.14,0,134,
11.0,B8,Beckham,7,Team_Proprietary,1,58.58,9.11,0,138,
11.0,B9,Giggs,11,Team_Proprietary,1,61.99,59.94,0,137,
11.0,B10,Henry,14,Team_Proprietary,1,33.0,26.15,0,122,
11.0,B11,Rooney,10,Team_Proprietary,1,36.21,40.63,0,140,
11.0,ball,Ball,,BALL,1,52.67,34.88,0,,
11.5,A1,Buffon,1,Team_OpenSource,1,3.24,32.64,0,135,
11.5,A2,Cafu,2,Team_OpenSource,1,23.25,8.03,0,129,
11.5,A3,Maldini,3,Team_OpenSource,1,19.87,24.23,0,127,
11.5,A4,Nesta,4,Team_OpenSource,1,21.61,44.14,0,127,
11.5,A5,Carlos,5,Team_OpenSource,1,26.87,60.0,0,120,
11.5,A6,Xavi,6,Team_OpenSource,1,51.67,34.88,0,122,
11.5,A7,Iniesta,8,Team_OpenSource,1,43.05,48.01,0,126,
11.5,A8,Pirlo,21,Team_OpenSource,1,43.41,16.11,0,140,
11.5,A9,Messi,10,Team_OpenSource,1,71.21,15.63,0,121,
11.5,A10,Ronaldo,9,Team_OpenSource,1,77.57,32.92,0,127,
11.5,A11,Ronaldinho,11,Team_OpenSource,1,71.99,54.94,0,132,
11.5,B1,Casillas,1,Team_Proprietary,1,98.24,32.64,0,133,
11.5,B2,Zanetti,2,Team_Proprietary,1,78.25,8.03,0,127,
11.5,B3,Ferdinand,5,Team_Proprietary,1,86.87,27.0,0,133,
11.5,B4,Vidic,15,Team_Proprietary,1,83.82,41.36,0,139,
11.5,B5,Cole,3,Team_Proprietary,1,79.87,57.23,0,133,
11.5,B6,Gerrard,8,Team_Proprietary,1,58.05,23.01,0,121,
11.5,B7,Lampard,4,Team_Proprietary,1,61.61,44.14,0,138,
11.5,B8,Beckham,7,Team_Proprietary,1,58.58,9.11,0,134,
11.5,B9,Giggs,11,Team_Proprietary,1,61.99,59.94,0,130,
11.5,B10,Henry,14,Team_Proprietary,1,33.0,26.15,0,124,
11.5,B11,Rooney,10,Team_Proprietary,1,36.21,40.63,0,121,
11.5,ball,Ball,,BALL,1,57.65,34.49,0,,
12.0,A1,Buffon,1,Team_OpenSource,1,3.24,32.64,0,138,
12.0,A2,Cafu,2,Team_OpenSource,1,23.25,8.03,0,122,
12.0,A3,Maldini,3,Team_OpenSource,1,19.87,24.23,0,126,
12.0,A4,Nesta,4,Team_OpenSource,1,21.61,44.14,0,123,
12.0,A5,Carlos,5,Team_OpenSource,1,26.87,60.0,0,133,
12.0,A6,Xavi,6,Team_OpenSource,1,51.67,34.88,0,123,
12.0,A7,Iniesta,8,Team_OpenSource,1,43.05,48.01,0,132,
12.0,A8,Pirlo,21,Team_OpenSource,1,43.41,16.11,0,134,
12.0,A9,Messi,10,Team_OpenSource,1,71.21,15.63,0,133,
12.0,A10,Ronaldo,9,Team_OpenSource,1,77.57,32.92,0,125,
12.0,A11,Ronaldinho,11,Team_OpenSource,1,71.99,54.94,0,138,
12.0,B1,Casillas,1,Team_Proprietary,1,98.24,32.64,0,132,
12.0,B2,Zanetti,2,Team_Proprietary,1,78.25,8.03,0,120,
12.0,B3,Ferdinand,5,Team_Proprietary,1,86.87,27.0,0,135,
12.0,B4,Vidic,15,Team_Proprietary,1,83.82,41.36,0,122,
12.0,B5,Cole,3,Team_Proprietary,1,79.87,57.23,0,132,
12.0,B6,Gerrard,8,Team_Proprietary,1,58.05,23.01,0,137,
12.0,B7,Lampard,4,Team_Proprietary,1,61.61,44.14,0,125,
12.0,B8,Beckham,7,Team_Proprietary,1,58.58,9.11,0,133,
12.0,B9,Giggs,11,Team_Proprietary,1,61.99,59.94,0,134,
12.0,B10,Henry,14,Team_Proprietary,1,33.0,26.15,0,131,
12.0,B11,Rooney,10,Team_Proprietary,1,36.21,40.63,0,134,
12.0,ball,Ball,,BALL,1,61.63,34.17,0,,
12.5,A1,Buffon,1,Team_OpenSource,1,3.24,32.64,0,130,
12.5,A2,Cafu,2,Team_OpenSource,1,23.25,8.03,0,124,
12.5,A3,Maldini,3,Team_OpenSource,1,19.87,24.23,0,122,
12.5,A4,Nesta,4,Team_OpenSource,1,21.61,44.14,0,128,
12.5,A5,Carlos,5,Team_OpenSource,1,26.87,60.0,0,124,
12.5,A6,Xavi,6,Team_OpenSource,1,51.67,34.88,0,127,
12.5,A7,Iniesta,8,Team_OpenSource,1,43.05,48.01,0,138,
12.5,A8,Pirlo,21,Team_OpenSource,1,43.41,16.11,0,122,
12.5,A9,Messi,10,Team_OpenSource,1,71.21,15.63,0,140,
12.5,A10,Ronaldo,9,Team_OpenSource,1,79.47,33.03,0,140,
12.5,A11,Ronaldinho,11,Team_OpenSource,1,71.99,54.94,0,130,
12.5,B1,Casillas,1,Team_Proprietary,1,98.24,32.64,0,140,
12.5,B2,Zanetti,2,Team_Proprietary,1,78.25,8.03,0,127,
12.5,B3,Ferdinand,5,Team_Proprietary,1,86.87,27.0,0,137,
12.5,B4,Vidic,15,Team_Proprietary,1,83.82,41.36,0,128,
12.5,B5,Cole,3,Team_Proprietary,1,79.87,57.23,0,122,
12.5,B6,Gerrard,8,Team_Proprietary,1,58.05,23.01,0,120,
12.5,B7,Lampard,4,Team_Proprietary,1,61.61,44.14,0,125,
12.5,B8,Beckham,7,Team_Proprietary,1,58.58,9.11,0,133,
12.5,B9,Giggs,11,Team_Proprietary,1,61.99,59.94,0,133,
12.5,B10,Henry,14,Team_Proprietary,1,33.0,26.15,0,134,
12.5,B11,Rooney,10,Team_Proprietary,1,36.21,40.63,0,140,
12.5,ball,Ball,,BALL,1,80.47,33.03,0,,
13.0,A1,Buffon,1,Team_OpenSource,1,3.24,32.64,0,128,
13.0,A2,Cafu,2,Team_OpenSource,1,23.25,8.03,0,122,
13.0,A3,Maldini,3,Team_OpenSource,1,19.87,24.23,0,131,
13.0,A4,Nesta,4,Team_OpenSource,1,21.61,44.14,0,131,
13.0,A5,Carlos,5,Team_OpenSource,1,26.87,60.0,0,128,
13.0,A6,Xavi,6,Team_OpenSource,1,51.67,34.88,0,129,
13.0,A7,Iniesta,8,Team_OpenSource,1,43.05,48.01,0,131,
13.0,A8,Pirlo,21,Team_OpenSource,1,43.41,16.11,0,123,
13.0,A9,Messi,10,Team_OpenSource,1,71.21,15.63,0,133,
13.0,A10,Ronaldo,9,Team_OpenSource,1,81.18,33.13,0,121,
13.0,A11,Ronaldinho,11,Team_OpenSource,1,71.99,54.94,0,124,
13.0,B1,Casillas,1,Team_Proprietary,1,98.24,32.64,0,138,
13.0,B2,Zanetti,2,Team_Proprietary,1,78.25,8.03,0,129,
13.0,B3,Ferdinand,5,Team_Proprietary,1,86.87,27.0,0,131,
13.0,B4,Vidic,15,Team_Proprietary,1,83.82,41.36,0,126,
13.0,B5,Cole,3,Team_Proprietary,1,79.87,57.23,0,127,
13.0,B6,Gerrard,8,Team_Proprietary,1,58.05,23.01,0,132,
13.0,B7,Lampard,4,Team_Proprietary,1,61.61,44.14,0,127,
13.0,B8,Beckham,7,Team_Proprietary,1,58.58,9.11,0,124,
13.0,B9,Giggs,11,Team_Proprietary,1,61.99,59.94,0,133,
13.0,B10,Henry,14,Team_Proprietary,1,33.0,26.15,0,129,
13.0,B11,Rooney,10,Team_Proprietary,1,36.21,40.63,0,137,
13.0,ball,Ball,,BALL,1,82.18,33.13,0,,
13.5,A1,Buffon,1,Team_OpenSource,1,3.24,32.64,0,132,
13.5,A2,Cafu,2,Team_OpenSource,1,23.25,8.03,0,136,
13.5,A3,Maldini,3,Team_OpenSource,1,19.87,24.23,0,129,
13.5,A4,Nesta,4,Team_OpenSource,1,21.61,44.14,0,126,
13.5,A5,Carlos,5,Team_OpenSource,1,26.87,60.0,0,135,
13.5,A6,Xavi,6,Team_OpenSource,1,51.67,34.88,0,128,
13.5,A7,Iniesta,8,Team_OpenSource,1,43.05,48.01,0,124,
13.5,A8,Pirlo,21,Team_OpenSource,1,43.41,16.11,0,123,
13.5,A9,Messi,10,Team_OpenSource,1,71.21,15.63,0,126,
13.5,A10,Ronaldo,9,Team_OpenSource,1,81.18,33.13,0,137,
13.5,A11,Ronaldinho,11,Team_OpenSource,1,71.99,54.94,0,136,
13.5,B1,Casillas,1,Team_Proprietary,1,98.24,32.64,0,135,
13.5,B2,Zanetti,2,Team_Proprietary,1,78.25,8.03,0,130,
13.5,B3,Ferdinand,5,Team_Proprietary,1,86.87,27.0,0,132,
13.5,B4,Vidic,15,Team_Proprietary,1,83.82,41.36,0,134,
13.5,B5,Cole,3,Team_Proprietary,1,79.87,57.23,0,135,
13.5,B6,Gerrard,8,Team_Proprietary,1,58.05,23.01,0,128,
13.5,B7,Lampard,4,Team_Proprietary,1,61.61,44.14,0,138,
13.5,B8,Beckham,7,Team_Proprietary,1,58.58,9.11,0,134,
13.5,B9,Giggs,11,Team_Proprietary,1,61.99,59.94,0,129,
13.5,B10,Henry,14,Team_Proprietary,1,33.0,26.15,0,138,
13.5,B11,Rooney,10,Team_Proprietary,1,36.21,40.63,0,140,
13.5,ball,Ball,,BALL,1,89.03,33.11,0,,
14.0,A1,Buffon,1,Team_OpenSource,1,3.24,32.64,0,123,
14.0,A2,Cafu,2,Team_OpenSource,1,23.25,8.03,0,121,
14.0,A3,Maldini,3,Team_OpenSource,1,19.87,24.23,0,138,
14.0,A4,Nesta,4,Team_OpenSource,1,21.61,44.14,0,122,
14.0,A5,Carlos,5,Team_OpenSource,1,26.87,60.0,0,134,
14.0,A6,Xavi,6,Team_OpenSource,1,51.67,34.88,0,133,
14.0,A7,Iniesta,8,Team_OpenSource,1,43.05,48.01,0,129,
14.0,A8,Pirlo,21,Team_OpenSource,1,43.41,16.11,0,133,
14.0,A9,Messi,10,Team_OpenSource,1,71.21,15.63,0,133,
14.0,A10,Ronaldo,9,Team_OpenSource,1,81.18,33.13,0,122,
14.0,A11,Ronaldinho,11,Team_OpenSource,1,71.99,54.94,0,139,
14.0,B1,Casillas,1,Team_Proprietary,1,98.24,32.64,0,137,
14.0,B2,Zanetti,2,Team_Proprietary,1,78.25,8.03,0,140,
14.0,B3,Ferdinand,5,Team_Proprietary,1,86.87,27.0,0,124,
14.0,B4,Vidic,15,Team_Proprietary,1,83.82,41.36,0,132,
14.0,B5,Cole,3,Team_Proprietary,1,79.87,57.23,0,138,
14.0,B6,Gerrard,8,Team_Proprietary,1,58.05,23.01,0,133,
14.0,B7,Lampard,4,Team_Proprietary,1,61.61,44.14,0,129,
14.0,B8,Beckham,7,Team_Proprietary,1,58.58,9.11,0,138,
14.0,B9,Giggs,11,Team_Proprietary,1,61.99,59.94,0,125,
14.0,B10,Henry,14,Team_Proprietary,1,33.0,26.15,0,133,
14.0,B11,Rooney,10,Team_Proprietary,1,36.21,40.63,0,135,
14.0,ball,Ball,,BALL,1,93.82,33.94,0,,
14.5,A1,Buffon,1,Team_OpenSource,1,3.24,32.64,0,123,
14.5,A2,Cafu,2,Team_OpenSource,1,23.25,8.03,0,124,
14.5,A3,Maldini,3,Team_OpenSource,1,19.87,24.23,0,139,
14.5,A4,Nesta,4,Team_OpenSource,1,21.61,44.14,0,125,
14.5,A5,Carlos,5,Team_OpenSource,1,26.87,60.0,0,124,
14.5,A6,Xavi,6,Team_OpenSource,1,51.67,34.88,0,130,
14.5,A7,Iniesta,8,Team_OpenSource,1,43.05,48.01,0,133,
14.5,A8,Pirlo,21,Team_OpenSource,1,43.41,16.11,0,130,
14.5,A9,Messi,10,Team_OpenSource,1,71.21,15.63,0,132,
14.5,A10,Ronaldo,9,Team_OpenSource,1,81.18,33.13,0,134,
14.5,A11,Ronaldinho,11,Team_OpenSource,1,71.99,54.94,0,138,
14.5,B1,Casillas,1,Team_Proprietary,1,98.24,32.64,0,140,
14.5,B2,Zanetti,2,Team_Proprietary,1,78.25,8.03,0,133,
14.5,B3,Ferdinand,5,Team_Proprietary,1,86.87,27.0,0,128,
14.5,B4,Vidic,15,Team_Proprietary,1,83.82,41.36,0,127,
14.5,B5,Cole,3,Team_Proprietary,1,79.87,57.23,0,137,
14.5,B6,Gerrard,8,Team_Proprietary,1,58.05,23.01,0,132,
14.5,B7,Lampard,4,Team_Proprietary,1,61.61,44.14,0,127,
14.5,B8,Beckham,7,Team_Proprietary,1,58.58,9.11,0,138,
14.5,B9,Giggs,11,Team_Proprietary,1,61.99,59.94,0,138,
14.5,B10,Henry,14,Team_Proprietary,1,33.0,26.15,0,127,
14.5,B11,Rooney,10,Team_Proprietary,1,36.21,40.63,0,131,
14.5,ball,Ball,,BALL,1,97.17,34.53,0,,
15.0,A1,Buffon,1,Team_OpenSource,1,3.24,32.64,0,123,
15.0,A2,Cafu,2,Team_OpenSource,1,23.25,8.03,0,127,
15.0,A3,Maldini,3,Team_OpenSource,1,19.87,24.23,0,131,
15.0,A4,Nesta,4,Team_OpenSource,1,21.61,44.14,0,126,
15.0,A5,Carlos,5,Team_OpenSource,1,26.87,60.0,0,120,
15.0,A6,Xavi,6,Team_OpenSource,1,51.67,34.88,0,139,
15.0,A7,Iniesta,8,Team_OpenSource,1,43.05,48.01,0,137,
15.0,A8,Pirlo,21,Team_OpenSource,1,43.41,16.11,0,129,
15.0,A9,Messi,10,Team_OpenSource,1,71.21,15.63,0,120,
15.0,A10,Ronaldo,9,Team_OpenSource,1,81.18,33.13,0,123,
15.0,A11,Ronaldinho,11,Team_OpenSource,1,71.99,54.94,0,134,
15.0,B1,Casillas,1,Team_Proprietary,1,98.24,32.64,0,125,
15.0,B2,Zanetti,2,Team_Proprietary,1,78.25,8.03,0,122,
15.0,B3,Ferdinand,5,Team_Proprietary,1,86.87,27.0,0,129,
15.0,B4,Vidic,15,Team_Proprietary,1,83.82,41.36,0,136,
15.0,B5,Cole,3,Team_Proprietary,1,79.87,57.23,0,130,
15.0,B6,Gerrard,8,Team_Proprietary,1,58.05,23.01,0,126,
15.0,B7,Lampard,4,Team_Proprietary,1,61.61,44.14,0,127,
15.0,B8,Beckham,7,Team_Proprietary,1,58.58,9.11,0,138,
15.0,B9,Giggs,11,Team_Proprietary,1,61.99,59.94,0,126,
15.0,B10,Henry,14,Team_Proprietary,1,33.0,26.15,0,122,
15.0,B11,Rooney,10,Team_Proprietary,1,36.21,40.63,0,139,
15.0,ball,Ball,,BALL,1,99.52,33.87,0,,
15.5,A1,Buffon,1,Team_OpenSource,1,3.24,32.64,0,126,
15.5,A2,Cafu,2,Team_OpenSource,1,23.25,8.03,0,133,
15.5,A3,Maldini,3,Team_OpenSource,1,19.87,24.23,0,139,
15.5,A4,Nesta,4,Team_OpenSource,1,21.61,44.14,0,125,
15.5,A5,Carlos,5,Team_OpenSource,1,26.87,60.0,0,139,
15.5,A6,Xavi,6,Team_OpenSource,1,51.67,34.88,0,129,
15.5,A7,Iniesta,8,Team_OpenSource,1,43.05,48.01,0,129,
15.5,A8,Pirlo,21,Team_OpenSource,1,43.41,16.11,0,126,
15.5,A9,Messi,10,Team_OpenSource,1,71.21,15.63,0,134,
15.5,A10,Ronaldo,9,Team_OpenSource,1,81.18,33.13,0,127,
15.5,A11,Ronaldinho,11,Team_OpenSource,1,71.99,54.94,0,137,
15.5,B1,Casillas,1,Team_Proprietary,1,98.24,32.64,0,139,
15.5,B2,Zanetti,2,Team_Proprietary,1,78.25,8.03,0,138,
15.5,B3,Ferdinand,5,Team_Proprietary,1,86.87,27.0,0,137,
15.5,B4,Vidic,15,Team_Proprietary,1,83.82,41.36,0,124,
15.5,B5,Cole,3,Team_Proprietary,1,79.87,57.23,0,136,
15.5,B6,Gerrard,8,Team_Proprietary,1,58.05,23.01,0,131,
15.5,B7,Lampard,4,Team_Proprietary,1,61.61,44.14,0,131,
15.5,B8,Beckham,7,Team_Proprietary,1,58.58,9.11,0,129,
15.5,B9,Giggs,11,Team_Proprietary,1,61.99,59.94,0,128,
15.5,B10,Henry,14,Team_Proprietary,1,33.0,26.15,0,128,
15.5,B11,Rooney,10,Team_Proprietary,1,36.21,40.63,0,123,
15.5,ball,Ball,,BALL,1,101.17,33.93,0,,
16.0,A1,Buffon,1,Team_OpenSource,1,3.24,32.64,0,121,
16.0,A2,Cafu,2,Team_OpenSource,1,23.25,8.03,0,138,
16.0,A3,Maldini,3,Team_OpenSource,1,19.87,24.23,0,134,
16.0,A4,Nesta,4,Team_OpenSource,1,21.61,44.14,0,132,
16.0,A5,Carlos,5,Team_OpenSource,1,26.87,60.0,0,127,
16.0,A6,Xavi,6,Team_OpenSource,1,51.67,34.88,0,123,
16.0,A7,Iniesta,8,Team_OpenSource,1,43.05,48.01,0,120,
16.0,A8,Pirlo,21,Team_OpenSource,1,43.41,16.11,0,137,
16.0,A9,Messi,10,Team_OpenSource,1,71.21,15.63,0,120,
16.0,A10,Ronaldo,9,Team_OpenSource,1,81.18,33.13,0,128,
16.0,A11,Ronaldinho,11,Team_OpenSource,1,71.99,54.94,0,126,
16.0,B1,Casillas,1,Team_Proprietary,1,98.24,32.64,0,129,
16.0,B2,Zanetti,2,Team_Proprietary,1,78.25,8.03,0,138,
16.0,B3,Ferdinand,5,Team_Proprietary,1,86.87,27.0,0,120,
16.0,B4,Vidic,15,Team_Proprietary,1,83.82,41.36,0,122,
16.0,B5,Cole,3,Team_Proprietary,1,79.87,57.23,0,139,
16.0,B6,Gerrard,8,Team_Proprietary,1,58.05,23.01,0,138,
16.0,B7,Lampard,4,Team_Proprietary,1,61.61,44.14,0,137,
16.0,B8,Beckham,7,Team_Proprietary,1,58.58,9.11,0,133,
16.0,B9,Giggs,11,Team_Proprietary,1,61.99,59.94,0,139,
16.0,B10,Henry,14,Team_Proprietary,1,33.0,26.15,0,139,
16.0,B11,Rooney,10,Team_Proprietary,1,36.21,40.63,0,139,
16.0,ball,Ball,,BALL,1,102.32,33.31,0,,
16.5,A1,Buffon,1,Team_OpenSource,1,3.24,32.64,0,124,
16.5,A2,Cafu,2,Team_OpenSource,1,23.25,8.03,0,138,
16.5,A3,Maldini,3,Team_OpenSource,1,19.87,24.23,0,137,
16.5,A4,Nesta,4,Team_OpenSource,1,21.61,44.14,0,132,
16.5,A5,Carlos,5,Team_OpenSource,1,26.87,60.0,0,137,
16.5,A6,Xavi,6,Team_OpenSource,1,51.67,34.88,0,123,
16.5,A7,Iniesta,8,Team_OpenSource,1,43.05,48.01,0,122,
16.5,A8,Pirlo,21,Team_OpenSource,1,43.41,16.11,0,131,
16.5,A9,Messi,10,Team_OpenSource,1,71.21,15.63,0,138,
16.5,A10,Ronaldo,9,Team_OpenSource,1,81.18,33.13,0,130,
16.5,A11,Ronaldinho,11,Team_OpenSource,1,71.99,54.94,0,120,
16.5,B1,Casillas,1,Team_Proprietary,1,98.24,32.64,0,123,
16.5,B2,Zanetti,2,Team_Proprietary,1,78.25,8.03,0,123,
16.5,B3,Ferdinand,5,Team_Proprietary,1,86.87,27.0,0,120,
16.5,B4,Vidic,15,Team_Proprietary,1,83.82,41.36,0,132,
16.5,B5,Cole,3,Team_Proprietary,1,79.87,57.23,0,122,
16.5,B6,Gerrard,8,Team_Proprietary,1,58.05,23.01,0,139,
16.5,B7,Lampard,4,Team_Proprietary,1,61.61,44.14,0,128,
16.5,B8,Beckham,7,Team_Proprietary,1,58.58,9.11,0,124,
16.5,B9,Giggs,11,Team_Proprietary,1,61.99,59.94,0,121,
16.5,B10,Henry,14,Team_Proprietary,1,33.0,26.15,0,122,
16.5,B11,Rooney,10,Team_Proprietary,1,36.21,40.63,0,125,
16.5,ball,Ball,,BALL,1,103.12,32.93,0,,
17.0,A1,Buffon,1,Team_OpenSource,1,3.24,32.64,0,127,
17.0,A2,Cafu,2,Team_OpenSource,1,23.25,8.03,0,136,
17.0,A3,Maldini,3,Team_OpenSource,1,19.87,24.23,0,132,
17.0,A4,Nesta,4,Team_OpenSource,1,21.61,44.14,0,132,
17.0,A5,Carlos,5,Team_OpenSource,1,26.87,60.0,0,121,
17.0,A6,Xavi,6,Team_OpenSource,1,51.67,34.88,0,140,
17.0,A7,Iniesta,8,Team_OpenSource,1,43.05,48.01,0,130,
17.0,A8,Pirlo,21,Team_OpenSource,1,43.41,16.11,0,120,
17.0,A9,Messi,10,Team_OpenSource,1,71.21,15.63,0,131,
17.0,A10,Ronaldo,9,Team_OpenSource,1,81.18,33.13,0,135,
17.0,A11,Ronaldinho,11,Team_OpenSource,1,71.99,54.94,0,130,
17.0,B1,Casillas,1,Team_Proprietary,1,98.24,32.64,0,124,
17.0,B2,Zanetti,2,Team_Proprietary,1,78.25,8.03,0,121,
17.0,B3,Ferdinand,5,Team_Proprietary,1,86.87,27.0,0,122,
17.0,B4,Vidic,15,Team_Proprietary,1,83.82,41.36,0,121,
17.0,B5,Cole,3,Team_Proprietary,1,79.87,57.23,0,133,
17.0,B6,Gerrard,8,Team_Proprietary,1,58.05,23.01,0,140,
17.0,B7,Lampard,4,Team_Proprietary,1,61.61,44.14,0,126,
17.0,B8,Beckham,7,Team_Proprietary,1,58.58,9.11,0,126,
17.0,B9,Giggs,11,Team_Proprietary,1,61.99,59.94,0,131,
17.0,B10,Henry,14,Team_Proprietary,1,33.0,26.15,0,139,
17.0,B11,Rooney,10,Team_Proprietary,1,36.21,40.63,0,135,
17.0,ball,Ball,,BALL,1,103.68,33.8,0,,
17.5,A1,Buffon,1,Team_OpenSource,1,3.24,32.64,0,127,goal
17.5,A2,Cafu,2,Team_OpenSource,1,23.25,8.03,0,130,goal
17.5,A3,Maldini,3,Team_OpenSource,1,19.87,24.23,0,137,goal
17.5,A4,Nesta,4,Team_OpenSource,1,21.61,44.14,0,126,goal
17.5,A5,Carlos,5,Team_OpenSource,1,26.87,60.0,0,140,goal
17.5,A6,Xavi,6,Team_OpenSource,1,51.67,34.88,0,126,goal
17.5,A7,Iniesta,8,Team_OpenSource,1,43.05,48.01,0,130,goal
17.5,A8,Pirlo,21,Team_OpenSource,1,43.41,16.11,0,130,goal
17.5,A9,Messi,10,Team_OpenSource,1,71.21,15.63,0,134,goal
17.5,A10,Ronaldo,9,Team_OpenSource,1,81.18,33.13,0,127,goal
17.5,A11,Ronaldinho,11,Team_OpenSource,1,71.99,54.94,0,139,goal
17.5,B1,Casillas,1,Team_Proprietary,1,98.24,32.64,0,124,goal
17.5,B2,Zanetti,2,Team_Proprietary,1,78.25,8.03,0,134,goal
17.5,B3,Ferdinand,5,Team_Proprietary,1,86.87,27.0,0,133,goal
17.5,B4,Vidic,15,Team_Proprietary,1,83.82,41.36,0,124,goal
17.5,B5,Cole,3,Team_Proprietary,1,79.87,57.23,0,136,goal
17.5,B6,Gerrard,8,Team_Proprietary,1,58.05,23.01,0,136,goal
17.5,B7,Lampard,4,Team_Proprietary,1,61.61,44.14,0,122,goal
17.5,B8,Beckham,7,Team_Proprietary,1,58.58,9.11,0,126,goal
17.5,B9,Giggs,11,Team_Proprietary,1,61.99,59.94,0,126,goal
17.5,B10,Henry,14,Team_Proprietary,1,33.0,26.15,0,134,goal
17.5,B11,Rooney,10,Team_Proprietary,1,36.21,40.63,0,125,goal
17.5,ball,Ball,,BALL,1,104.08,34.29,0,,
18.0,A1,Buffon,1,Team_OpenSource,1,3.24,32.64,0,130,
18.0,A2,Cafu,2,Team_OpenSource,1,23.25,8.03,0,140,
18.0,A3,Maldini,3,Team_OpenSource,1,19.87,24.23,0,134,
18.0,A4,Nesta,4,Team_OpenSource,1,21.61,44.14,0,130,
18.0,A5,Carlos,5,Team_OpenSource,1,26.87,60.0,0,125,
18.0,A6,Xavi,6,Team_OpenSource,1,51.67,34.88,0,120,
18.0,A7,Iniesta,8,Team_OpenSource,1,43.05,48.01,0,129,
18.0,A8,Pirlo,21,Team_OpenSource,1,43.41,16.11,0,122,
18.0,A9,Messi,10,Team_OpenSource,1,71.21,15.63,0,135,
18.0,A10,Ronaldo,9,Team_OpenSource,1,80.88,33.13,0,128,
18.0,A11,Ronaldinho,11,Team_OpenSource,1,71.99,54.94,0,127,
18.0,B1,Casillas,1,Team_Proprietary,1,98.24,32.64,0,131,
18.0,B2,Zanetti,2,Team_Proprietary,1,78.25,8.03,0,133,
18.0,B3,Ferdinand,5,Team_Proprietary,1,86.87,27.0,0,132,
18.0,B4,Vidic,15,Team_Proprietary,1,83.82,41.36,0,134,
18.0,B5,Cole,3,Team_Proprietary,1,79.87,57.23,0,125,
18.0,B6,Gerrard,8,Team_Proprietary,1,58.05,23.01,0,137,
18.0,B7,Lampard,4,Team_Proprietary,1,61.61,44.14,0,121,
18.0,B8,Beckham,7,Team_Proprietary,1,58.58,9.11,0,138,
18.0,B9,Giggs,11,Team_Proprietary,1,61.99,59.94,0,132,
18.0,B10,Henry,14,Team_Proprietary,1,33.0,26.15,0,138,
18.0,B11,Rooney,10,Team_Proprietary,1,36.21,40.63,0,135,
18.0,ball,Ball,,BALL,1,104.08,34.29,0,,
18.5,A1,Buffon,1,Team_OpenSource,1,3.24,32.64,0,123,
18.5,A2,Cafu,2,Team_OpenSource,1,23.25,8.03,0,134,
18.5,A3,Maldini,3,Team_OpenSource,1,19.87,24.23,0,122,
18.5,A4,Nesta,4,Team_OpenSource,1,21.61,44.14,0,131,
18.5,A5,Carlos,5,Team_OpenSource,1,26.87,60.0,0,122,
18.5,A6,Xavi,6,Team_OpenSource,1,51.67,34.88,0,123,
18.5,A7,Iniesta,8,Team_OpenSource,1,43.05,48.01,0,128,
18.5,A8,Pirlo,21,Team_OpenSource,1,43.41,16.11,0,124,
18.5,A9,Messi,10,Team_OpenSource,1,71.21,15.63,0,135,
18.5,A10,Ronaldo,9,Team_OpenSource,1,80.58,33.13,0,120,
18.5,A11,Ronaldinho,11,Team_OpenSource,1,71.99,54.94,0,129,
18.5,B1,Casillas,1,Team_Proprietary,1,98.24,32.64,0,120,
18.5,B2,Zanetti,2,Team_Proprietary,1,78.25,8.03,0,124,
18.5,B3,Ferdinand,5,Team_Proprietary,1,86.87,27.0,0,132,
18.5,B4,Vidic,15,Team_Proprietary,1,83.82,41.36,0,120,
18.5,B5,Cole,3,Team_Proprietary,1,79.87,57.23,0,120,
18.5,B6,Gerrard,8,Team_Proprietary,1,58.05,23.01,0,128,
18.5,B7,Lampard,4,Team_Proprietary,1,61.61,44.14,0,129,
18.5,B8,Beckham,7,Team_Proprietary,1,58.58,9.11,0,128,
18.5,B9,Giggs,11,Team_Proprietary,1,61.99,59.94,0,133,
18.5,B10,Henry,14,Team_Proprietary,1,33.0,26.15,0,138,
18.5,B11,Rooney,10,Team_Proprietary,1,36.21,40.63,0,138,
18.5,ball,Ball,,BALL,1,104.08,34.29,0,,
19.0,A1,Buffon,1,Team_OpenSource,1,3.24,32.64,0,120,
19.0,A2,Cafu,2,Team_OpenSource,1,23.25,8.03,0,129,
19.0,A3,Maldini,3,Team_OpenSource,1,19.87,24.23,0,128,
19.0,A4,Nesta,4,Team_OpenSource,1,21.61,44.14,0,127,
19.0,A5,Carlos,5,Team_OpenSource,1,26.87,60.0,0,136,
19.0,A6,Xavi,6,Team_OpenSource,1,51.67,34.88,0,127,
19.0,A7,Iniesta,8,Team_OpenSource,1,43.05,48.01,0,124,
19.0,A8,Pirlo,21,Team_OpenSource,1,43.41,16.11,0,124,
19.0,A9,Messi,10,Team_OpenSource,1,71.21,15.63,0,122,
19.0,A10,Ronaldo,9,Team_OpenSource,1,80.3,33.13,0,135,
19.0,A11,Ronaldinho,11,Team_OpenSource,1,71.99,54.94,0,129,
19.0,B1,Casillas,1,Team_Proprietary,1,98.24,32.64,0,137,
19.0,B2,Zanetti,2,Team_Proprietary,1,78.25,8.03,0,122,
19.0,B3,Ferdinand,5,Team_Proprietary,1,86.87,27.0,0,129,
19.0,B4,Vidic,15,Team_Proprietary,1,83.82,41.36,0,125,
19.0,B5,Cole,3,Team_Proprietary,1,79.87,57.23,0,122,
19.0,B6,Gerrard,8,Team_Proprietary,1,58.05,23.01,0,131,
19.0,B7,Lampard,4,Team_Proprietary,1,61.61,44.14,0,137,
19.0,B8,Beckham,7,Team_Proprietary,1,58.58,9.11,0,127,
19.0,B9,Giggs,11,Team_Proprietary,1,61.99,59.94,0,137,
19.0,B10,Henry,14,Team_Proprietary,1,33.0,26.15,0,123,
19.0,B11,Rooney,10,Team_Proprietary,1,36.21,40.63,0,127,
19.0,ball,Ball,,BALL,1,104.08,34.29,0,,
19.5,A1,Buffon,1,Team_OpenSource,1,3.24,32.64,0,124,
19.5,A2,Cafu,2,Team_OpenSource,1,23.25,8.03,0,136,
19.5,A3,Maldini,3,Team_OpenSource,1,19.87,24.23,0,121,
19.5,A4,Nesta,4,Team_OpenSource,1,21.61,44.14,0,131,
19.5,A5,Carlos,5,Team_OpenSource,1,26.87,60.0,0,135,
19.5,A6,Xavi,6,Team_OpenSource,1,51.67,34.88,0,140,
19.5,A7,Iniesta,8,Team_OpenSource,1,43.05,48.01,0,127,
19.5,A8,Pirlo,21,Team_OpenSource,1,43.41,16.11,0,131,
19.5,A9,Messi,10,Team_OpenSource,1,71.21,15.63,0,122,
19.5,A10,Ronaldo,9,Team_OpenSource,1,80.04,33.13,0,135,
19.5,A11,Ronaldinho,11,Team_OpenSource,1,71.99,54.94,0,123,
19.5,B1,Casillas,1,Team_Proprietary,1,98.24,32.64,0,138,
19.5,B2,Zanetti,2,Team_Proprietary,1,78.25,8.03,0,131,
19.5,B3,Ferdinand,5,Team_Proprietary,1,86.87,27.0,0,125,
19.5,B4,Vidic,15,Team_Proprietary,1,83.82,41.36,0,137,
19.5,B5,Cole,3,Team_Proprietary,1,79.87,57.23,0,124,
19.5,B6,Gerrard,8,Team_Proprietary,1,58.05,23.01,0,133,
19.5,B7,Lampard,4,Team_Proprietary,1,61.61,44.14,0,132,
19.5,B8,Beckham,7,Team_Proprietary,1,58.58,9.11,0,135,
19.5,B9,Giggs,11,Team_Proprietary,1,61.99,59.94,0,123,
19.5,B10,Henry,14,Team_Proprietary,1,33.0,26.15,0,123,
19.5,B11,Rooney,10,Team_Proprietary,1,36.21,40.63,0,121,
19.5,ball,Ball,,BALL,1,104.08,34.29,0,,
20.0,A1,Buffon,1,Team_OpenSource,1,3.24,32.64,0,127,
20.0,A2,Cafu,2,Team_OpenSource,1,23.25,8.03,0,137,
20.0,A3,Maldini,3,Team_OpenSource,1,19.87,24.23,0,134,
20.0,A4,Nesta,4,Team_OpenSource,1,21.61,44.14,0,121,
20.0,A5,Carlos,5,Team_OpenSource,1,26.87,60.0,0,123,
20.0,A6,Xavi,6,Team_OpenSource,1,51.67,34.88,0,138,
20.0,A7,Iniesta,8,Team_OpenSource,1,43.05,48.01,0,126,
20.0,A8,Pirlo,21,Team_OpenSource,1,43.41,16.11,0,136,
20.0,A9,Messi,10,Team_OpenSource,1,71.21,15.63,0,133,
20.0,A10,Ronaldo,9,Team_OpenSource,1,79.79,33.13,0,129,
20.0,A11,Ronaldinho,11,Team_OpenSource,1,71.99,54.94,0,132,
20.0,B1,Casillas,1,Team_Proprietary,1,98.24,32.64,0,133,
20.0,B2,Zanetti,2,Team_Proprietary,1,78.25,8.03,0,140,
20.0,B3,Ferdinand,5,Team_Proprietary,1,86.87,27.0,0,135,
20.0,B4,Vidic,15,Team_Proprietary,1,83.82,41.36,0,129,
20.0,B5,Cole,3,Team_Proprietary,1,79.87,57.23,0,127,
20.0,B6,Gerrard,8,Team_Proprietary,1,58.05,23.01,0,134,
20.0,B7,Lampard,4,Team_Proprietary,1,61.61,44.14,0,136,
20.0,B8,Beckham,7,Team_Proprietary,1,58.58,9.11,0,135,
20.0,B9,Giggs,11,Team_Proprietary,1,61.99,59.94,0,123,
20.0,B10,Henry,14,Team_Proprietary,1,33.0,26.15,0,125,
20.0,B11,Rooney,10,Team_Proprietary,1,36.21,40.63,0,138,
20.0,ball,Ball,,BALL,1,104.08,34.29,0,,
20.5,A1,Buffon,1,Team_OpenSource,1,3.24,32.64,0,126,
20.5,A2,Cafu,2,Team_OpenSource,1,23.25,8.03,0,128,
20.5,A3,Maldini,3,Team_OpenSource,1,19.87,24.23,0,129,
20.5,A4,Nesta,4,Team_OpenSource,1,21.61,44.14,0,139,
20.5,A5,Carlos,5,Team_OpenSource,1,26.87,60.0,0,120,
20.5,A6,Xavi,6,Team_OpenSource,1,51.67,34.88,0,133,
20.5,A7,Iniesta,8,Team_OpenSource,1,43.05,48.01,0,134,
20.5,A8,Pirlo,21,Team_OpenSource,1,43.41,16.11,0,120,
20.5,A9,Messi,10,Team_OpenSource,1,71.21,15.63,0,123,
20.5,A10,Ronaldo,9,Team_OpenSource,1,79.55,33.13,0,133,
20.5,A11,Ronaldinho,11,Team_OpenSource,1,71.99,54.94,0,130,
20.5,B1,Casillas,1,Team_Proprietary,1,98.24,32.64,0,135,
20.5,B2,Zanetti,2,Team_Proprietary,1,78.25,8.03,0,134,
20.5,B3,Ferdinand,5,Team_Proprietary,1,86.87,27.0,0,134,
20.5,B4,Vidic,15,Team_Proprietary,1,83.82,41.36,0,127,
20.5,B5,Cole,3,Team_Proprietary,1,79.87,57.23,0,123,
20.5,B6,Gerrard,8,Team_Proprietary,1,58.05,23.01,0,136,
20.5,B7,Lampard,4,Team_Proprietary,1,61.61,44.14,0,131,
20.5,B8,Beckham,7,Team_Proprietary,1,58.58,9.11,0,129,
20.5,B9,Giggs,11,Team_Proprietary,1,61.99,59.94,0,135,
20.5,B10,Henry,14,Team_Proprietary,1,33.0,26.15,0,125,
20.5,B11,Rooney,10,Team_Proprietary,1,36.21,40.63,0,121,
20.5,ball,Ball,,BALL,1,104.08,34.29,0,,
21.0,A1,Buffon,1,Team_OpenSource,1,3.24,32.64,0,125,
21.0,A2,Cafu,2,Team_OpenSource,1,23.25,8.03,0,124,
21.0,A3,Maldini,3,Team_OpenSource,1,19.87,24.23,0,138,
21.0,A4,Nesta,4,Team_OpenSource,1,21.61,44.14,0,135,
21.0,A5,Carlos,5,Team_OpenSource,1,26.87,60.0,0,125,
21.0,A6,Xavi,6,Team_OpenSource,1,51.67,34.88,0,137,
21.0,A7,Iniesta,8,Team_OpenSource,1,43.05,48.01,0,126,
21.0,A8,Pirlo,21,Team_OpenSource,1,43.41,16.11,0,134,
21.0,A9,Messi,10,Team_OpenSource,1,71.21,15.63,0,134,
21.0,A10,Ronaldo,9,Team_OpenSource,1,79.32,33.13,0,140,
21.0,A11,Ronaldinho,11,Team_OpenSource,1,71.99,54.94,0,134,
21.0,B1,Casillas,1,Team_Proprietary,1,98.24,32.64,0,126,
21.0,B2,Zanetti,2,Team_Proprietary,1,78.25,8.03,0,127,
21.0,B3,Ferdinand,5,Team_Proprietary,1,86.87,27.0,0,139,
21.0,B4,Vidic,15,Team_Proprietary,1,83.82,41.36,0,126,
21.0,B5,Cole,3,Team_Proprietary,1,79.87,57.23,0,128,
21.0,B6,Gerrard,8,Team_Proprietary,1,58.05,23.01,0,124,
21.0,B7,Lampard,4,Team_Proprietary,1,61.61,44.14,0,121,
21.0,B8,Beckham,7,Team_Proprietary,1,58.58,9.11,0,126,
21.0,B9,Giggs,11,Team_Proprietary,1,61.99,59.94,0,120,
21.0,B10,Henry,14,Team_Proprietary,1,33.0,26.15,0,130,
21.0,B11,Rooney,10,Team_Proprietary,1,36.21,40.63,0,123,
21.0,ball,Ball,,BALL,1,104.08,34.29,0,,
21.5,A1,Buffon,1,Team_OpenSource,1,3.33,32.71,0,137,
21.5,A2,Cafu,2,Team_OpenSource,1,23.34,8.13,0,139,
21.5,A3,Maldini,3,Team_OpenSource,1,19.87,24.27,0,140,
21.5,A4,Nesta,4,Team_OpenSource,1,21.53,44.08,0,128,
21.5,A5,Carlos,5,Team_OpenSource,1,26.78,59.9,0,130,
21.5,A6,Xavi,6,Team_OpenSource,1,51.33,34.83,0,120,
21.5,A7,Iniesta,8,Team_OpenSource,1,43.15,48.11,0,131,
21.5,A8,Pirlo,21,Team_OpenSource,1,43.49,16.2,0,126,
21.5,A9,Messi,10,Team_OpenSource,1,71.15,15.6,0,139,
21.5,A10,Ronaldo,9,Team_OpenSource,1,79.1,33.17,0,131,
21.5,A11,Ronaldinho,11,Team_OpenSource,1,71.89,54.84,0,134,
21.5,B1,Casillas,1,Team_Proprietary,1,98.33,32.71,0,121,
21.5,B2,Zanetti,2,Team_Proprietary,1,78.34,8.13,0,132,
21.5,B3,Ferdinand,5,Team_Proprietary,1,86.78,26.9,0,123,
21.5,B4,Vidic,15,Team_Proprietary,1,83.88,41.44,0,132,
21.5,B5,Cole,3,Team_Proprietary,1,79.87,57.27,0,131,
21.5,B6,Gerrard,8,Team_Proprietary,1,58.15,23.11,0,124,
21.5,B7,Lampard,4,Team_Proprietary,1,61.53,44.08,0,120,
21.5,B8,Beckham,7,Team_Proprietary,1,58.65,9.15,0,135,
21.5,B9,Giggs,11,Team_Proprietary,1,61.89,59.84,0,133,
21.5,B10,Henry,14,Team_Proprietary,1,33.1,26.24,0,132,
21.5,B11,Rooney,10,Team_Proprietary,1,36.15,40.6,0,124,
21.5,ball,Ball,,BALL,1,98.92,34.26,0,,
22.0,A1,Buffon,1,Team_OpenSource,1,3.41,32.77,0,137,
22.0,A2,Cafu,2,Team_OpenSource,1,23.42,8.22,0,127,
22.0,A3,Maldini,3,Team_OpenSource,1,19.88,24.3,0,140,
22.0,A4,Nesta,4,Team_OpenSource,1,21.45,44.03,0,129,
22.0,A5,Carlos,5,Team_OpenSource,1,26.69,59.8,0,125,
22.0,A6,Xavi,6,Team_OpenSource,1,51.02,34.79,0,121,
22.0,A7,Iniesta,8,Team_OpenSource,1,43.24,48.21,0,136,
22.0,A8,Pirlo,21,Team_OpenSource,1,43.57,16.29,0,125,
22.0,A9,Messi,10,Team_OpenSource,1,71.09,15.57,0,125,
22.0,A10,Ronaldo,9,Team_OpenSource,1,78.9,33.21,0,132,
22.0,A11,Ronaldinho,11,Team_OpenSource,1,71.8,54.75,0,121,
22.0,B1,Casillas,1,Team_Proprietary,1,98.41,32.77,0,131,
22.0,B2,Zanetti,2,Team_Proprietary,1,78.42,8.22,0,124,
22.0,B3,Ferdinand,5,Team_Proprietary,1,86.69,26.8,0,139,
22.0,B4,Vidic,15,Team_Proprietary,1,83.93,41.52,0,136,
22.0,B5,Cole,3,Team_Proprietary,1,79.88,57.3,0,126,
22.0,B6,Gerrard,8,Team_Proprietary,1,58.24,23.21,0,140,
22.0,B7,Lampard,4,Team_Proprietary,1,61.45,44.03,0,129,
22.0,B8,Beckham,7,Team_Proprietary,1,58.72,9.19,0,140,
22.0,B9,Giggs,11,Team_Proprietary,1,61.8,59.75,0,133,
22.0,B10,Henry,14,Team_Proprietary,1,33.2,26.33,0,120,
22.0,B11,Rooney,10,Team_Proprietary,1,36.09,40.57,0,137,
22.0,ball,Ball,,BALL,1,94.28,34.24,0,,
22.5,A1,Buffon,1,Team_OpenSource,1,3.49,32.84,0,124,
22.5,A2,Cafu,2,Team_OpenSource,1,23.5,8.31,0,138,
22.5,A3,Maldini,3,Team_OpenSource,1,19.89,24.34,0,129,
22.5,A4,Nesta,4,Team_OpenSource,1,21.38,43.97,0,129,
22.5,A5,Carlos,5,Team_OpenSource,1,26.6,59.71,0,139,
22.5,A6,Xavi,6,Team_OpenSource,1,50.71,34.75,0,132,
22.5,A7,Iniesta,8,Team_OpenSource,1,43.33,48.3,0,133,
22.5,A8,Pirlo,21,Team_OpenSource,1,43.64,16.38,0,122,
22.5,A9,Messi,10,Team_OpenSource,1,71.04,15.54,0,132,
22.5,A10,Ronaldo,9,Team_OpenSource,1,78.7,33.25,0,131,
22.5,A11,Ronaldinho,11,Team_OpenSource,1,71.71,54.66,0,127,
22.5,B1,Casillas,1,Team_Proprietary,1,98.49,32.84,0,124,
22.5,B2,Zanetti,2,Team_Proprietary,1,78.5,8.31,0,128,
22.5,B3,Ferdinand,5,Team_Proprietary,1,86.6,26.71,0,138,
22.5,B4,Vidic,15,Team_Proprietary,1,83.99,41.59,0,127,
22.5,B5,Cole,3,Team_Proprietary,1,79.89,57.34,0,132,
22.5,B6,Gerrard,8,Team_Proprietary,1,58.33,23.3,0,122,
22.5,B7,Lampard,4,Team_Proprietary,1,61.38,43.97,0,135,
22.5,B8,Beckham,7,Team_Proprietary,1,58.78,9.23,0,121,
22.5,B9,Giggs,11,Team_Proprietary,1,61.71,59.66,0,139,
22.5,B10,Henry,14,Team_Proprietary,1,33.29,26.41,0,121,
22.5,B11,Rooney,10,Team_Proprietary,1,36.04,40.54,0,135,
22.5,ball,Ball,,BALL,1,90.1,34.21,0,,
23.0,A1,Buffon,1,Team_OpenSource,1,3.57,32.89,0,132,
23.0,A2,Cafu,2,Team_OpenSource,1,23.57,8.4,0,125,
23.0,A3,Maldini,3,Team_OpenSource,1,19.89,24.37,0,120,
23.0,A4,Nesta,4,Team_OpenSource,1,21.31,43.93,0,135,
23.0,A5,Carlos,5,Team_OpenSource,1,26.52,59.63,0,129,
23.0,A6,Xavi,6,Team_OpenSource,1,50.43,34.71,0,129,
23.0,A7,Iniesta,8,Team_OpenSource,1,43.41,48.38,0,130,
23.0,A8,Pirlo,21,Team_OpenSource,1,43.71,16.46,0,120,
23.0,A9,Messi,10,Team_OpenSource,1,70.99,15.51,0,133,
23.0,A10,Ronaldo,9,Team_OpenSource,1,78.52,33.29,0,134,
23.0,A11,Ronaldinho,11,Team_OpenSource,1,71.62,54.58,0,139,
23.0,B1,Casillas,1,Team_Proprietary,1,98.57,32.89,0,126,
23.0,B2,Zanetti,2,Team_Proprietary,1,78.57,8.4,0,134,
23.0,B3,Ferdinand,5,Team_Proprietary,1,86.52,26.63,0,122,
23.0,B4,Vidic,15,Team_Proprietary,1,84.04,41.66,0,120,
23.0,B5,Cole,3,Team_Proprietary,1,79.89,57.37,0,128,
23.0,B6,Gerrard,8,Team_Proprietary,1,58.41,23.38,0,140,
23.0,B7,Lampard,4,Team_Proprietary,1,61.31,43.93,0,140,
23.0,B8,Beckham,7,Team_Proprietary,1,58.84,9.27,0,132,
23.0,B9,Giggs,11,Team_Proprietary,1,61.62,59.58,0,139,
23.0,B10,Henry,14,Team_Proprietary,1,33.37,26.49,0,124,
23.0,B11,Rooney,10,Team_Proprietary,1,35.99,40.51,0,138,
23.0,ball,Ball,,BALL,1,86.34,34.19,0,,
23.5,A1,Buffon,1,Team_OpenSource,1,3.64,32.95,0,124,
23.5,A2,Cafu,2,Team_OpenSource,1,23.65,8.48,0,127,
23.5,A3,Maldini,3,Team_OpenSource,1,19.9,24.4,0,125,
23.5,A4,Nesta,4,Team_OpenSource,1,21.24,43.88,0,125,
23.5,A5,Carlos,5,Team_OpenSource,1,26.45,59.55,0,133,
23.5,A6,Xavi,6,Team_OpenSource,1,50.16,34.68,0,131,
23.5,A7,Iniesta,8,Team_OpenSource,1,43.49,48.46,0,139,
23.5,A8,Pirlo,21,Team_OpenSource,1,43.77,16.53,0,137,
23.5,A9,Messi,10,Team_OpenSource,1,70.94,15.49,0,122,
23.5,A10,Ronaldo,9,Team_OpenSource,1,78.34,33.33,0,133,
23.5,A11,Ronaldinho,11,Team_OpenSource,1,71.54,54.5,0,128,
23.5,B1,Casillas,1,Team_Proprietary,1,98.64,32.95,0,134,
23.5,B2,Zanetti,2,Team_Proprietary,1,78.65,8.48,0,122,
23.5,B3,Ferdinand,5,Team_Proprietary,1,86.45,26.55,0,120,
23.5,B4,Vidic,15,Team_Proprietary,1,84.08,41.73,0,130,
23.5,B5,Cole,3,Team_Proprietary,1,79.9,57.4,0,124,
23.5,B6,Gerrard,8,Team_Proprietary,1,58.49,23.46,0,129,
23.5,B7,Lampard,4,Team_Proprietary,1,61.24,43.88,0,126,
23.5,B8,Beckham,7,Team_Proprietary,1,58.9,9.31,0,129,
23.5,B9,Giggs,11,Team_Proprietary,1,61.54,59.5,0,122,
23.5,B10,Henry,14,Team_Proprietary,1,33.46,26.57,0,138,
23.5,B11,Rooney,10,Team_Proprietary,1,35.94,40.49,0,136,
23.5,ball,Ball,,BALL,1,82.96,34.17,0,,
24.0,A1,Buffon,1,Team_OpenSource,1,4.74,34.44,0,134,
24.0,A2,Cafu,2,Team_OpenSource,1,26.53,8.59,0,130,
24.0,A3,Maldini,3,Team_OpenSource,1,21.91,23.04,0,125,
24.0,A4,Nesta,4,Team_OpenSource,1,20.54,42.29,0,120,
24.0,A5,Carlos,5,Team_OpenSource,1,23.67,59.19,0,124,
24.0,A6,Xavi,6,Team_OpenSource,1,43.02,36.0,0,123,
24.0,A7,Iniesta,8,Team_OpenSource,1,46.1,49.05,0,132,
24.0,A8,Pirlo,21,Team_OpenSource,1,46.7,16.4,0,136,
24.0,A9,Messi,10,Team_OpenSource,1,71.06,13.8,0,120,
24.0,A10,Ronaldo,9,Team_OpenSource,1,77.0,32.01,0,134,
24.0,A11,Ronaldinho,11,Team_OpenSource,1,69.14,53.69,0,128,
24.0,B1,Casillas,1,Team_Proprietary,1,99.74,34.44,0,134,
24.0,B2,Zanetti,2,Team_Proprietary,1,81.53,8.59,0,139,
24.0,B3,Ferdinand,5,Team_Proprietary,1,83.67,26.19,0,120,
24.0,B4,Vidic,15,Team_Proprietary,1,86.93,41.13,0,125,
24.0,B5,Cole,3,Team_Proprietary,1,81.91,56.04,0,126,
24.0,B6,Gerrard,8,Team_Proprietary,1,61.1,24.05,0,134,
24.0,B7,Lampard,4,Team_Proprietary,1,60.54,42.29,0,138,
24.0,B8,Beckham,7,Team_Proprietary,1,59.19,10.97,0,124,
24.0,B9,Giggs,11,Team_Proprietary,1,59.14,58.69,0,124,
24.0,B10,Henry,14,Team_Proprietary,1,35.59,27.58,0,140,
24.0,B11,Rooney,10,Team_Proprietary,1,36.06,38.8,0,124,
24.0,ball,Ball,,BALL,1,43.44,29.39,0,,
24.5,A1,Buffon,1,Team_OpenSource,1,5.72,33.64,0,139,
24.5,A2,Cafu,2,Team_OpenSource,1,26.96,8.15,0,121,
24.5,A3,Maldini,3,Team_OpenSource,1,21.4,23.36,0,139,
24.5,A4,Nesta,4,Team_OpenSource,1,19.55,43.08,0,128,
24.5,A5,Carlos,5,Team_OpenSource,1,23.12,59.72,0,121,
24.5,A6,Xavi,6,Team_OpenSource,1,43.41,35.79,0,124,
24.5,A7,Iniesta,8,Team_OpenSource,1,46.77,48.44,0,124,
24.5,A8,Pirlo,21,Team_OpenSource,1,47.0,16.06,0,131,
24.5,A9,Messi,10,Team_OpenSource,1,70.11,14.51,0,136,
24.5,A10,Ronaldo,9,Team_OpenSource,1,76.74,32.11,0,138,
24.5,A11,Ronaldinho,11,Team_OpenSource,1,68.38,54.37,0,134,
24.5,B1,Casillas,1,Team_Proprietary,1,100.72,33.64,0,121,
24.5,B2,Zanetti,2,Team_Proprietary,1,81.96,8.15,0,140,
24.5,B3,Ferdinand,5,Team_Proprietary,1,83.12,26.72,0,133,
24.5,B4,Vidic,15,Team_Proprietary,1,86.95,41.0,0,135,
24.5,B5,Cole,3,Team_Proprietary,1,81.4,56.36,0,140,
24.5,B6,Gerrard,8,Team_Proprietary,1,61.77,23.44,0,132,
24.5,B7,Lampard,4,Team_Proprietary,1,59.55,43.08,0,136,
24.5,B8,Beckham,7,Team_Proprietary,1,60.17,10.21,0,140,
24.5,B9,Giggs,11,Team_Proprietary,1,58.38,59.37,0,140,
24.5,B10,Henry,14,Team_Proprietary,1,36.44,26.85,0,126,
24.5,B11,Rooney,10,Team_Proprietary,1,35.11,39.51,0,125,
24.5,ball,Ball,,BALL,1,46.59,32.72,0,,
25.0,A1,Buffon,1,Team_OpenSource,1,6.53,32.9,0,128,
25.0,A2,Cafu,2,Team_OpenSource,1,26.91,8.0,0,134,
25.0,A3,Maldini,3,Team_OpenSource,1,20.54,23.93,0,139,
25.0,A4,Nesta,4,Team_OpenSource,1,18.67,43.85,0,133,
25.0,A5,Carlos,5,Team_OpenSource,1,23.02,59.98,0,140,
25.0,A6,Xavi,6,Team_OpenSource,1,44.19,35.29,0,129,
25.0,A7,Iniesta,8,Team_OpenSource,1,47.0,48.07,0,130,
25.0,A8,Pirlo,21,Team_OpenSource,1,46.8,16.03,0,128,
25.0,A9,Messi,10,Team_OpenSource,1,69.14,15.31,0,125,
25.0,A10,Ronaldo,9,Team_OpenSource,1,76.06,32.5,0,139,
25.0,A11,Ronaldinho,11,Team_OpenSource,1,68.02,54.83,0,140,
25.0,B1,Casillas,1,Team_Proprietary,1,101.53,32.9,0,136,
25.0,B2,Zanetti,2,Team_Proprietary,1,81.91,8.0,0,132,
25.0,B3,Ferdinand,5,Team_Proprietary,1,83.02,26.98,0,120,
25.0,B4,Vidic,15,Team_Proprietary,1,86.49,41.19,0,140,
25.0,B5,Cole,3,Team_Proprietary,1,80.54,56.93,0,140,
25.0,B6,Gerrard,8,Team_Proprietary,1,62.0,23.07,0,126,
25.0,B7,Lampard,4,Team_Proprietary,1,58.67,43.85,0,126,
25.0,B8,Beckham,7,Team_Proprietary,1,61.1,9.42,0,134,
25.0,B9,Giggs,11,Team_Proprietary,1,58.02,59.83,0,124,
25.0,B10,Henry,14,Team_Proprietary,1,36.93,26.3,0,134,
25.0,B11,Rooney,10,Team_Proprietary,1,34.14,40.31,0,140,
25.0,ball,Ball,,BALL,1,51.18,36.19,0,,
25.5,A1,Buffon,1,Team_OpenSource,1,6.96,32.34,0,123,
25.5,A2,Cafu,2,Team_OpenSource,1,26.4,8.16,0,121,
25.5,A3,Maldini,3,Team_OpenSource,1,19.55,24.68,0,123,
25.5,A4,Nesta,4,Team_OpenSource,1,18.12,44.49,0,127,
25.5,A5,Carlos,5,Team_OpenSource,1,23.41,59.93,0,127,
25.5,A6,Xavi,6,Team_OpenSource,1,45.17,34.6,0,134,
25.5,A7,Iniesta,8,Team_OpenSource,1,46.74,48.02,0,121,
25.5,A8,Pirlo,21,Team_OpenSource,1,46.17,16.3,0,136,
25.5,A9,Messi,10,Team_OpenSource,1,68.38,16.05,0,131,
25.5,A10,Ronaldo,9,Team_OpenSource,1,75.11,33.14,0,133,
25.5,A11,Ronaldinho,11,Team_OpenSource,1,68.14,55.0,0,137,
25.5,B1,Casillas,1,Team_Proprietary,1,101.96,32.34,0,140,
25.5,B2,Zanetti,2,Team_Proprietary,1,81.4,8.16,0,122,
25.5,B3,Ferdinand,5,Team_Proprietary,1,83.41,26.93,0,129,
25.5,B4,Vidic,15,Team_Proprietary,1,85.67,41.67,0,135,
25.5,B5,Cole,3,Team_Proprietary,1,79.55,57.68,0,125,
25.5,B6,Gerrard,8,Team_Proprietary,1,61.74,23.02,0,120,
25.5,B7,Lampard,4,Team_Proprietary,1,58.12,44.49,0,132,
25.5,B8,Beckham,7,Team_Proprietary,1,61.77,8.72,0,123,
25.5,B9,Giggs,11,Team_Proprietary,1,58.14,60.0,0,132,
25.5,B10,Henry,14,Team_Proprietary,1,36.95,26.02,0,126,
25.5,B11,Rooney,10,Team_Proprietary,1,33.38,41.05,0,132,
25.5,ball,Ball,,BALL,1,56.09,39.41,0,,
26.0,A1,Buffon,1,Team_OpenSource,1,6.91,32.04,0,129,
26.0,A2,Cafu,2,Team_OpenSource,1,25.54,8.62,0,131,
26.0,A3,Maldini,3,Team_OpenSource,1,18.67,25.47,0,130,
26.0,A4,Nesta,4,Team_OpenSource,1,18.02,44.89,0,121,
26.0,A5,Carlos,5,Team_OpenSource,1,24.19,59.57,0,130,
26.0,A6,Xavi,6,Team_OpenSource,1,46.1,33.81,0,133,
26.0,A7,Iniesta,8,Team_OpenSource,1,46.06,48.27,0,135,
26.0,A8,Pirlo,21,Team_OpenSource,1,45.25,16.85,0,133,
26.0,A9,Messi,10,Team_OpenSource,1,68.02,16.63,0,139,
26.0,A10,Ronaldo,9,Team_OpenSource,1,74.14,33.91,0,120,
26.0,A11,Ronaldinho,11,Team_OpenSource,1,68.71,54.85,0,124,
26.0,B1,Casillas,1,Team_Proprietary,1,101.91,32.04,0,138,
26.0,B2,Zanetti,2,Team_Proprietary,1,80.54,8.62,0,124,
26.0,B3,Ferdinand,5,Team_Proprietary,1,84.19,26.57,0,134,
26.0,B4,Vidic,15,Team_Proprietary,1,84.68,42.36,0,128,
26.0,B5,Cole,3,Team_Proprietary,1,78.67,58.47,0,135,
26.0,B6,Gerrard,8,Team_Proprietary,1,61.06,23.27,0,132,
26.0,B7,Lampard,4,Team_Proprietary,1,58.02,44.89,0,134,
26.0,B8,Beckham,7,Team_Proprietary,1,62.0,8.22,0,120,
26.0,B9,Giggs,11,Team_Proprietary,1,58.71,59.85,0,138,
26.0,B10,Henry,14,Team_Proprietary,1,36.49,26.06,0,126,
26.0,B11,Rooney,10,Team_Proprietary,1,33.02,41.63,0,120,
26.0,ball,Ball,,BALL,1,60.13,41.96,0,,
26.5,A1,Buffon,1,Team_OpenSource,1,6.4,32.04,0,126,
26.5,A2,Cafu,2,Team_OpenSource,1,24.55,9.29,0,138,
26.5,A3,Maldini,3,Team_OpenSource,1,18.12,26.19,0,132,
26.5,A4,Nesta,4,Team_OpenSource,1,18.41,45.0,0,123,
26.5,A5,Carlos,5,Team_OpenSource,1,25.17,58.97,0,137,
26.5,A6,Xavi,6,Team_OpenSource,1,46.77,33.05,0,140,
26.5,A7,Iniesta,8,Team_OpenSource,1,45.11,48.8,0,121,
26.5,A8,Pirlo,21,Team_OpenSource,1,44.27,17.58,0,129,
26.5,A9,Messi,10,Team_OpenSource,1,68.14,16.95,0,120,
26.5,A10,Ronaldo,9,Team_OpenSource,1,73.38,34.69,0,121,
26.5,A11,Ronaldinho,11,Team_OpenSource,1,69.6,54.42,0,129,
26.5,B1,Casillas,1,Team_Proprietary,1,101.4,32.04,0,121,
26.5,B2,Zanetti,2,Team_Proprietary,1,79.55,9.29,0,124,
26.5,B3,Ferdinand,5,Team_Proprietary,1,85.17,25.97,0,130,
26.5,B4,Vidic,15,Team_Proprietary,1,83.77,43.14,0,140,
26.5,B5,Cole,3,Team_Proprietary,1,78.12,59.19,0,139,
26.5,B6,Gerrard,8,Team_Proprietary,1,60.11,23.8,0,127,
26.5,B7,Lampard,4,Team_Proprietary,1,58.41,45.0,0,120,
26.5,B8,Beckham,7,Team_Proprietary,1,61.74,8.01,0,135,
26.5,B9,Giggs,11,Team_Proprietary,1,59.6,59.42,0,140,
26.5,B10,Henry,14,Team_Proprietary,1,35.67,26.4,0,140,
26.5,B11,Rooney,10,Team_Proprietary,1,33.14,41.95,0,136,
26.5,ball,Ball,,BALL,1,62.29,43.55,0,,
27.0,A1,Buffon,1,Team_OpenSource,1,5.54,32.36,0,123,
27.0,A2,Cafu,2,Team_OpenSource,1,23.67,10.08,0,124,
27.0,A3,Maldini,3,Team_OpenSource,1,18.02,26.72,0,133,
27.0,A4,Nesta,4,Team_OpenSource,1,19.19,44.79,0,131,
27.0,A5,Carlos,5,Team_OpenSource,1,26.1,58.21,0,126,
27.0,A6,Xavi,6,Team_OpenSource,1,47.0,32.44,0,125,
27.0,A7,Iniesta,8,Team_OpenSource,1,44.14,49.51,0,123,
27.0,A8,Pirlo,21,Team_OpenSource,1,43.46,18.37,0,130,
27.0,A9,Messi,10,Team_OpenSource,1,68.71,16.97,0,134,
27.0,A10,Ronaldo,9,Team_OpenSource,1,73.02,35.37,0,128,
27.0,A11,Ronaldinho,11,Team_OpenSource,1,70.59,53.75,0,137,
27.0,B1,Casillas,1,Team_Proprietary,1,100.54,32.36,0,120,
27.0,B2,Zanetti,2,Team_Proprietary,1,78.67,10.08,0,127,
27.0,B3,Ferdinand,5,Team_Proprietary,1,86.1,25.21,0,124,
27.0,B4,Vidic,15,Team_Proprietary,1,83.17,43.91,0,127,
27.0,B5,Cole,3,Team_Proprietary,1,78.02,59.72,0,137,
27.0,B6,Gerrard,8,Team_Proprietary,1,59.14,24.51,0,135,
27.0,B7,Lampard,4,Team_Proprietary,1,59.19,44.79,0,132,
27.0,B8,Beckham,7,Team_Proprietary,1,61.06,8.11,0,140,
27.0,B9,Giggs,11,Team_Proprietary,1,60.59,58.75,0,126,
27.0,B10,Henry,14,Team_Proprietary,1,34.68,26.99,0,124,
27.0,B11,Rooney,10,Team_Proprietary,1,33.71,41.97,0,129,
27.0,ball,Ball,,BALL,1,62.06,43.99,0,,
27.5,A1,Buffon,1,Team_OpenSource,1,4.55,32.93,0,120,
27.5,A2,Cafu,2,Team_OpenSource,1,23.12,10.85,0,136,
27.5,A3,Maldini,3,Team_OpenSource,1,18.41,26.98,0,140,
27.5,A4,Nesta,4,Team_OpenSource,1,20.17,44.29,0,137,
27.5,A5,Carlos,5,Team_OpenSource,1,26.77,57.42,0,126,
27.5,A6,Xavi,6,Team_OpenSource,1,46.74,32.07,0,120,
27.5,A7,Iniesta,8,Team_OpenSource,1,43.38,50.31,0,140,
27.5,A8,Pirlo,21,Team_OpenSource,1,43.04,19.11,0,132,
27.5,A9,Messi,10,Team_OpenSource,1,69.6,16.67,0,121,
27.5,A10,Ronaldo,9,Team_OpenSource,1,73.14,35.83,0,135,
27.5,A11,Ronaldinho,11,Team_OpenSource,1,71.44,52.97,0,125,
27.5,B1,Casillas,1,Team_Proprietary,1,99.55,32.93,0,120,
27.5,B2,Zanetti,2,Team_Proprietary,1,78.12,10.85,0,130,
27.5,B3,Ferdinand,5,Team_Proprietary,1,86.77,24.42,0,134,
27.5,B4,Vidic,15,Team_Proprietary,1,83.01,44.53,0,120,
27.5,B5,Cole,3,Team_Proprietary,1,78.41,59.98,0,124,
27.5,B6,Gerrard,8,Team_Proprietary,1,58.38,25.31,0,127,
27.5,B7,Lampard,4,Team_Proprietary,1,60.17,44.29,0,136,
27.5,B8,Beckham,7,Team_Proprietary,1,60.11,8.5,0,126,
27.5,B9,Giggs,11,Team_Proprietary,1,61.44,57.97,0,133,
27.5,B10,Henry,14,Team_Proprietary,1,33.77,27.74,0,130,
27.5,B11,Rooney,10,Team_Proprietary,1,34.6,41.67,0,133,
27.5,ball,Ball,,BALL,1,59.49,43.21,0,,
28.0,A1,Buffon,1,Team_OpenSource,1,3.67,33.68,0,134,
28.0,A2,Cafu,2,Team_OpenSource,1,23.02,11.49,0,138,
28.0,A3,Maldini,3,Team_OpenSource,1,19.19,26.93,0,135,
28.0,A4,Nesta,4,Team_OpenSource,1,21.1,43.6,0,135,
28.0,A5,Carlos,5,Team_OpenSource,1,27.0,56.72,0,131,
28.0,A6,Xavi,6,Team_OpenSource,1,46.06,32.02,0,120,
28.0,A7,Iniesta,8,Team_OpenSource,1,43.02,51.05,0,132,
28.0,A8,Pirlo,21,Team_OpenSource,1,43.09,19.67,0,123,
28.0,A9,Messi,10,Team_OpenSource,1,70.59,16.11,0,125,
28.0,A10,Ronaldo,9,Team_OpenSource,1,73.71,36.0,0,127,
28.0,A11,Ronaldinho,11,Team_OpenSource,1,71.93,52.2,0,121,
28.0,B1,Casillas,1,Team_Proprietary,1,98.67,33.68,0,130,
28.0,B2,Zanetti,2,Team_Proprietary,1,78.02,11.49,0,133,
28.0,B3,Ferdinand,5,Team_Proprietary,1,87.0,23.72,0,131,
28.0,B4,Vidic,15,Team_Proprietary,1,83.34,44.91,0,137,
28.0,B5,Cole,3,Team_Proprietary,1,79.19,59.93,0,124,
28.0,B6,Gerrard,8,Team_Proprietary,1,58.02,26.05,0,132,
28.0,B7,Lampard,4,Team_Proprietary,1,61.1,43.6,0,140,
28.0,B8,Beckham,7,Team_Proprietary,1,59.14,9.14,0,139,
28.0,B9,Giggs,11,Team_Proprietary,1,61.93,57.2,0,134,
28.0,B10,Henry,14,Team_Proprietary,1,33.17,28.54,0,136,
28.0,B11,Rooney,10,Team_Proprietary,1,35.59,41.11,0,131,
28.0,ball,Ball,,BALL,1,55.21,41.31,0,,
28.5,A1,Buffon,1,Team_OpenSource,1,3.12,34.47,0,127,
28.5,A2,Cafu,2,Team_OpenSource,1,23.41,11.89,0,124,
28.5,A3,Maldini,3,Team_OpenSource,1,20.17,26.57,0,132,
28.5,A4,Nesta,4,Team_OpenSource,1,21.77,42.81,0,125,
28.5,A5,Carlos,5,Team_OpenSource,1,26.74,56.22,0,135,
28.5,A6,Xavi,6,Team_OpenSource,1,45.11,32.27,0,123,
28.5,A7,Iniesta,8,Team_OpenSource,1,43.14,51.63,0,137,
28.5,A8,Pirlo,21,Team_OpenSource,1,43.61,19.97,0,121,
28.5,A9,Messi,10,Team_OpenSource,1,71.44,15.37,0,130,
28.5,A10,Ronaldo,9,Team_OpenSource,1,74.6,35.85,0,123,
28.5,A11,Ronaldinho,11,Team_OpenSource,1,71.95,51.55,0,127,
28.5,B1,Casillas,1,Team_Proprietary,1,98.12,34.47,0,120,
28.5,B2,Zanetti,2,Team_Proprietary,1,78.41,11.89,0,135,
28.5,B3,Ferdinand,5,Team_Proprietary,1,86.74,23.22,0,126,
28.5,B4,Vidic,15,Team_Proprietary,1,84.07,44.99,0,138,
28.5,B5,Cole,3,Team_Proprietary,1,80.17,59.57,0,128,
28.5,B6,Gerrard,8,Team_Proprietary,1,58.14,26.63,0,123,
28.5,B7,Lampard,4,Team_Proprietary,1,61.77,42.81,0,130,
28.5,B8,Beckham,7,Team_Proprietary,1,58.38,9.91,0,122,
28.5,B9,Giggs,11,Team_Proprietary,1,61.95,56.55,0,129,
28.5,B10,Henry,14,Team_Proprietary,1,33.01,29.24,0,135,
28.5,B11,Rooney,10,Team_Proprietary,1,36.44,40.37,0,125,
28.5,ball,Ball,,BALL,1,50.26,38.53,0,,
29.0,A1,Buffon,1,Team_OpenSource,1,3.02,35.19,0,138,
29.0,A2,Cafu,2,Team_OpenSource,1,24.19,12.0,0,136,
29.0,A3,Maldini,3,Team_OpenSource,1,21.1,25.97,0,131,
29.0,A4,Nesta,4,Team_OpenSource,1,22.0,42.05,0,120,
29.0,A5,Carlos,5,Team_OpenSource,1,26.06,56.01,0,134,
29.0,A6,Xavi,6,Team_OpenSource,1,44.14,32.8,0,130,
29.0,A7,Iniesta,8,Team_OpenSource,1,43.71,51.95,0,122,
29.0,A8,Pirlo,21,Team_OpenSource,1,44.48,19.95,0,120,
29.0,A9,Messi,10,Team_OpenSource,1,71.93,14.58,0,136,
29.0,A10,Ronaldo,9,Team_OpenSource,1,75.59,35.42,0,137,
29.0,A11,Ronaldinho,11,Team_OpenSource,1,71.49,51.13,0,129,
29.0,B1,Casillas,1,Team_Proprietary,1,98.02,35.19,0,135,
29.0,B2,Zanetti,2,Team_Proprietary,1,79.19,12.0,0,137,
29.0,B3,Ferdinand,5,Team_Proprietary,1,86.06,23.01,0,134,
29.0,B4,Vidic,15,Team_Proprietary,1,85.04,44.75,0,120,
29.0,B5,Cole,3,Team_Proprietary,1,81.1,58.97,0,125,
29.0,B6,Gerrard,8,Team_Proprietary,1,58.71,26.95,0,127,
29.0,B7,Lampard,4,Team_Proprietary,1,62.0,42.05,0,129,
29.0,B8,Beckham,7,Team_Proprietary,1,58.02,10.69,0,126,
29.0,B9,Giggs,11,Team_Proprietary,1,61.49,56.13,0,132,
29.0,B10,Henry,14,Team_Proprietary,1,33.34,29.76,0,136,
29.0,B11,Rooney,10,Team_Proprietary,1,36.93,39.58,0,139,
29.0,ball,Ball,,BALL,1,45.86,35.2,0,,
29.5,A1,Buffon,1,Team_OpenSource,1,3.41,35.72,0,132,
29.5,A2,Cafu,2,Team_OpenSource,1,25.17,11.79,0,140,
29.5,A3,Maldini,3,Team_OpenSource,1,21.77,25.21,0,140,
29.5,A4,Nesta,4,Team_OpenSource,1,21.74,41.44,0,139,
29.5,A5,Carlos,5,Team_OpenSource,1,25.11,56.11,0,133,
29.5,A6,Xavi,6,Team_OpenSource,1,43.38,33.51,0,130,
29.5,A7,Iniesta,8,Team_OpenSource,1,44.6,51.97,0,138,
29.5,A8,Pirlo,21,Team_OpenSource,1,45.46,19.63,0,128,
29.5,A9,Messi,10,Team_OpenSource,1,71.95,13.85,0,137,
29.5,A10,Ronaldo,9,Team_OpenSource,1,76.44,34.75,0,130,
29.5,A11,Ronaldinho,11,Team_OpenSource,1,70.67,51.0,0,131,
29.5,B1,Casillas,1,Team_Proprietary,1,98.41,35.72,0,139,
29.5,B2,Zanetti,2,Team_Proprietary,1,80.17,11.79,0,125,
29.5,B3,Ferdinand,5,Team_Proprietary,1,85.11,23.11,0,125,
29.5,B4,Vidic,15,Team_Proprietary,1,85.99,44.24,0,134,
29.5,B5,Cole,3,Team_Proprietary,1,81.77,58.21,0,131,
29.5,B6,Gerrard,8,Team_Proprietary,1,59.6,26.97,0,125,
29.5,B7,Lampard,4,Team_Proprietary,1,61.74,41.44,0,132,
29.5,B8,Beckham,7,Team_Proprietary,1,58.14,11.37,0,123,
29.5,B9,Giggs,11,Team_Proprietary,1,60.67,56.0,0,138,
29.5,B10,Henry,14,Team_Proprietary,1,34.07,29.99,0,121,
29.5,B11,Rooney,10,Team_Proprietary,1,36.95,38.85,0,121,
29.5,ball,Ball,,BALL,1,43.09,31.72,0,,
30.0,A1,Buffon,1,Team_OpenSource,1,4.19,35.98,0,133,
30.0,A2,Cafu,2,Team_OpenSource,1,26.1,11.29,0,128,
30.0,A3,Maldini,3,Team_OpenSource,1,22.0,24.42,0,125,
30.0,A4,Nesta,4,Team_OpenSource,1,21.06,41.07,0,121,
30.0,A5,Carlos,5,Team_OpenSource,1,24.14,56.5,0,129,
30.0,A6,Xavi,6,Team_OpenSource,1,43.02,34.31,0,126,
30.0,A7,Iniesta,8,Team_OpenSource,1,45.59,51.67,0,135,
30.0,A8,Pirlo,21,Team_OpenSource,1,46.34,19.05,0,132,
30.0,A9,Messi,10,Team_OpenSource,1,71.49,13.3,0,139,
30.0,A10,Ronaldo,9,Team_OpenSource,1,76.93,33.97,0,138,
30.0,A11,Ronaldinho,11,Team_OpenSource,1,69.68,51.19,0,122,
30.0,B1,Casillas,1,Team_Proprietary,1,99.19,35.98,0,121,
30.0,B2,Zanetti,2,Team_Proprietary,1,81.1,11.29,0,130,
30.0,B3,Ferdinand,5,Team_Proprietary,1,84.14,23.5,0,136,
30.0,B4,Vidic,15,Team_Proprietary,1,86.7,43.53,0,129,
30.0,B5,Cole,3,Team_Proprietary,1,82.0,57.42,0,139,
30.0,B6,Gerrard,8,Team_Proprietary,1,60.59,26.67,0,139,
30.0,B7,Lampard,4,Team_Proprietary,1,61.06,41.07,0,136,
30.0,B8,Beckham,7,Team_Proprietary,1,58.71,11.83,0,122,
30.0,B9,Giggs,11,Team_Proprietary,1,59.68,56.19,0,128,
30.0,B10,Henry,14,Team_Proprietary,1,35.04,29.91,0,130,
30.0,B11,Rooney,10,Team_Proprietary,1,36.49,38.3,0,137,
30.0,ball,Ball,,BALL,1,42.62,28.52,0,,
30.5,A1,Buffon,1,Team_OpenSource,1,5.17,35.93,0,137,
30.5,A2,Cafu,2,Team_OpenSource,1,26.77,10.6,0,129,
30.5,A3,Maldini,3,Team_OpenSource,1,21.74,23.72,0,126,
30.5,A4,Nesta,4,Team_OpenSource,1,20.11,41.02,0,129,
30.5,A5,Carlos,5,Team_OpenSource,1,23.38,57.14,0,139,
30.5,A6,Xavi,6,Team_OpenSource,1,43.14,35.05,0,126,
30.5,A7,Iniesta,8,Team_OpenSource,1,46.44,51.11,0,134,
30.5,A8,Pirlo,21,Team_OpenSource,1,46.89,18.3,0,136,
30.5,A9,Messi,10,Team_OpenSource,1,70.67,13.02,0,131,
30.5,A10,Ronaldo,9,Team_OpenSource,1,76.95,33.2,0,127,
30.5,A11,Ronaldinho,11,Team_OpenSource,1,68.77,51.67,0,139,
30.5,B1,Casillas,1,Team_Proprietary,1,100.17,35.93,0,128,
30.5,B2,Zanetti,2,Team_Proprietary,1,81.77,10.6,0,126,
30.5,B3,Ferdinand,5,Team_Proprietary,1,83.38,24.14,0,134,
30.5,B4,Vidic,15,Team_Proprietary,1,87.0,42.74,0,129,
30.5,B5,Cole,3,Team_Proprietary,1,81.74,56.72,0,125,
30.5,B6,Gerrard,8,Team_Proprietary,1,61.44,26.11,0,128,
30.5,B7,Lampard,4,Team_Proprietary,1,60.11,41.02,0,124,
30.5,B8,Beckham,7,Team_Proprietary,1,59.6,12.0,0,121,
30.5,B9,Giggs,11,Team_Proprietary,1,58.77,56.67,0,134,
30.5,B10,Henry,14,Team_Proprietary,1,35.99,29.53,0,139,
30.5,B11,Rooney,10,Team_Proprietary,1,35.67,38.02,0,136,
30.5,ball,Ball,,BALL,1,44.57,25.99,0,,
31.0,A1,Buffon,1,Team_OpenSource,1,6.1,35.57,0,128,
31.0,A2,Cafu,2,Team_OpenSource,1,27.0,9.81,0,131,
31.0,A3,Maldini,3,Team_OpenSource,1,21.06,23.22,0,131,
31.0,A4,Nesta,4,Team_OpenSource,1,19.14,41.27,0,121,
31.0,A5,Carlos,5,Team_OpenSource,1,23.02,57.91,0,129,
31.0,A6,Xavi,6,Team_OpenSource,1,43.71,35.63,0,132,
31.0,A7,Iniesta,8,Team_OpenSource,1,46.93,50.37,0,137,
31.0,A8,Pirlo,21,Team_OpenSource,1,46.97,17.51,0,132,
31.0,A9,Messi,10,Team_OpenSource,1,69.68,13.06,0,128,
31.0,A10,Ronaldo,9,Team_OpenSource,1,76.49,32.55,0,134,
31.0,A11,Ronaldinho,11,Team_OpenSource,1,68.17,52.36,0,131,
31.0,B1,Casillas,1,Team_Proprietary,1,101.1,35.57,0,121,
31.0,B2,Zanetti,2,Team_Proprietary,1,82.0,9.81,0,121,
31.0,B3,Ferdinand,5,Team_Proprietary,1,83.02,24.91,0,136,
31.0,B4,Vidic,15,Team_Proprietary,1,86.8,41.99,0,132,
31.0,B5,Cole,3,Team_Proprietary,1,81.06,56.22,0,132,
31.0,B6,Gerrard,8,Team_Proprietary,1,61.93,25.37,0,126,
31.0,B7,Lampard,4,Team_Proprietary,1,59.14,41.27,0,138,
31.0,B8,Beckham,7,Team_Proprietary,1,60.59,11.85,0,129,
31.0,B9,Giggs,11,Team_Proprietary,1,58.17,57.36,0,125,
31.0,B10,Henry,14,Team_Proprietary,1,36.7,28.91,0,129,
31.0,B11,Rooney,10,Team_Proprietary,1,34.68,38.06,0,134,
31.0,ball,Ball,,BALL,1,48.46,24.42,0,,
31.5,A1,Buffon,1,Team_OpenSource,1,6.77,34.97,0,139,
31.5,A2,Cafu,2,Team_OpenSource,1,26.74,9.05,0,123,
31.5,A3,Maldini,3,Team_OpenSource,1,20.11,23.01,0,123,
31.5,A4,Nesta,4,Team_OpenSource,1,18.38,41.8,0,131,
31.5,A5,Carlos,5,Team_OpenSource,1,23.14,58.69,0,124,
31.5,A6,Xavi,6,Team_OpenSource,1,44.6,35.95,0,124,
31.5,A7,Iniesta,8,Team_OpenSource,1,46.95,49.58,0,123,
31.5,A8,Pirlo,21,Team_OpenSource,1,46.58,16.79,0,121,
31.5,A9,Messi,10,Team_OpenSource,1,68.77,13.4,0,135,
31.5,A10,Ronaldo,9,Team_OpenSource,1,75.67,32.13,0,121,
31.5,A11,Ronaldinho,11,Team_OpenSource,1,68.01,53.14,0,135,
31.5,B1,Casillas,1,Team_Proprietary,1,101.77,34.97,0,127,
31.5,B2,Zanetti,2,Team_Proprietary,1,81.74,9.05,0,137,
31.5,B3,Ferdinand,5,Team_Proprietary,1,83.14,25.69,0,129,
31.5,B4,Vidic,15,Team_Proprietary,1,86.17,41.4,0,130,
31.5,B5,Cole,3,Team_Proprietary,1,80.11,56.01,0,136,
31.5,B6,Gerrard,8,Team_Proprietary,1,61.95,24.58,0,127,
31.5,B7,Lampard,4,Team_Proprietary,1,58.38,41.8,0,128,
31.5,B8,Beckham,7,Team_Proprietary,1,61.44,11.42,0,140,
31.5,B9,Giggs,11,Team_Proprietary,1,58.01,58.14,0,139,
31.5,B10,Henry,14,Team_Proprietary,1,37.0,28.14,0,135,
31.5,B11,Rooney,10,Team_Proprietary,1,33.77,38.4,0,122,
31.5,ball,Ball,,BALL,1,53.34,24.02,0,,
32.0,A1,Buffon,1,Team_OpenSource,1,7.0,34.21,0,123,
32.0,A2,Cafu,2,Team_OpenSource,1,26.06,8.44,0,128,
32.0,A3,Maldini,3,Team_OpenSource,1,19.14,23.11,0,140,
32.0,A4,Nesta,4,Team_OpenSource,1,18.02,42.51,0,136,
32.0,A5,Carlos,5,Team_OpenSource,1,23.71,59.37,0,125,
32.0,A6,Xavi,6,Team_OpenSource,1,45.59,35.97,0,135,
32.0,A7,Iniesta,8,Team_OpenSource,1,46.49,48.85,0,134,
32.0,A8,Pirlo,21,Team_OpenSource,1,45.79,16.27,0,127,
32.0,A9,Messi,10,Team_OpenSource,1,68.17,13.99,0,133,
32.0,A10,Ronaldo,9,Team_OpenSource,1,74.68,32.0,0,134,
32.0,A11,Ronaldinho,11,Team_OpenSource,1,68.34,53.91,0,125,
32.0,B1,Casillas,1,Team_Proprietary,1,102.0,34.21,0,120,
32.0,B2,Zanetti,2,Team_Proprietary,1,81.06,8.44,0,128,
32.0,B3,Ferdinand,5,Team_Proprietary,1,83.71,26.37,0,122,
32.0,B4,Vidic,15,Team_Proprietary,1,85.25,41.06,0,128,
32.0,B5,Cole,3,Team_Proprietary,1,79.14,56.11,0,127,
32.0,B6,Gerrard,8,Team_Proprietary,1,61.49,23.85,0,127,
32.0,B7,Lampard,4,Team_Proprietary,1,58.02,42.51,0,123,
32.0,B8,Beckham,7,Team_Proprietary,1,61.93,10.75,0,122,
32.0,B9,Giggs,11,Team_Proprietary,1,58.34,58.91,0,134,
32.0,B10,Henry,14,Team_Proprietary,1,36.8,27.35,0,138,
32.0,B11,Rooney,10,Team_Proprietary,1,33.17,38.99,0,123,
32.0,ball,Ball,,BALL,1,58.01,24.82,0,,
32.5,A1,Buffon,1,Team_OpenSource,1,6.74,33.42,0,138,
32.5,A2,Cafu,2,Team_OpenSource,1,25.11,8.07,0,133,
32.5,A3,Maldini,3,Team_OpenSource,1,18.38,23.5,0,139,
32.5,A4,Nesta,4,Team_OpenSource,1,18.14,43.31,0,120,
32.5,A5,Carlos,5,Team_OpenSource,1,24.6,59.83,0,132,
32.5,A6,Xavi,6,Team_OpenSource,1,46.44,35.67,0,122,
32.5,A7,Iniesta,8,Team_OpenSource,1,45.67,48.3,0,133,
32.5,A8,Pirlo,21,Team_OpenSource,1,44.81,16.02,0,136,
32.5,A9,Messi,10,Team_OpenSource,1,68.01,14.74,0,127,
32.5,A10,Ronaldo,9,Team_OpenSource,1,73.77,32.19,0,126,
32.5,A11,Ronaldinho,11,Team_OpenSource,1,69.07,54.53,0,135,
32.5,B1,Casillas,1,Team_Proprietary,1,101.74,33.42,0,120,
32.5,B2,Zanetti,2,Team_Proprietary,1,80.11,8.07,0,126,
32.5,B3,Ferdinand,5,Team_Proprietary,1,84.6,26.83,0,125,
32.5,B4,Vidic,15,Team_Proprietary,1,84.27,41.03,0,124,
32.5,B5,Cole,3,Team_Proprietary,1,78.38,56.5,0,139,
32.5,B6,Gerrard,8,Team_Proprietary,1,60.67,23.3,0,134,
32.5,B7,Lampard,4,Team_Proprietary,1,58.14,43.31,0,133,
32.5,B8,Beckham,7,Team_Proprietary,1,61.95,9.97,0,125,
32.5,B9,Giggs,11,Team_Proprietary,1,59.07,59.53,0,121,
32.5,B10,Henry,14,Team_Proprietary,1,36.17,26.67,0,130,
32.5,B11,Rooney,10,Team_Proprietary,1,33.01,39.74,0,140,
32.5,ball,Ball,,BALL,1,61.34,26.74,0,,
33.0,A1,Buffon,1,Team_OpenSource,1,6.06,32.72,0,126,
33.0,A2,Cafu,2,Team_OpenSource,1,24.14,8.02,0,135,
33.0,A3,Maldini,3,Team_OpenSource,1,18.02,24.14,0,135,
33.0,A4,Nesta,4,Team_OpenSource,1,18.71,44.05,0,136,
33.0,A5,Carlos,5,Team_OpenSource,1,25.59,60.0,0,125,
33.0,A6,Xavi,6,Team_OpenSource,1,46.93,35.11,0,125,
33.0,A7,Iniesta,8,Team_OpenSource,1,44.68,48.02,0,140,
33.0,A8,Pirlo,21,Team_OpenSource,1,43.88,16.08,0,124,
33.0,A9,Messi,10,Team_OpenSource,1,68.34,15.54,0,123,
33.0,A10,Ronaldo,9,Team_OpenSource,1,73.17,32.67,0,125,
33.0,A11,Ronaldinho,11,Team_OpenSource,1,70.04,54.91,0,131,
33.0,B1,Casillas,1,Team_Proprietary,1,101.06,32.72,0,122,
33.0,B2,Zanetti,2,Team_Proprietary,1,79.14,8.02,0,135,
33.0,B3,Ferdinand,5,Team_Proprietary,1,85.59,27.0,0,136,
33.0,B4,Vidic,15,Team_Proprietary,1,83.46,41.3,0,135,
33.0,B5,Cole,3,Team_Proprietary,1,78.02,57.14,0,123,
33.0,B6,Gerrard,8,Team_Proprietary,1,59.68,23.02,0,135,
33.0,B7,Lampard,4,Team_Proprietary,1,58.71,44.05,0,120,
33.0,B8,Beckham,7,Team_Proprietary,1,61.49,9.2,0,132,
33.0,B9,Giggs,11,Team_Proprietary,1,60.04,59.91,0,125,
33.0,B10,Henry,14,Team_Proprietary,1,35.25,26.19,0,124,
33.0,B11,Rooney,10,Team_Proprietary,1,33.34,40.54,0,120,
33.0,ball,Ball,,BALL,1,62.5,29.54,0,,
33.5,A1,Buffon,1,Team_OpenSource,1,5.11,32.22,0,129,
33.5,A2,Cafu,2,Team_OpenSource,1,23.38,8.27,0,130,
33.5,A3,Maldini,3,Team_OpenSource,1,18.14,24.91,0,136,
33.5,A4,Nesta,4,Team_OpenSource,1,19.6,44.63,0,127,
33.5,A5,Carlos,5,Team_OpenSource,1,26.44,59.85,0,131,
33.5,A6,Xavi,6,Team_OpenSource,1,46.95,34.37,0,129,
33.5,A7,Iniesta,8,Team_OpenSource,1,43.77,48.06,0,133,
33.5,A8,Pirlo,21,Team_OpenSource,1,43.22,16.44,0,131,
33.5,A9,Messi,10,Team_OpenSource,1,69.07,16.24,0,130,
33.5,A10,Ronaldo,9,Team_OpenSource,1,73.01,33.36,0,124,
33.5,A11,Ronaldinho,11,Team_OpenSource,1,70.99,54.99,0,136,
33.5,B1,Casillas,1,Team_Proprietary,1,100.11,32.22,0,124,
33.5,B2,Zanetti,2,Team_Proprietary,1,78.38,8.27,0,128,
33.5,B3,Ferdinand,5,Team_Proprietary,1,86.44,26.85,0,137,
33.5,B4,Vidic,15,Team_Proprietary,1,83.04,41.85,0,129,
33.5,B5,Cole,3,Team_Proprietary,1,78.14,57.91,0,132,
33.5,B6,Gerrard,8,Team_Proprietary,1,58.77,23.06,0,126,
33.5,B7,Lampard,4,Team_Proprietary,1,59.6,44.63,0,121,
33.5,B8,Beckham,7,Team_Proprietary,1,60.67,8.55,0,120,
33.5,B9,Giggs,11,Team_Proprietary,1,60.99,59.99,0,134,
33.5,B10,Henry,14,Team_Proprietary,1,34.27,26.0,0,140,
33.5,B11,Rooney,10,Team_Proprietary,1,34.07,41.24,0,126,
33.5,ball,Ball,,BALL,1,61.21,32.88,0,,
34.0,A1,Buffon,1,Team_OpenSource,1,4.14,32.01,0,134,
34.0,A2,Cafu,2,Team_OpenSource,1,23.02,8.8,0,127,
34.0,A3,Maldini,3,Team_OpenSource,1,18.71,25.69,0,140,
34.0,A4,Nesta,4,Team_OpenSource,1,20.59,44.95,0,133,
34.0,A5,Carlos,5,Team_OpenSource,1,26.93,59.42,0,122,
34.0,A6,Xavi,6,Team_OpenSource,1,46.49,33.58,0,128,
34.0,A7,Iniesta,8,Team_OpenSource,1,43.17,48.4,0,132,
34.0,A8,Pirlo,21,Team_OpenSource,1,43.0,17.05,0,132,
34.0,A9,Messi,10,Team_OpenSource,1,70.04,16.76,0,131,
34.0,A10,Ronaldo,9,Team_OpenSource,1,73.34,34.14,0,135,
34.0,A11,Ronaldinho,11,Team_OpenSource,1,71.7,54.75,0,124,
34.0,B1,Casillas,1,Team_Proprietary,1,99.14,32.01,0,137,
34.0,B2,Zanetti,2,Team_Proprietary,1,78.02,8.8,0,121,
34.0,B3,Ferdinand,5,Team_Proprietary,1,86.93,26.42,0,128,
34.0,B4,Vidic,15,Team_Proprietary,1,83.09,42.58,0,125,
34.0,B5,Cole,3,Team_Proprietary,1,78.71,58.69,0,139,
34.0,B6,Gerrard,8,Team_Proprietary,1,58.17,23.4,0,134,
34.0,B7,Lampard,4,Team_Proprietary,1,60.59,44.95,0,133,
34.0,B8,Beckham,7,Team_Proprietary,1,59.68,8.13,0,122,
34.0,B9,Giggs,11,Team_Proprietary,1,61.7,59.75,0,121,
34.0,B10,Henry,14,Team_Proprietary,1,33.46,26.13,0,135,
34.0,B11,Rooney,10,Team_Proprietary,1,35.04,41.76,0,120,
34.0,ball,Ball,,BALL,1,57.79,36.36,0,,
34.5,A1,Buffon,1,Team_OpenSource,1,3.38,32.11,0,133,
34.5,A2,Cafu,2,Team_OpenSource,1,23.14,9.51,0,140,
34.5,A3,Maldini,3,Team_OpenSource,1,19.6,26.37,0,139,
34.5,A4,Nesta,4,Team_OpenSource,1,21.44,44.97,0,123,
34.5,A5,Carlos,5,Team_OpenSource,1,26.95,58.75,0,122,
34.5,A6,Xavi,6,Team_OpenSource,1,45.67,32.85,0,133,
34.5,A7,Iniesta,8,Team_OpenSource,1,43.01,48.99,0,123,
34.5,A8,Pirlo,21,Team_OpenSource,1,43.27,17.81,0,139,
34.5,A9,Messi,10,Team_OpenSource,1,70.99,16.99,0,132,
34.5,A10,Ronaldo,9,Team_OpenSource,1,74.07,34.91,0,133,
34.5,A11,Ronaldinho,11,Team_OpenSource,1,72.0,54.24,0,126,
34.5,B1,Casillas,1,Team_Proprietary,1,98.38,32.11,0,127,
34.5,B2,Zanetti,2,Team_Proprietary,1,78.14,9.51,0,120,
34.5,B3,Ferdinand,5,Team_Proprietary,1,86.95,25.75,0,130,
34.5,B4,Vidic,15,Team_Proprietary,1,83.61,43.37,0,135,
34.5,B5,Cole,3,Team_Proprietary,1,79.6,59.37,0,127,
34.5,B6,Gerrard,8,Team_Proprietary,1,58.01,23.99,0,131,
34.5,B7,Lampard,4,Team_Proprietary,1,61.44,44.97,0,134,
34.5,B8,Beckham,7,Team_Proprietary,1,58.77,8.0,0,135,
34.5,B9,Giggs,11,Team_Proprietary,1,62.0,59.24,0,138,
34.5,B10,Henry,14,Team_Proprietary,1,33.04,26.55,0,125,
34.5,B11,Rooney,10,Team_Proprietary,1,35.99,41.99,0,129,
34.5,ball,Ball,,BALL,1,53.07,39.55,0,,
35.0,A1,Buffon,1,Team_OpenSource,1,3.38,32.11,0,136,
35.0,A2,Cafu,2,Team_OpenSource,1,23.14,9.51,0,128,
35.0,A3,Maldini,3,Team_OpenSource,1,19.6,26.37,0,129,
35.0,A4,Nesta,4,Team_OpenSource,1,21.44,44.97,0,138,
35.0,A5,Carlos,5,Team_OpenSource,1,26.95,58.75,0,138,
35.0,A6,Xavi,6,Team_OpenSource,1,45.67,32.85,0,138,
35.0,A7,Iniesta,8,Team_OpenSource,1,43.01,48.99,0,132,
35.0,A8,Pirlo,21,Team_OpenSource,1,43.27,17.81,0,125,
35.0,A9,Messi,10,Team_OpenSource,1,71.9,17.84,0,137,
35.0,A10,Ronaldo,9,Team_OpenSource,1,74.07,34.91,0,138,
35.0,A11,Ronaldinho,11,Team_OpenSource,1,73.25,53.23,0,129,
35.0,B1,Casillas,1,Team_Proprietary,1,98.38,32.11,0,139,
35.0,B2,Zanetti,2,Team_Proprietary,1,78.14,9.51,0,130,
35.0,B3,Ferdinand,5,Team_Proprietary,1,86.95,25.75,0,132,
35.0,B4,Vidic,15,Team_Proprietary,1,83.61,43.37,0,124,
35.0,B5,Cole,3,Team_Proprietary,1,79.6,59.37,0,120,
35.0,B6,Gerrard,8,Team_Proprietary,1,58.01,23.99,0,125,
35.0,B7,Lampard,4,Team_Proprietary,1,61.44,44.97,0,120,
35.0,B8,Beckham,7,Team_Proprietary,1,58.77,8.0,0,139,
35.0,B9,Giggs,11,Team_Proprietary,1,62.0,59.24,0,129,
35.0,B10,Henry,14,Team_Proprietary,1,33.04,26.55,0,136,
35.0,B11,Rooney,10,Team_Proprietary,1,35.99,41.99,0,122,
35.0,ball,Ball,,BALL,1,72.9,17.84,0,,
35.5,A1,Buffon,1,Team_OpenSource,1,3.38,32.11,0,135,
35.5,A2,Cafu,2,Team_OpenSource,1,23.14,9.51,0,137,
35.5,A3,Maldini,3,Team_OpenSource,1,19.6,26.37,0,128,
35.5,A4,Nesta,4,Team_OpenSource,1,21.44,44.97,0,132,
35.5,A5,Carlos,5,Team_OpenSource,1,26.95,58.75,0,132,
35.5,A6,Xavi,6,Team_OpenSource,1,45.67,32.85,0,121,
35.5,A7,Iniesta,8,Team_OpenSource,1,43.01,48.99,0,136,
35.5,A8,Pirlo,21,Team_OpenSource,1,43.27,17.81,0,127,
35.5,A9,Messi,10,Team_OpenSource,1,72.77,18.65,0,135,
35.5,A10,Ronaldo,9,Team_OpenSource,1,74.07,34.91,0,137,
35.5,A11,Ronaldinho,11,Team_OpenSource,1,74.45,52.27,0,130,
35.5,B1,Casillas,1,Team_Proprietary,1,98.38,32.11,0,127,
35.5,B2,Zanetti,2,Team_Proprietary,1,78.14,9.51,0,120,
35.5,B3,Ferdinand,5,Team_Proprietary,1,86.95,25.75,0,136,
35.5,B4,Vidic,15,Team_Proprietary,1,83.61,43.37,0,140,
35.5,B5,Cole,3,Team_Proprietary,1,79.6,59.37,0,123,
35.5,B6,Gerrard,8,Team_Proprietary,1,58.01,23.99,0,134,
35.5,B7,Lampard,4,Team_Proprietary,1,61.44,44.97,0,139,
35.5,B8,Beckham,7,Team_Proprietary,1,58.77,8.0,0,130,
35.5,B9,Giggs,11,Team_Proprietary,1,62.0,59.24,0,121,
35.5,B10,Henry,14,Team_Proprietary,1,33.04,26.55,0,137,
35.5,B11,Rooney,10,Team_Proprietary,1,35.99,41.99,0,123,
35.5,ball,Ball,,BALL,1,73.77,18.65,0,,
36.0,A1,Buffon,1,Team_OpenSource,1,3.38,32.11,0,126,
36.0,A2,Cafu,2,Team_OpenSource,1,23.14,9.51,0,127,
36.0,A3,Maldini,3,Team_OpenSource,1,19.6,26.37,0,125,
36.0,A4,Nesta,4,Team_OpenSource,1,21.44,44.97,0,133,
36.0,A5,Carlos,5,Team_OpenSource,1,26.95,58.75,0,136,
36.0,A6,Xavi,6,Team_OpenSource,1,45.67,32.85,0,140,
36.0,A7,Iniesta,8,Team_OpenSource,1,43.01,48.99,0,139,
36.0,A8,Pirlo,21,Team_OpenSource,1,43.27,17.81,0,123,
36.0,A9,Messi,10,Team_OpenSource,1,73.59,19.42,0,136,
36.0,A10,Ronaldo,9,Team_OpenSource,1,74.07,34.91,0,137,
36.0,A11,Ronaldinho,11,Team_OpenSource,1,75.58,51.35,0,133,
36.0,B1,Casillas,1,Team_Proprietary,1,98.38,32.11,0,122,
36.0,B2,Zanetti,2,Team_Proprietary,1,78.14,9.51,0,123,
36.0,B3,Ferdinand,5,Team_Proprietary,1,86.95,25.75,0,133,
36.0,B4,Vidic,15,Team_Proprietary,1,83.61,43.37,0,128,
36.0,B5,Cole,3,Team_Proprietary,1,79.6,59.37,0,139,
36.0,B6,Gerrard,8,Team_Proprietary,1,58.01,23.99,0,133,
36.0,B7,Lampard,4,Team_Proprietary,1,61.44,44.97,0,132,
36.0,B8,Beckham,7,Team_Proprietary,1,58.77,8.0,0,134,
36.0,B9,Giggs,11,Team_Proprietary,1,62.0,59.24,0,136,
36.0,B10,Henry,14,Team_Proprietary,1,33.04,26.55,0,132,
36.0,B11,Rooney,10,Team_Proprietary,1,35.99,41.99,0,130,
36.0,ball,Ball,,BALL,1,74.59,19.42,0,,
36.5,A1,Buffon,1,Team_OpenSource,1,3.38,32.11,0,134,
36.5,A2,Cafu,2,Team_OpenSource,1,23.14,9.51,0,128,
36.5,A3,Maldini,3,Team_OpenSource,1,19.6,26.37,0,139,
36.5,A4,Nesta,4,Team_OpenSource,1,21.44,44.97,0,140,
36.5,A5,Carlos,5,Team_OpenSource,1,26.95,58.75,0,120,
36.5,A6,Xavi,6,Team_OpenSource,1,45.67,32.85,0,125,
36.5,A7,Iniesta,8,Team_OpenSource,1,43.01,48.99,0,137,
36.5,A8,Pirlo,21,Team_OpenSource,1,43.27,17.81,0,132,
36.5,A9,Messi,10,Team_OpenSource,1,73.59,19.42,0,139,
36.5,A10,Ronaldo,9,Team_OpenSource,1,74.07,34.91,0,123,
36.5,A11,Ronaldinho,11,Team_OpenSource,1,75.58,51.35,0,122,
36.5,B1,Casillas,1,Team_Proprietary,1,98.38,32.11,0,130,
36.5,B2,Zanetti,2,Team_Proprietary,1,78.14,9.51,0,136,
36.5,B3,Ferdinand,5,Team_Proprietary,1,86.95,25.75,0,138,
36.5,B4,Vidic,15,Team_Proprietary,1,83.61,43.37,0,123,
36.5,B5,Cole,3,Team_Proprietary,1,79.6,59.37,0,120,
36.5,B6,Gerrard,8,Team_Proprietary,1,58.01,23.99,0,137,
36.5,B7,Lampard,4,Team_Proprietary,1,61.44,44.97,0,121,
36.5,B8,Beckham,7,Team_Proprietary,1,58.77,8.0,0,139,
36.5,B9,Giggs,11,Team_Proprietary,1,62.0,59.24,0,135,
36.5,B10,Henry,14,Team_Proprietary,1,33.04,26.55,0,140,
36.5,B11,Rooney,10,Team_Proprietary,1,35.99,41.99,0,127,
36.5,ball,Ball,,BALL,1,74.79,25.8,0,,
37.0,A1,Buffon,1,Team_OpenSource,1,3.38,32.11,0,120,
37.0,A2,Cafu,2,Team_OpenSource,1,23.14,9.51,0,121,
37.0,A3,Maldini,3,Team_OpenSource,1,19.6,26.37,0,127,
37.0,A4,Nesta,4,Team_OpenSource,1,21.44,44.97,0,136,
37.0,A5,Carlos,5,Team_OpenSource,1,26.95,58.75,0,129,
37.0,A6,Xavi,6,Team_OpenSource,1,45.67,32.85,0,121,
37.0,A7,Iniesta,8,Team_OpenSource,1,43.01,48.99,0,130,
37.0,A8,Pirlo,21,Team_OpenSource,1,43.27,17.81,0,128,
37.0,A9,Messi,10,Team_OpenSource,1,73.59,19.42,0,123,
37.0,A10,Ronaldo,9,Team_OpenSource,1,74.07,34.91,0,140,
37.0,A11,Ronaldinho,11,Team_OpenSource,1,75.58,51.35,0,136,
37.0,B1,Casillas,1,Team_Proprietary,1,98.38,32.11,0,140,
37.0,B2,Zanetti,2,Team_Proprietary,1,78.14,9.51,0,129,
37.0,B3,Ferdinand,5,Team_Proprietary,1,86.95,25.75,0,128,
37.0,B4,Vidic,15,Team_Proprietary,1,83.61,43.37,0,132,
37.0,B5,Cole,3,Team_Proprietary,1,79.6,59.37,0,139,
37.0,B6,Gerrard,8,Team_Proprietary,1,58.01,23.99,0,130,
37.0,B7,Lampard,4,Team_Proprietary,1,61.44,44.97,0,122,
37.0,B8,Beckham,7,Team_Proprietary,1,58.77,8.0,0,129,
37.0,B9,Giggs,11,Team_Proprietary,1,62.0,59.24,0,131,
37.0,B10,Henry,14,Team_Proprietary,1,33.04,26.55,0,139,
37.0,B11,Rooney,10,Team_Proprietary,1,35.99,41.99,0,122,
37.0,ball,Ball,,BALL,1,74.95,30.91,0,,
37.5,A1,Buffon,1,Team_OpenSource,1,3.38,32.11,0,125,
37.5,A2,Cafu,2,Team_OpenSource,1,23.14,9.51,0,129,
37.5,A3,Maldini,3,Team_OpenSource,1,19.6,26.37,0,128,
37.5,A4,Nesta,4,Team_OpenSource,1,21.44,44.97,0,135,
37.5,A5,Carlos,5,Team_OpenSource,1,26.95,58.75,0,138,
37.5,A6,Xavi,6,Team_OpenSource,1,45.67,32.85,0,127,
37.5,A7,Iniesta,8,Team_OpenSource,1,43.01,48.99,0,126,
37.5,A8,Pirlo,21,Team_OpenSource,1,43.27,17.81,0,123,
37.5,A9,Messi,10,Team_OpenSource,1,73.59,19.42,0,129,
37.5,A10,Ronaldo,9,Team_OpenSource,1,74.07,34.91,0,133,
37.5,A11,Ronaldinho,11,Team_OpenSource,1,77.68,49.62,0,137,
37.5,B1,Casillas,1,Team_Proprietary,1,98.38,32.11,0,121,
37.5,B2,Zanetti,2,Team_Proprietary,1,78.14,9.51,0,135,
37.5,B3,Ferdinand,5,Team_Proprietary,1,86.95,25.75,0,125,
37.5,B4,Vidic,15,Team_Proprietary,1,83.61,43.37,0,132,
37.5,B5,Cole,3,Team_Proprietary,1,79.6,59.37,0,137,
37.5,B6,Gerrard,8,Team_Proprietary,1,58.01,23.99,0,126,
37.5,B7,Lampard,4,Team_Proprietary,1,61.44,44.97,0,140,
37.5,B8,Beckham,7,Team_Proprietary,1,58.77,8.0,0,130,
37.5,B9,Giggs,11,Team_Proprietary,1,62.0,59.24,0,136,
37.5,B10,Henry,14,Team_Proprietary,1,33.04,26.55,0,130,
37.5,B11,Rooney,10,Team_Proprietary,1,35.99,41.99,0,139,
37.5,ball,Ball,,BALL,1,78.68,49.62,0,,
38.0,A1,Buffon,1,Team_OpenSource,1,3.38,32.11,0,137,
38.0,A2,Cafu,2,Team_OpenSource,1,23.14,9.51,0,129,
38.0,A3,Maldini,3,Team_OpenSource,1,19.6,26.37,0,123,
38.0,A4,Nesta,4,Team_OpenSource,1,21.44,44.97,0,133,
38.0,A5,Carlos,5,Team_OpenSource,1,26.95,58.75,0,132,
38.0,A6,Xavi,6,Team_OpenSource,1,45.67,32.85,0,127,
38.0,A7,Iniesta,8,Team_OpenSource,1,43.01,48.99,0,130,
38.0,A8,Pirlo,21,Team_OpenSource,1,43.27,17.81,0,122,
38.0,A9,Messi,10,Team_OpenSource,1,73.59,19.42,0,137,
38.0,A10,Ronaldo,9,Team_OpenSource,1,74.07,34.91,0,131,
38.0,A11,Ronaldinho,11,Team_OpenSource,1,79.57,48.06,0,125,
38.0,B1,Casillas,1,Team_Proprietary,1,98.38,32.11,0,136,
38.0,B2,Zanetti,2,Team_Proprietary,1,78.14,9.51,0,138,
38.0,B3,Ferdinand,5,Team_Proprietary,1,86.95,25.75,0,138,
38.0,B4,Vidic,15,Team_Proprietary,1,83.61,43.37,0,124,
38.0,B5,Cole,3,Team_Proprietary,1,79.6,59.37,0,130,
38.0,B6,Gerrard,8,Team_Proprietary,1,58.01,23.99,0,129,
38.0,B7,Lampard,4,Team_Proprietary,1,61.44,44.97,0,122,
38.0,B8,Beckham,7,Team_Proprietary,1,58.77,8.0,0,138,
38.0,B9,Giggs,11,Team_Proprietary,1,62.0,59.24,0,140,
38.0,B10,Henry,14,Team_Proprietary,1,33.04,26.55,0,126,
38.0,B11,Rooney,10,Team_Proprietary,1,35.99,41.99,0,127,
38.0,ball,Ball,,BALL,1,80.57,48.06,0,,
38.5,A1,Buffon,1,Team_OpenSource,1,3.38,32.11,0,125,
38.5,A2,Cafu,2,Team_OpenSource,1,23.14,9.51,0,139,
38.5,A3,Maldini,3,Team_OpenSource,1,19.6,26.37,0,135,
38.5,A4,Nesta,4,Team_OpenSource,1,21.44,44.97,0,138,
38.5,A5,Carlos,5,Team_OpenSource,1,26.95,58.75,0,138,
38.5,A6,Xavi,6,Team_OpenSource,1,45.67,32.85,0,135,
38.5,A7,Iniesta,8,Team_OpenSource,1,43.01,48.99,0,126,
38.5,A8,Pirlo,21,Team_OpenSource,1,43.27,17.81,0,133,
38.5,A9,Messi,10,Team_OpenSource,1,73.59,19.42,0,124,
38.5,A10,Ronaldo,9,Team_OpenSource,1,74.07,34.91,0,133,
38.5,A11,Ronaldinho,11,Team_OpenSource,1,79.57,48.06,0,121,
38.5,B1,Casillas,1,Team_Proprietary,1,98.38,32.11,0,120,
38.5,B2,Zanetti,2,Team_Proprietary,1,78.14,9.51,0,131,
38.5,B3,Ferdinand,5,Team_Proprietary,1,86.95,25.75,0,124,
38.5,B4,Vidic,15,Team_Proprietary,1,83.61,43.37,0,137,
38.5,B5,Cole,3,Team_Proprietary,1,79.6,59.37,0,129,
38.5,B6,Gerrard,8,Team_Proprietary,1,58.01,23.99,0,128,
38.5,B7,Lampard,4,Team_Proprietary,1,61.44,44.97,0,131,
38.5,B8,Beckham,7,Team_Proprietary,1,58.77,8.0,0,124,
38.5,B9,Giggs,11,Team_Proprietary,1,62.0,59.24,0,128,
38.5,B10,Henry,14,Team_Proprietary,1,33.04,26.55,0,138,
38.5,B11,Rooney,10,Team_Proprietary,1,35.99,41.99,0,140,
38.5,ball,Ball,,BALL,1,87.9,44.44,0,,
39.0,A1,Buffon,1,Team_OpenSource,1,3.38,32.11,0,131,
39.0,A2,Cafu,2,Team_OpenSource,1,23.14,9.51,0,135,
39.0,A3,Maldini,3,Team_OpenSource,1,19.6,26.37,0,135,
39.0,A4,Nesta,4,Team_OpenSource,1,21.44,44.97,0,135,
39.0,A5,Carlos,5,Team_OpenSource,1,26.95,58.75,0,139,
39.0,A6,Xavi,6,Team_OpenSource,1,45.67,32.85,0,139,
39.0,A7,Iniesta,8,Team_OpenSource,1,43.01,48.99,0,131,
39.0,A8,Pirlo,21,Team_OpenSource,1,43.27,17.81,0,127,
39.0,A9,Messi,10,Team_OpenSource,1,73.59,19.42,0,130,
39.0,A10,Ronaldo,9,Team_OpenSource,1,74.07,34.91,0,137,
39.0,A11,Ronaldinho,11,Team_OpenSource,1,79.57,48.06,0,122,
39.0,B1,Casillas,1,Team_Proprietary,1,98.38,32.11,0,137,
39.0,B2,Zanetti,2,Team_Proprietary,1,78.14,9.51,0,138,
39.0,B3,Ferdinand,5,Team_Proprietary,1,86.95,25.75,0,121,
39.0,B4,Vidic,15,Team_Proprietary,1,83.61,43.37,0,124,
39.0,B5,Cole,3,Team_Proprietary,1,79.6,59.37,0,127,
39.0,B6,Gerrard,8,Team_Proprietary,1,58.01,23.99,0,134,
39.0,B7,Lampard,4,Team_Proprietary,1,61.44,44.97,0,122,
39.0,B8,Beckham,7,Team_Proprietary,1,58.77,8.0,0,130,
39.0,B9,Giggs,11,Team_Proprietary,1,62.0,59.24,0,132,
39.0,B10,Henry,14,Team_Proprietary,1,33.04,26.55,0,122,
39.0,B11,Rooney,10,Team_Proprietary,1,35.99,41.99,0,125,
39.0,ball,Ball,,BALL,1,93.03,41.8,0,,
39.5,A1,Buffon,1,Team_OpenSource,1,3.38,32.11,0,125,
39.5,A2,Cafu,2,Team_OpenSource,1,23.14,9.51,0,136,
39.5,A3,Maldini,3,Team_OpenSource,1,19.6,26.37,0,133,
39.5,A4,Nesta,4,Team_OpenSource,1,21.44,44.97,0,129,
39.5,A5,Carlos,5,Team_OpenSource,1,26.95,58.75,0,122,
39.5,A6,Xavi,6,Team_OpenSource,1,45.67,32.85,0,120,
39.5,A7,Iniesta,8,Team_OpenSource,1,43.01,48.99,0,140,
39.5,A8,Pirlo,21,Team_OpenSource,1,43.27,17.81,0,125,
39.5,A9,Messi,10,Team_OpenSource,1,73.59,19.42,0,132,
39.5,A10,Ronaldo,9,Team_OpenSource,1,74.07,34.91,0,120,
39.5,A11,Ronaldinho,11,Team_OpenSource,1,79.57,48.06,0,121,
39.5,B1,Casillas,1,Team_Proprietary,1,98.38,32.11,0,131,
39.5,B2,Zanetti,2,Team_Proprietary,1,78.14,9.51,0,121,
39.5,B3,Ferdinand,5,Team_Proprietary,1,86.95,25.75,0,138,
39.5,B4,Vidic,15,Team_Proprietary,1,83.61,43.37,0,124,
39.5,B5,Cole,3,Team_Proprietary,1,79.6,59.37,0,129,
39.5,B6,Gerrard,8,Team_Proprietary,1,58.01,23.99,0,125,
39.5,B7,Lampard,4,Team_Proprietary,1,61.44,44.97,0,125,
39.5,B8,Beckham,7,Team_Proprietary,1,58.77,8.0,0,131,
39.5,B9,Giggs,11,Team_Proprietary,1,62.0,59.24,0,129,
39.5,B10,Henry,14,Team_Proprietary,1,33.04,26.55,0,128,
39.5,B11,Rooney,10,Team_Proprietary,1,35.99,41.99,0,136,
39.5,ball,Ball,,BALL,1,96.62,39.93,0,,
40.0,A1,Buffon,1,Team_OpenSource,1,3.38,32.11,0,129,
40.0,A2,Cafu,2,Team_OpenSource,1,23.14,9.51,0,140,
40.0,A3,Maldini,3,Team_OpenSource,1,19.6,26.37,0,127,
40.0,A4,Nesta,4,Team_OpenSource,1,21.44,44.97,0,126,
40.0,A5,Carlos,5,Team_OpenSource,1,26.95,58.75,0,121,
40.0,A6,Xavi,6,Team_OpenSource,1,45.67,32.85,0,126,
40.0,A7,Iniesta,8,Team_OpenSource,1,43.01,48.99,0,120,
40.0,A8,Pirlo,21,Team_OpenSource,1,43.27,17.81,0,138,
40.0,A9,Messi,10,Team_OpenSource,1,73.59,19.42,0,134,
40.0,A10,Ronaldo,9,Team_OpenSource,1,74.07,34.91,0,122,
40.0,A11,Ronaldinho,11,Team_OpenSource,1,79.57,48.06,0,131,
40.0,B1,Casillas,1,Team_Proprietary,1,98.38,32.11,0,137,
40.0,B2,Zanetti,2,Team_Proprietary,1,78.14,9.51,0,120,
40.0,B3,Ferdinand,5,Team_Proprietary,1,86.95,25.75,0,120,
40.0,B4,Vidic,15,Team_Proprietary,1,83.61,43.37,0,129,
40.0,B5,Cole,3,Team_Proprietary,1,79.6,59.37,0,121,
40.0,B6,Gerrard,8,Team_Proprietary,1,58.01,23.99,0,130,
40.0,B7,Lampard,4,Team_Proprietary,1,61.44,44.97,0,131,
40.0,B8,Beckham,7,Team_Proprietary,1,58.77,8.0,0,124,
40.0,B9,Giggs,11,Team_Proprietary,1,62.0,59.24,0,121,
40.0,B10,Henry,14,Team_Proprietary,1,33.04,26.55,0,126,
40.0,B11,Rooney,10,Team_Proprietary,1,35.99,41.99,0,123,
40.0,ball,Ball,,BALL,1,99.14,37.52,0,,
40.5,A1,Buffon,1,Team_OpenSource,1,3.38,32.11,0,129,
40.5,A2,Cafu,2,Team_OpenSource,1,23.14,9.51,0,124,
40.5,A3,Maldini,3,Team_OpenSource,1,19.6,26.37,0,137,
40.5,A4,Nesta,4,Team_OpenSource,1,21.44,44.97,0,137,
40.5,A5,Carlos,5,Team_OpenSource,1,26.95,58.75,0,130,
40.5,A6,Xavi,6,Team_OpenSource,1,45.67,32.85,0,134,
40.5,A7,Iniesta,8,Team_OpenSource,1,43.01,48.99,0,138,
40.5,A8,Pirlo,21,Team_OpenSource,1,43.27,17.81,0,139,
40.5,A9,Messi,10,Team_OpenSource,1,73.59,19.42,0,134,
40.5,A10,Ronaldo,9,Team_OpenSource,1,74.07,34.91,0,129,
40.5,A11,Ronaldinho,11,Team_OpenSource,1,79.57,48.06,0,130,
40.5,B1,Casillas,1,Team_Proprietary,1,98.38,32.11,0,121,
40.5,B2,Zanetti,2,Team_Proprietary,1,78.14,9.51,0,134,
40.5,B3,Ferdinand,5,Team_Proprietary,1,86.95,25.75,0,122,
40.5,B4,Vidic,15,Team_Proprietary,1,83.61,43.37,0,126,
40.5,B5,Cole,3,Team_Proprietary,1,79.6,59.37,0,135,
40.5,B6,Gerrard,8,Team_Proprietary,1,58.01,23.99,0,132,
40.5,B7,Lampard,4,Team_Proprietary,1,61.44,44.97,0,122,
40.5,B8,Beckham,7,Team_Proprietary,1,58.77,8.0,0,133,
40.5,B9,Giggs,11,Team_Proprietary,1,62.0,59.24,0,134,
40.5,B10,Henry,14,Team_Proprietary,1,33.04,26.55,0,129,
40.5,B11,Rooney,10,Team_Proprietary,1,35.99,41.99,0,130,
40.5,ball,Ball,,BALL,1,100.89,35.83,0,,
41.0,A1,Buffon,1,Team_OpenSource,1,3.38,32.11,0,126,
41.0,A2,Cafu,2,Team_OpenSource,1,23.14,9.51,0,140,
41.0,A3,Maldini,3,Team_OpenSource,1,19.6,26.37,0,126,
41.0,A4,Nesta,4,Team_OpenSource,1,21.44,44.97,0,129,
41.0,A5,Carlos,5,Team_OpenSource,1,26.95,58.75,0,128,
41.0,A6,Xavi,6,Team_OpenSource,1,45.67,32.85,0,120,
41.0,A7,Iniesta,8,Team_OpenSource,1,43.01,48.99,0,121,
41.0,A8,Pirlo,21,Team_OpenSource,1,43.27,17.81,0,130,
41.0,A9,Messi,10,Team_OpenSource,1,73.59,19.42,0,128,
41.0,A10,Ronaldo,9,Team_OpenSource,1,74.07,34.91,0,138,
41.0,A11,Ronaldinho,11,Team_OpenSource,1,79.57,48.06,0,132,
41.0,B1,Casillas,1,Team_Proprietary,1,98.38,32.11,0,131,
41.0,B2,Zanetti,2,Team_Proprietary,1,78.14,9.51,0,140,
41.0,B3,Ferdinand,5,Team_Proprietary,1,86.95,25.75,0,136,
41.0,B4,Vidic,15,Team_Proprietary,1,83.61,43.37,0,128,
41.0,B5,Cole,3,Team_Proprietary,1,79.6,59.37,0,125,
41.0,B6,Gerrard,8,Team_Proprietary,1,58.01,23.99,0,134,
41.0,B7,Lampard,4,Team_Proprietary,1,61.44,44.97,0,136,
41.0,B8,Beckham,7,Team_Proprietary,1,58.77,8.0,0,122,
41.0,B9,Giggs,11,Team_Proprietary,1,62.0,59.24,0,136,
41.0,B10,Henry,14,Team_Proprietary,1,33.04,26.55,0,136,
41.0,B11,Rooney,10,Team_Proprietary,1,35.99,41.99,0,127,
41.0,ball,Ball,,BALL,1,102.13,34.86,0,,
41.5,A1,Buffon,1,Team_OpenSource,1,3.38,32.11,0,136,
41.5,A2,Cafu,2,Team_OpenSource,1,23.14,9.51,0,121,
41.5,A3,Maldini,3,Team_OpenSource,1,19.6,26.37,0,135,
41.5,A4,Nesta,4,Team_OpenSource,1,21.44,44.97,0,138,
41.5,A5,Carlos,5,Team_OpenSource,1,26.95,58.75,0,131,
41.5,A6,Xavi,6,Team_OpenSource,1,45.67,32.85,0,125,
41.5,A7,Iniesta,8,Team_OpenSource,1,43.01,48.99,0,122,
41.5,A8,Pirlo,21,Team_OpenSource,1,43.27,17.81,0,128,
41.5,A9,Messi,10,Team_OpenSource,1,73.59,19.42,0,122,
41.5,A10,Ronaldo,9,Team_OpenSource,1,74.07,34.91,0,133,
41.5,A11,Ronaldinho,11,Team_OpenSource,1,79.57,48.06,0,127,
41.5,B1,Casillas,1,Team_Proprietary,1,98.38,32.11,0,136,
41.5,B2,Zanetti,2,Team_Proprietary,1,78.14,9.51,0,134,
41.5,B3,Ferdinand,5,Team_Proprietary,1,86.95,25.75,0,127,
41.5,B4,Vidic,15,Team_Proprietary,1,83.61,43.37,0,124,
41.5,B5,Cole,3,Team_Proprietary,1,79.6,59.37,0,135,
41.5,B6,Gerrard,8,Team_Proprietary,1,58.01,23.99,0,131,
41.5,B7,Lampard,4,Team_Proprietary,1,61.44,44.97,0,120,
41.5,B8,Beckham,7,Team_Proprietary,1,58.77,8.0,0,133,
41.5,B9,Giggs,11,Team_Proprietary,1,62.0,59.24,0,127,
41.5,B10,Henry,14,Team_Proprietary,1,33.04,26.55,0,139,
41.5,B11,Rooney,10,Team_Proprietary,1,35.99,41.99,0,127,
41.5,ball,Ball,,BALL,1,102.99,35.35,0,,
42.0,A1,Buffon,1,Team_OpenSource,1,3.38,32.11,0,127,
42.0,A2,Cafu,2,Team_OpenSource,1,23.14,9.51,0,123,
42.0,A3,Maldini,3,Team_OpenSource,1,19.6,26.37,0,120,
42.0,A4,Nesta,4,Team_OpenSource,1,21.44,44.97,0,131,
42.0,A5,Carlos,5,Team_OpenSource,1,26.95,58.75,0,126,
42.0,A6,Xavi,6,Team_OpenSource,1,45.67,32.85,0,139,
42.0,A7,Iniesta,8,Team_OpenSource,1,43.01,48.99,0,134,
42.0,A8,Pirlo,21,Team_OpenSource,1,43.27,17.81,0,125,
42.0,A9,Messi,10,Team_OpenSource,1,73.59,19.42,0,130,
42.0,A10,Ronaldo,9,Team_OpenSource,1,74.07,34.91,0,121,
42.0,A11,Ronaldinho,11,Team_OpenSource,1,79.57,48.06,0,137,
42.0,B1,Casillas,1,Team_Proprietary,1,98.38,32.11,0,137,
42.0,B2,Zanetti,2,Team_Proprietary,1,78.14,9.51,0,131,
42.0,B3,Ferdinand,5,Team_Proprietary,1,86.95,25.75,0,132,
42.0,B4,Vidic,15,Team_Proprietary,1,83.61,43.37,0,120,
42.0,B5,Cole,3,Team_Proprietary,1,79.6,59.37,0,139,
42.0,B6,Gerrard,8,Team_Proprietary,1,58.01,23.99,0,123,
42.0,B7,Lampard,4,Team_Proprietary,1,61.44,44.97,0,136,
42.0,B8,Beckham,7,Team_Proprietary,1,58.77,8.0,0,137,
42.0,B9,Giggs,11,Team_Proprietary,1,62.0,59.24,0,140,
42.0,B10,Henry,14,Team_Proprietary,1,33.04,26.55,0,133,
42.0,B11,Rooney,10,Team_Proprietary,1,35.99,41.99,0,132,
42.0,ball,Ball,,BALL,1,103.59,35.32,0,,
42.5,A1,Buffon,1,Team_OpenSource,1,3.38,32.11,0,138,goal
42.5,A2,Cafu,2,Team_OpenSource,1,23.14,9.51,0,138,goal
42.5,A3,Maldini,3,Team_OpenSource,1,19.6,26.37,0,140,goal
42.5,A4,Nesta,4,Team_OpenSource,1,21.44,44.97,0,123,goal
42.5,A5,Carlos,5,Team_OpenSource,1,26.95,58.75,0,122,goal
42.5,A6,Xavi,6,Team_OpenSource,1,45.67,32.85,0,137,goal
42.5,A7,Iniesta,8,Team_OpenSource,1,43.01,48.99,0,134,goal
42.5,A8,Pirlo,21,Team_OpenSource,1,43.27,17.81,0,122,goal
42.5,A9,Messi,10,Team_OpenSource,1,73.59,19.42,0,128,goal
42.5,A10,Ronaldo,9,Team_OpenSource,1,74.07,34.91,0,127,goal
42.5,A11,Ronaldinho,11,Team_OpenSource,1,79.57,48.06,0,126,goal
42.5,B1,Casillas,1,Team_Proprietary,1,98.38,32.11,0,122,goal
42.5,B2,Zanetti,2,Team_Proprietary,1,78.14,9.51,0,131,goal
42.5,B3,Ferdinand,5,Team_Proprietary,1,86.95,25.75,0,140,goal
42.5,B4,Vidic,15,Team_Proprietary,1,83.61,43.37,0,134,goal
42.5,B5,Cole,3,Team_Proprietary,1,79.6,59.37,0,140,goal
42.5,B6,Gerrard,8,Team_Proprietary,1,58.01,23.99,0,137,goal
42.5,B7,Lampard,4,Team_Proprietary,1,61.44,44.97,0,140,goal
42.5,B8,Beckham,7,Team_Proprietary,1,58.77,8.0,0,134,goal
42.5,B9,Giggs,11,Team_Proprietary,1,62.0,59.24,0,127,goal
42.5,B10,Henry,14,Team_Proprietary,1,33.04,26.55,0,136,goal
42.5,B11,Rooney,10,Team_Proprietary,1,35.99,41.99,0,132,goal
42.5,ball,Ball,,BALL,1,104.01,34.31,0,,
43.0,A1,Buffon,1,Team_OpenSource,1,3.38,32.11,0,127,
43.0,A2,Cafu,2,Team_OpenSource,1,23.14,9.51,0,129,
43.0,A3,Maldini,3,Team_OpenSource,1,19.6,26.37,0,136,
43.0,A4,Nesta,4,Team_OpenSource,1,21.44,44.97,0,134,
43.0,A5,Carlos,5,Team_OpenSource,1,26.95,58.75,0,138,
43.0,A6,Xavi,6,Team_OpenSource,1,45.67,32.85,0,121,
43.0,A7,Iniesta,8,Team_OpenSource,1,43.01,48.99,0,134,
43.0,A8,Pirlo,21,Team_OpenSource,1,43.27,17.81,0,132,
43.0,A9,Messi,10,Team_OpenSource,1,73.59,19.42,0,136,
43.0,A10,Ronaldo,9,Team_OpenSource,1,74.07,34.91,0,130,
43.0,A11,Ronaldinho,11,Team_OpenSource,1,79.1,48.06,0,135,
43.0,B1,Casillas,1,Team_Proprietary,1,98.38,32.11,0,120,
43.0,B2,Zanetti,2,Team_Proprietary,1,78.14,9.51,0,131,
43.0,B3,Ferdinand,5,Team_Proprietary,1,86.95,25.75,0,135,
43.0,B4,Vidic,15,Team_Proprietary,1,83.61,43.37,0,132,
43.0,B5,Cole,3,Team_Proprietary,1,79.6,59.37,0,134,
43.0,B6,Gerrard,8,Team_Proprietary,1,58.01,23.99,0,121,
43.0,B7,Lampard,4,Team_Proprietary,1,61.44,44.97,0,123,
43.0,B8,Beckham,7,Team_Proprietary,1,58.77,8.0,0,120,
43.0,B9,Giggs,11,Team_Proprietary,1,62.0,59.24,0,132,
43.0,B10,Henry,14,Team_Proprietary,1,33.04,26.55,0,126,
43.0,B11,Rooney,10,Team_Proprietary,1,35.99,41.99,0,134,
43.0,ball,Ball,,BALL,1,104.01,34.31,0,,
43.5,A1,Buffon,1,Team_OpenSource,1,3.38,32.11,0,130,
43.5,A2,Cafu,2,Team_OpenSource,1,23.14,9.51,0,123,
43.5,A3,Maldini,3,Team_OpenSource,1,19.6,26.37,0,130,
43.5,A4,Nesta,4,Team_OpenSource,1,21.44,44.97,0,120,
43.5,A5,Carlos,5,Team_OpenSource,1,26.95,58.75,0,137,
43.5,A6,Xavi,6,Team_OpenSource,1,45.67,32.85,0,135,
43.5,A7,Iniesta,8,Team_OpenSource,1,43.01,48.99,0,125,
43.5,A8,Pirlo,21,Team_OpenSource,1,43.27,17.81,0,129,
43.5,A9,Messi,10,Team_OpenSource,1,73.59,19.42,0,135,
43.5,A10,Ronaldo,9,Team_OpenSource,1,74.07,34.91,0,133,
43.5,A11,Ronaldinho,11,Team_OpenSource,1,78.64,48.06,0,129,
43.5,B1,Casillas,1,Team_Proprietary,1,98.38,32.11,0,139,
43.5,B2,Zanetti,2,Team_Proprietary,1,78.14,9.51,0,138,
43.5,B3,Ferdinand,5,Team_Proprietary,1,86.95,25.75,0,121,
43.5,B4,Vidic,15,Team_Proprietary,1,83.61,43.37,0,126,
43.5,B5,Cole,3,Team_Proprietary,1,79.6,59.37,0,138,
43.5,B6,Gerrard,8,Team_Proprietary,1,58.01,23.99,0,138,
43.5,B7,Lampard,4,Team_Proprietary,1,61.44,44.97,0,132,
43.5,B8,Beckham,7,Team_Proprietary,1,58.77,8.0,0,133,
43.5,B9,Giggs,11,Team_Proprietary,1,62.0,59.24,0,133,
43.5,B10,Henry,14,Team_Proprietary,1,33.04,26.55,0,135,
43.5,B11,Rooney,10,Team_Proprietary,1,35.99,41.99,0,130,
43.5,ball,Ball,,BALL,1,104.01,34.31,0,,
44.0,A1,Buffon,1,Team_OpenSource,1,3.38,32.11,0,125,
44.0,A2,Cafu,2,Team_OpenSource,1,23.14,9.51,0,135,
44.0,A3,Maldini,3,Team_OpenSource,1,19.6,26.37,0,130,
44.0,A4,Nesta,4,Team_OpenSource,1,21.44,44.97,0,127,
44.0,A5,Carlos,5,Team_OpenSource,1,26.95,58.75,0,125,
44.0,A6,Xavi,6,Team_OpenSource,1,45.67,32.85,0,127,
44.0,A7,Iniesta,8,Team_OpenSource,1,43.01,48.99,0,139,
44.0,A8,Pirlo,21,Team_OpenSource,1,43.27,17.81,0,133,
44.0,A9,Messi,10,Team_OpenSource,1,73.59,19.42,0,129,
44.0,A10,Ronaldo,9,Team_OpenSource,1,74.07,34.91,0,136,
44.0,A11,Ronaldinho,11,Team_OpenSource,1,78.21,48.06,0,121,
44.0,B1,Casillas,1,Team_Proprietary,1,98.38,32.11,0,129,
44.0,B2,Zanetti,2,Team_Proprietary,1,78.14,9.51,0,124,
44.0,B3,Ferdinand,5,Team_Proprietary,1,86.95,25.75,0,132,
44.0,B4,Vidic,15,Team_Proprietary,1,83.61,43.37,0,124,
44.0,B5,Cole,3,Team_Proprietary,1,79.6,59.37,0,122,
44.0,B6,Gerrard,8,Team_Proprietary,1,58.01,23.99,0,124,
44.0,B7,Lampard,4,Team_Proprietary,1,61.44,44.97,0,132,
44.0,B8,Beckham,7,Team_Proprietary,1,58.77,8.0,0,122,
44.0,B9,Giggs,11,Team_Proprietary,1,62.0,59.24,0,122,
44.0,B10,Henry,14,Team_Proprietary,1,33.04,26.55,0,135,
44.0,B11,Rooney,10,Team_Proprietary,1,35.99,41.99,0,129,
44.0,ball,Ball,,BALL,1,104.01,34.31,0,,
44.5,A1,Buffon,1,Team_OpenSource,1,3.38,32.11,0,128,
44.5,A2,Cafu,2,Team_OpenSource,1,23.14,9.51,0,140,
44.5,A3,Maldini,3,Team_OpenSource,1,19.6,26.37,0,130,
44.5,A4,Nesta,4,Team_OpenSource,1,21.44,44.97,0,140,
44.5,A5,Carlos,5,Team_OpenSource,1,26.95,58.75,0,132,
44.5,A6,Xavi,6,Team_OpenSource,1,45.67,32.85,0,133,
44.5,A7,Iniesta,8,Team_OpenSource,1,43.01,48.99,0,124,
44.5,A8,Pirlo,21,Team_OpenSource,1,43.27,17.81,0,120,
44.5,A9,Messi,10,Team_OpenSource,1,73.59,19.42,0,124,
44.5,A10,Ronaldo,9,Team_OpenSource,1,74.07,34.91,0,122,
44.5,A11,Ronaldinho,11,Team_OpenSource,1,77.8,48.06,0,132,
44.5,B1,Casillas,1,Team_Proprietary,1,98.38,32.11,0,131,
44.5,B2,Zanetti,2,Team_Proprietary,1,78.14,9.51,0,127,
44.5,B3,Ferdinand,5,Team_Proprietary,1,86.95,25.75,0,124,
44.5,B4,Vidic,15,Team_Proprietary,1,83.61,43.37,0,124,
44.5,B5,Cole,3,Team_Proprietary,1,79.6,59.37,0,122,
44.5,B6,Gerrard,8,Team_Proprietary,1,58.01,23.99,0,127,
44.5,B7,Lampard,4,Team_Proprietary,1,61.44,44.97,0,140,
44.5,B8,Beckham,7,Team_Proprietary,1,58.77,8.0,0,123,
44.5,B9,Giggs,11,Team_Proprietary,1,62.0,59.24,0,140,
44.5,B10,Henry,14,Team_Proprietary,1,33.04,26.55,0,128,
44.5,B11,Rooney,10,Team_Proprietary,1,35.99,41.99,0,126,
44.5,ball,Ball,,BALL,1,104.01,34.31,0,,
45.0,A1,Buffon,1,Team_OpenSource,1,3.38,32.11,0,121,
45.0,A2,Cafu,2,Team_OpenSource,1,23.14,9.51,0,127,
45.0,A3,Maldini,3,Team_OpenSource,1,19.6,26.37,0,125,
45.0,A4,Nesta,4,Team_OpenSource,1,21.44,44.97,0,124,
45.0,A5,Carlos,5,Team_OpenSource,1,26.95,58.75,0,132,
45.0,A6,Xavi,6,Team_OpenSource,1,45.67,32.85,0,129,
45.0,A7,Iniesta,8,Team_OpenSource,1,43.01,48.99,0,136,
45.0,A8,Pirlo,21,Team_OpenSource,1,43.27,17.81,0,128,
45.0,A9,Messi,10,Team_OpenSource,1,73.59,19.42,0,128,
45.0,A10,Ronaldo,9,Team_OpenSource,1,74.07,34.91,0,128,
45.0,A11,Ronaldinho,11,Team_OpenSource,1,77.41,48.06,0,130,
45.0,B1,Casillas,1,Team_Proprietary,1,98.38,32.11,0,130,
45.0,B2,Zanetti,2,Team_Proprietary,1,78.14,9.51,0,140,
45.0,B3,Ferdinand,5,Team_Proprietary,1,86.95,25.75,0,125,
45.0,B4,Vidic,15,Team_Proprietary,1,83.61,43.37,0,133,
45.0,B5,Cole,3,Team_Proprietary,1,79.6,59.37,0,136,
45.0,B6,Gerrard,8,Team_Proprietary,1,58.01,23.99,0,135,
45.0,B7,Lampard,4,Team_Proprietary,1,61.44,44.97,0,136,
45.0,B8,Beckham,7,Team_Proprietary,1,58.77,8.0,0,138,
45.0,B9,Giggs,11,Team_Proprietary,1,62.0,59.24,0,130,
45.0,B10,Henry,14,Team_Proprietary,1,33.04,26.55,0,134,
45.0,B11,Rooney,10,Team_Proprietary,1,35.99,41.99,0,132,
45.0,ball,Ball,,BALL,1,104.01,34.31,0,,
45.5,A1,Buffon,1,Team_OpenSource,1,3.38,32.11,0,124,
45.5,A2,Cafu,2,Team_OpenSource,1,23.14,9.51,0,140,
45.5,A3,Maldini,3,Team_OpenSource,1,19.6,26.37,0,137,
45.5,A4,Nesta,4,Team_OpenSource,1,21.44,44.97,0,128,
45.5,A5,Carlos,5,Team_OpenSource,1,26.95,58.75,0,124,
45.5,A6,Xavi,6,Team_OpenSource,1,45.67,32.85,0,136,
45.5,A7,Iniesta,8,Team_OpenSource,1,43.01,48.99,0,139,
45.5,A8,Pirlo,21,Team_OpenSource,1,43.27,17.81,0,122,
45.5,A9,Messi,10,Team_OpenSource,1,73.59,19.42,0,121,
45.5,A10,Ronaldo,9,Team_OpenSource,1,74.07,34.91,0,135,
45.5,A11,Ronaldinho,11,Team_OpenSource,1,77.04,48.06,0,125,
45.5,B1,Casillas,1,Team_Proprietary,1,98.38,32.11,0,128,
45.5,B2,Zanetti,2,Team_Proprietary,1,78.14,9.51,0,123,
45.5,B3,Ferdinand,5,Team_Proprietary,1,86.95,25.75,0,140,
45.5,B4,Vidic,15,Team_Proprietary,1,83.61,43.37,0,131,
45.5,B5,Cole,3,Team_Proprietary,1,79.6,59.37,0,136,
45.5,B6,Gerrard,8,Team_Proprietary,1,58.01,23.99,0,120,
45.5,B7,Lampard,4,Team_Proprietary,1,61.44,44.97,0,122,
45.5,B8,Beckham,7,Team_Proprietary,1,58.77,8.0,0,129,
45.5,B9,Giggs,11,Team_Proprietary,1,62.0,59.24,0,133,
45.5,B10,Henry,14,Team_Proprietary,1,33.04,26.55,0,126,
45.5,B11,Rooney,10,Team_Proprietary,1,35.99,41.99,0,121,
45.5,ball,Ball,,BALL,1,104.01,34.31,0,,
46.0,A1,Buffon,1,Team_OpenSource,1,3.38,32.11,0,123,
46.0,A2,Cafu,2,Team_OpenSource,1,23.14,9.51,0,136,
46.0,A3,Maldini,3,Team_OpenSource,1,19.6,26.37,0,126,
46.0,A4,Nesta,4,Team_OpenSource,1,21.44,44.97,0,129,
46.0,A5,Carlos,5,Team_OpenSource,1,26.95,58.75,0,136,
46.0,A6,Xavi,6,Team_OpenSource,1,45.67,32.85,0,126,
46.0,A7,Iniesta,8,Team_OpenSource,1,43.01,48.99,0,138,
46.0,A8,Pirlo,21,Team_OpenSource,1,43.27,17.81,0,124,
46.0,A9,Messi,10,Team_OpenSource,1,73.59,19.42,0,140,
46.0,A10,Ronaldo,9,Team_OpenSource,1,74.07,34.91,0,128,
46.0,A11,Ronaldinho,11,Team_OpenSource,1,76.69,48.06,0,140,
46.0,B1,Casillas,1,Team_Proprietary,1,98.38,32.11,0,126,
46.0,B2,Zanetti,2,Team_Proprietary,1,78.14,9.51,0,134,
46.0,B3,Ferdinand,5,Team_Proprietary,1,86.95,25.75,0,124,
46.0,B4,Vidic,15,Team_Proprietary,1,83.61,43.37,0,132,
46.0,B5,Cole,3,Team_Proprietary,1,79.6,59.37,0,122,
46.0,B6,Gerrard,8,Team_Proprietary,1,58.01,23.99,0,128,
46.0,B7,Lampard,4,Team_Proprietary,1,61.44,44.97,0,123,
46.0,B8,Beckham,7,Team_Proprietary,1,58.77,8.0,0,124,
46.0,B9,Giggs,11,Team_Proprietary,1,62.0,59.24,0,134,
46.0,B10,Henry,14,Team_Proprietary,1,33.04,26.55,0,128,
46.0,B11,Rooney,10,Team_Proprietary,1,35.99,41.99,0,124,
46.0,ball,Ball,,BALL,1,104.01,34.31,0,,
46.5,A1,Buffon,1,Team_OpenSource,1,3.46,32.2,0,121,
46.5,A2,Cafu,2,Team_OpenSource,1,23.23,9.54,0,140,
46.5,A3,Maldini,3,Team_OpenSource,1,19.62,26.3,0,132,
46.5,A4,Nesta,4,Team_OpenSource,1,21.36,44.87,0,127,
46.5,A5,Carlos,5,Team_OpenSource,1,26.85,58.72,0,132,
46.5,A6,Xavi,6,Team_OpenSource,1,45.63,32.91,0,135,
46.5,A7,Iniesta,8,Team_OpenSource,1,43.11,49.04,0,123,
46.5,A8,Pirlo,21,Team_OpenSource,1,43.35,17.82,0,122,
46.5,A9,Messi,10,Team_OpenSource,1,73.41,19.2,0,134,
46.5,A10,Ronaldo,9,Team_OpenSource,1,74.12,34.86,0,132,
46.5,A11,Ronaldinho,11,Team_OpenSource,1,76.35,48.3,0,136,
46.5,B1,Casillas,1,Team_Proprietary,1,98.46,32.2,0,134,
46.5,B2,Zanetti,2,Team_Proprietary,1,78.23,9.54,0,138,
46.5,B3,Ferdinand,5,Team_Proprietary,1,86.85,25.72,0,137,
46.5,B4,Vidic,15,Team_Proprietary,1,83.68,43.36,0,135,
46.5,B5,Cole,3,Team_Proprietary,1,79.62,59.3,0,123,
46.5,B6,Gerrard,8,Team_Proprietary,1,58.11,24.04,0,135,
46.5,B7,Lampard,4,Team_Proprietary,1,61.36,44.87,0,123,
46.5,B8,Beckham,7,Team_Proprietary,1,58.84,8.1,0,124,
46.5,B9,Giggs,11,Team_Proprietary,1,61.9,59.18,0,128,
46.5,B10,Henry,14,Team_Proprietary,1,33.14,26.62,0,128,
46.5,B11,Rooney,10,Team_Proprietary,1,35.94,41.89,0,122,
46.5,ball,Ball,,BALL,1,98.86,34.28,0,,
47.0,A1,Buffon,1,Team_OpenSource,1,3.54,32.29,0,137,
47.0,A2,Cafu,2,Team_OpenSource,1,23.32,9.56,0,138,
47.0,A3,Maldini,3,Team_OpenSource,1,19.64,26.24,0,124,
47.0,A4,Nesta,4,Team_OpenSource,1,21.3,44.77,0,124,
47.0,A5,Carlos,5,Team_OpenSource,1,26.76,58.68,0,125,
47.0,A6,Xavi,6,Team_OpenSource,1,45.6,32.96,0,120,
47.0,A7,Iniesta,8,Team_OpenSource,1,43.2,49.09,0,122,
47.0,A8,Pirlo,21,Team_OpenSource,1,43.44,17.83,0,140,
47.0,A9,Messi,10,Team_OpenSource,1,73.24,18.99,0,138,
47.0,A10,Ronaldo,9,Team_OpenSource,1,74.16,34.82,0,130,
47.0,A11,Ronaldinho,11,Team_OpenSource,1,76.03,48.54,0,137,
47.0,B1,Casillas,1,Team_Proprietary,1,98.54,32.29,0,134,
47.0,B2,Zanetti,2,Team_Proprietary,1,78.32,9.56,0,132,
47.0,B3,Ferdinand,5,Team_Proprietary,1,86.76,25.68,0,138,
47.0,B4,Vidic,15,Team_Proprietary,1,83.75,43.34,0,140,
47.0,B5,Cole,3,Team_Proprietary,1,79.64,59.24,0,120,
47.0,B6,Gerrard,8,Team_Proprietary,1,58.2,24.09,0,137,
47.0,B7,Lampard,4,Team_Proprietary,1,61.3,44.77,0,131,
47.0,B8,Beckham,7,Team_Proprietary,1,58.89,8.2,0,129,
47.0,B9,Giggs,11,Team_Proprietary,1,61.8,59.12,0,139,
47.0,B10,Henry,14,Team_Proprietary,1,33.23,26.69,0,140,
47.0,B11,Rooney,10,Team_Proprietary,1,35.89,41.8,0,126,
47.0,ball,Ball,,BALL,1,94.23,34.25,0,,
47.5,A1,Buffon,1,Team_OpenSource,1,3.61,32.38,0,122,
47.5,A2,Cafu,2,Team_OpenSource,1,23.4,9.58,0,130,
47.5,A3,Maldini,3,Team_OpenSource,1,19.66,26.17,0,140,
47.5,A4,Nesta,4,Team_OpenSource,1,21.23,44.69,0,131,
47.5,A5,Carlos,5,Team_OpenSource,1,26.67,58.65,0,138,
47.5,A6,Xavi,6,Team_OpenSource,1,45.57,33.01,0,137,
47.5,A7,Iniesta,8,Team_OpenSource,1,43.29,49.14,0,140,
47.5,A8,Pirlo,21,Team_OpenSource,1,43.51,17.84,0,124,
47.5,A9,Messi,10,Team_OpenSource,1,73.08,18.79,0,136,
47.5,A10,Ronaldo,9,Team_OpenSource,1,74.2,34.78,0,124,
47.5,A11,Ronaldinho,11,Team_OpenSource,1,75.73,48.76,0,126,
47.5,B1,Casillas,1,Team_Proprietary,1,98.61,32.38,0,138,
47.5,B2,Zanetti,2,Team_Proprietary,1,78.4,9.58,0,132,
47.5,B3,Ferdinand,5,Team_Proprietary,1,86.67,25.65,0,125,
47.5,B4,Vidic,15,Team_Proprietary,1,83.81,43.32,0,123,
47.5,B5,Cole,3,Team_Proprietary,1,79.66,59.17,0,139,
47.5,B6,Gerrard,8,Team_Proprietary,1,58.29,24.14,0,136,
47.5,B7,Lampard,4,Team_Proprietary,1,61.23,44.69,0,137,
47.5,B8,Beckham,7,Team_Proprietary,1,58.95,8.29,0,120,
47.5,B9,Giggs,11,Team_Proprietary,1,61.71,59.06,0,123,
47.5,B10,Henry,14,Team_Proprietary,1,33.32,26.76,0,128,
47.5,B11,Rooney,10,Team_Proprietary,1,35.85,41.71,0,120,
47.5,ball,Ball,,BALL,1,90.05,34.22,0,,
48.0,A1,Buffon,1,Team_OpenSource,1,3.68,32.46,0,125,
48.0,A2,Cafu,2,Team_OpenSource,1,23.48,9.6,0,129,
48.0,A3,Maldini,3,Team_OpenSource,1,19.68,26.12,0,125,
48.0,A4,Nesta,4,Team_OpenSource,1,21.17,44.6,0,130,
48.0,A5,Carlos,5,Team_OpenSource,1,26.59,58.61,0,121,
48.0,A6,Xavi,6,Team_OpenSource,1,45.54,33.06,0,133,
48.0,A7,Iniesta,8,Team_OpenSource,1,43.38,49.18,0,122,
48.0,A8,Pirlo,21,Team_OpenSource,1,43.59,17.85,0,133,
48.0,A9,Messi,10,Team_OpenSource,1,72.93,18.6,0,123,
48.0,A10,Ronaldo,9,Team_OpenSource,1,74.24,34.74,0,124,
48.0,A11,Ronaldinho,11,Team_OpenSource,1,75.45,48.97,0,132,
48.0,B1,Casillas,1,Team_Proprietary,1,98.68,32.46,0,130,
48.0,B2,Zanetti,2,Team_Proprietary,1,78.48,9.6,0,127,
48.0,B3,Ferdinand,5,Team_Proprietary,1,86.59,25.61,0,135,
48.0,B4,Vidic,15,Team_Proprietary,1,83.87,43.31,0,135,
48.0,B5,Cole,3,Team_Proprietary,1,79.68,59.12,0,120,
48.0,B6,Gerrard,8,Team_Proprietary,1,58.38,24.18,0,137,
48.0,B7,Lampard,4,Team_Proprietary,1,61.17,44.6,0,136,
48.0,B8,Beckham,7,Team_Proprietary,1,59.0,8.37,0,120,
48.0,B9,Giggs,11,Team_Proprietary,1,61.63,59.01,0,139,
48.0,B10,Henry,14,Team_Proprietary,1,33.4,26.82,0,127,
48.0,B11,Rooney,10,Team_Proprietary,1,35.81,41.62,0,125,
48.0,ball,Ball,,BALL,1,86.3,34.2,0,,
48.5,A1,Buffon,1,Team_OpenSource,1,3.75,32.53,0,140,
48.5,A2,Cafu,2,Team_OpenSource,1,23.56,9.62,0,122,
48.5,A3,Maldini,3,Team_OpenSource,1,19.69,26.06,0,133,
48.5,A4,Nesta,4,Team_OpenSource,1,21.11,44.52,0,126,
48.5,A5,Carlos,5,Team_OpenSource,1,26.51,58.58,0,121,
48.5,A6,Xavi,6,Team_OpenSource,1,45.52,33.11,0,132,
48.5,A7,Iniesta,8,Team_OpenSource,1,43.46,49.22,0,122,
48.5,A8,Pirlo,21,Team_OpenSource,1,43.66,17.85,0,125,
48.5,A9,Messi,10,Team_OpenSource,1,72.78,18.42,0,133,
48.5,A10,Ronaldo,9,Team_OpenSource,1,74.28,34.7,0,130,
48.5,A11,Ronaldinho,11,Team_OpenSource,1,75.17,49.18,0,125,
48.5,B1,Casillas,1,Team_Proprietary,1,98.75,32.53,0,123,
48.5,B2,Zanetti,2,Team_Proprietary,1,78.56,9.62,0,121,
48.5,B3,Ferdinand,5,Team_Proprietary,1,86.51,25.58,0,126,
48.5,B4,Vidic,15,Team_Proprietary,1,83.93,43.29,0,138,
48.5,B5,Cole,3,Team_Proprietary,1,79.69,59.06,0,121,
48.5,B6,Gerrard,8,Team_Proprietary,1,58.46,24.22,0,134,
48.5,B7,Lampard,4,Team_Proprietary,1,61.11,44.52,0,123,
48.5,B8,Beckham,7,Team_Proprietary,1,59.05,8.45,0,138,
48.5,B9,Giggs,11,Team_Proprietary,1,61.55,58.96,0,135,
48.5,B10,Henry,14,Team_Proprietary,1,33.48,26.88,0,137,
48.5,B11,Rooney,10,Team_Proprietary,1,35.77,41.54,0,127,
48.5,ball,Ball,,BALL,1,82.92,34.18,0,,
49.0,A1,Buffon,1,Team_OpenSource,1,4.48,32.4,0,129,
49.0,A2,Cafu,2,Team_OpenSource,1,26.34,8.13,0,120,
49.0,A3,Maldini,3,Team_OpenSource,1,21.97,24.58,0,133,
49.0,A4,Nesta,4,Team_OpenSource,1,20.79,44.42,0,122,
49.0,A5,Carlos,5,Team_OpenSource,1,23.88,59.95,0,120,
49.0,A6,Xavi,6,Team_OpenSource,1,43.0,34.69,0,120,
49.0,A7,Iniesta,8,Team_OpenSource,1,45.87,48.01,0,132,
49.0,A8,Pirlo,21,Team_OpenSource,1,46.55,16.25,0,138,
49.0,A9,Messi,10,Team_OpenSource,1,71.27,15.97,0,125,
49.0,A10,Ronaldo,9,Team_OpenSource,1,76.99,33.05,0,133,
49.0,A11,Ronaldinho,11,Team_OpenSource,1,69.39,55.0,0,140,
49.0,B1,Casillas,1,Team_Proprietary,1,99.48,32.4,0,134,
49.0,B2,Zanetti,2,Team_Proprietary,1,81.34,8.13,0,120,
49.0,B3,Ferdinand,5,Team_Proprietary,1,83.88,26.95,0,123,
49.0,B4,Vidic,15,Team_Proprietary,1,86.84,41.6,0,123,
49.0,B5,Cole,3,Team_Proprietary,1,81.97,57.58,0,125,
49.0,B6,Gerrard,8,Team_Proprietary,1,60.87,23.01,0,129,
49.0,B7,Lampard,4,Team_Proprietary,1,60.79,44.42,0,136,
49.0,B8,Beckham,7,Team_Proprietary,1,58.96,8.79,0,128,
49.0,B9,Giggs,11,Team_Proprietary,1,59.39,60.0,0,123,
49.0,B10,Henry,14,Team_Proprietary,1,35.33,26.04,0,133,
49.0,B11,Rooney,10,Team_Proprietary,1,36.27,40.97,0,126,
49.0,ball,Ball,,BALL,1,42.96,24.33,0,,
49.5,A1,Buffon,1,Team_OpenSource,1,5.46,32.06,0,133,
49.5,A2,Cafu,2,Team_OpenSource,1,26.89,8.55,0,136,
49.5,A3,Maldini,3,Team_OpenSource,1,21.58,25.37,0,137,
49.5,A4,Nesta,4,Team_OpenSource,1,19.81,44.86,0,122,
49.5,A5,Carlos,5,Team_OpenSource,1,23.22,59.63,0,130,
49.5,A6,Xavi,6,Team_OpenSource,1,43.27,33.91,0,130,
49.5,A7,Iniesta,8,Team_OpenSource,1,46.63,48.22,0,122,
49.5,A8,Pirlo,21,Team_OpenSource,1,46.97,16.77,0,127,
49.5,A9,Messi,10,Team_OpenSource,1,70.38,16.57,0,140,
49.5,A10,Ronaldo,9,Team_OpenSource,1,76.86,33.81,0,131,
49.5,A11,Ronaldinho,11,Team_OpenSource,1,68.55,54.89,0,128,
49.5,B1,Casillas,1,Team_Proprietary,1,100.46,32.06,0,128,
49.5,B2,Zanetti,2,Team_Proprietary,1,81.89,8.55,0,128,
49.5,B3,Ferdinand,5,Team_Proprietary,1,83.22,26.63,0,135,
49.5,B4,Vidic,15,Team_Proprietary,1,86.99,42.26,0,129,
49.5,B5,Cole,3,Team_Proprietary,1,81.58,58.37,0,131,
49.5,B6,Gerrard,8,Team_Proprietary,1,61.63,23.22,0,121,
49.5,B7,Lampard,4,Team_Proprietary,1,59.81,44.86,0,136,
49.5,B8,Beckham,7,Team_Proprietary,1,59.9,8.27,0,133,
49.5,B9,Giggs,11,Team_Proprietary,1,58.55,59.89,0,140,
49.5,B10,Henry,14,Team_Proprietary,1,36.24,26.04,0,138,
49.5,B11,Rooney,10,Team_Proprietary,1,35.38,41.57,0,131,
49.5,ball,Ball,,BALL,1,45.57,24.04,0,,
50.0,A1,Buffon,1,Team_OpenSource,1,6.34,32.03,0,129,
50.0,A2,Cafu,2,Team_OpenSource,1,26.97,9.2,0,121,
50.0,A3,Maldini,3,Team_OpenSource,1,20.79,26.11,0,138,
50.0,A4,Nesta,4,Team_OpenSource,1,18.88,45.0,0,130,
50.0,A5,Carlos,5,Team_OpenSource,1,23.0,59.05,0,126,
50.0,A6,Xavi,6,Team_OpenSource,1,43.96,33.14,0,140,
50.0,A7,Iniesta,8,Team_OpenSource,1,46.99,48.72,0,122,
50.0,A8,Pirlo,21,Team_OpenSource,1,46.9,17.48,0,138,
50.0,A9,Messi,10,Team_OpenSource,1,69.39,16.93,0,123,
50.0,A10,Ronaldo,9,Team_OpenSource,1,76.27,34.6,0,131,
50.0,A11,Ronaldinho,11,Team_OpenSource,1,68.07,54.48,0,131,
50.0,B1,Casillas,1,Team_Proprietary,1,101.34,32.03,0,133,
50.0,B2,Zanetti,2,Team_Proprietary,1,81.97,9.2,0,130,
50.0,B3,Ferdinand,5,Team_Proprietary,1,83.0,26.05,0,125,
50.0,B4,Vidic,15,Team_Proprietary,1,86.65,43.04,0,138,
50.0,B5,Cole,3,Team_Proprietary,1,80.79,59.11,0,129,
50.0,B6,Gerrard,8,Team_Proprietary,1,61.99,23.72,0,123,
50.0,B7,Lampard,4,Team_Proprietary,1,58.88,45.0,0,125,
50.0,B8,Beckham,7,Team_Proprietary,1,60.87,8.02,0,128,
50.0,B9,Giggs,11,Team_Proprietary,1,58.07,59.48,0,140,
50.0,B10,Henry,14,Team_Proprietary,1,36.84,26.34,0,134,
50.0,B11,Rooney,10,Team_Proprietary,1,34.39,41.93,0,137,
50.0,ball,Ball,,BALL,1,49.88,24.96,0,,
50.5,A1,Buffon,1,Team_OpenSource,1,6.89,32.3,0,133,
50.5,A2,Cafu,2,Team_OpenSource,1,26.58,9.98,0,133,
50.5,A3,Maldini,3,Team_OpenSource,1,19.81,26.67,0,123,
50.5,A4,Nesta,4,Team_OpenSource,1,18.22,44.83,0,137,
50.5,A5,Carlos,5,Team_OpenSource,1,23.27,58.3,0,140,
50.5,A6,Xavi,6,Team_OpenSource,1,44.9,32.5,0,120,
50.5,A7,Iniesta,8,Team_OpenSource,1,46.86,49.42,0,122,
50.5,A8,Pirlo,21,Team_OpenSource,1,46.37,18.28,0,122,
50.5,A9,Messi,10,Team_OpenSource,1,68.55,16.98,0,133,
50.5,A10,Ronaldo,9,Team_OpenSource,1,75.38,35.3,0,139,
50.5,A11,Ronaldinho,11,Team_OpenSource,1,68.06,53.85,0,134,
50.5,B1,Casillas,1,Team_Proprietary,1,101.89,32.3,0,129,
50.5,B2,Zanetti,2,Team_Proprietary,1,81.58,9.98,0,127,
50.5,B3,Ferdinand,5,Team_Proprietary,1,83.27,25.3,0,135,
50.5,B4,Vidic,15,Team_Proprietary,1,85.91,43.82,0,133,
50.5,B5,Cole,3,Team_Proprietary,1,79.81,59.67,0,120,
50.5,B6,Gerrard,8,Team_Proprietary,1,61.86,24.42,0,138,
50.5,B7,Lampard,4,Team_Proprietary,1,58.22,44.83,0,126,
50.5,B8,Beckham,7,Team_Proprietary,1,61.63,8.08,0,121,
50.5,B9,Giggs,11,Team_Proprietary,1,58.06,58.85,0,134,
50.5,B10,Henry,14,Team_Proprietary,1,36.99,26.91,0,122,
50.5,B11,Rooney,10,Team_Proprietary,1,33.55,41.98,0,132,
50.5,ball,Ball,,BALL,1,54.82,26.98,0,,
51.0,A1,Buffon,1,Team_OpenSource,1,6.97,32.85,0,121,
51.0,A2,Cafu,2,Team_OpenSource,1,25.79,10.76,0,139,
51.0,A3,Maldini,3,Team_OpenSource,1,18.88,26.97,0,130,
51.0,A4,Nesta,4,Team_OpenSource,1,18.0,44.37,0,132,
51.0,A5,Carlos,5,Team_OpenSource,1,23.96,57.51,0,135,
51.0,A6,Xavi,6,Team_OpenSource,1,45.87,32.1,0,136,
51.0,A7,Iniesta,8,Team_OpenSource,1,46.27,50.21,0,132,
51.0,A8,Pirlo,21,Team_OpenSource,1,45.51,19.03,0,125,
51.0,A9,Messi,10,Team_OpenSource,1,68.07,16.72,0,135,
51.0,A10,Ronaldo,9,Team_OpenSource,1,74.39,35.79,0,139,
51.0,A11,Ronaldinho,11,Team_OpenSource,1,68.52,53.07,0,134,
51.0,B1,Casillas,1,Team_Proprietary,1,101.97,32.85,0,127,
51.0,B2,Zanetti,2,Team_Proprietary,1,80.79,10.76,0,136,
51.0,B3,Ferdinand,5,Team_Proprietary,1,83.96,24.51,0,140,
51.0,B4,Vidic,15,Team_Proprietary,1,84.95,44.47,0,127,
51.0,B5,Cole,3,Team_Proprietary,1,78.88,59.97,0,121,
51.0,B6,Gerrard,8,Team_Proprietary,1,61.27,25.21,0,135,
51.0,B7,Lampard,4,Team_Proprietary,1,58.0,44.37,0,125,
51.0,B8,Beckham,7,Team_Proprietary,1,61.99,8.44,0,135,
51.0,B9,Giggs,11,Team_Proprietary,1,58.52,58.07,0,136,
51.0,B10,Henry,14,Team_Proprietary,1,36.65,27.65,0,126,
51.0,B11,Rooney,10,Team_Proprietary,1,33.07,41.72,0,126,
51.0,ball,Ball,,BALL,1,59.2,29.85,0,,
51.5,A1,Buffon,1,Team_OpenSource,1,6.58,33.58,0,124,
51.5,A2,Cafu,2,Team_OpenSource,1,24.81,11.42,0,124,
51.5,A3,Maldini,3,Team_OpenSource,1,18.22,26.95,0,122,
51.5,A4,Nesta,4,Team_OpenSource,1,18.27,43.69,0,129,
51.5,A5,Carlos,5,Team_OpenSource,1,24.9,56.79,0,133,
51.5,A6,Xavi,6,Team_OpenSource,1,46.63,32.01,0,134,
51.5,A7,Iniesta,8,Team_OpenSource,1,45.38,50.97,0,132,
51.5,A8,Pirlo,21,Team_OpenSource,1,44.52,19.61,0,134,
51.5,A9,Messi,10,Team_OpenSource,1,68.06,16.19,0,129,
51.5,A10,Ronaldo,9,Team_OpenSource,1,73.55,36.0,0,120,
51.5,A11,Ronaldinho,11,Team_OpenSource,1,69.35,52.29,0,127,
51.5,B1,Casillas,1,Team_Proprietary,1,101.58,33.58,0,139,
51.5,B2,Zanetti,2,Team_Proprietary,1,79.81,11.42,0,122,
51.5,B3,Ferdinand,5,Team_Proprietary,1,84.9,23.79,0,130,
51.5,B4,Vidic,15,Team_Proprietary,1,83.99,44.88,0,137,
51.5,B5,Cole,3,Team_Proprietary,1,78.22,59.95,0,131,
51.5,B6,Gerrard,8,Team_Proprietary,1,60.38,25.97,0,138,
51.5,B7,Lampard,4,Team_Proprietary,1,58.27,43.69,0,139,
51.5,B8,Beckham,7,Team_Proprietary,1,61.86,9.05,0,120,
51.5,B9,Giggs,11,Team_Proprietary,1,59.35,57.29,0,122,
51.5,B10,Henry,14,Team_Proprietary,1,35.91,28.44,0,128,
51.5,B11,Rooney,10,Team_Proprietary,1,33.06,41.19,0,132,
51.5,ball,Ball,,BALL,1,61.94,33.22,0,,
52.0,A1,Buffon,1,Team_OpenSource,1,5.79,34.37,0,136,
52.0,A2,Cafu,2,Team_OpenSource,1,23.88,11.86,0,125,
52.0,A3,Maldini,3,Team_OpenSource,1,18.0,26.63,0,136,
52.0,A4,Nesta,4,Team_OpenSource,1,18.96,42.91,0,128,
52.0,A5,Carlos,5,Team_OpenSource,1,25.87,56.27,0,136,
52.0,A6,Xavi,6,Team_OpenSource,1,46.99,32.22,0,123,
52.0,A7,Iniesta,8,Team_OpenSource,1,44.39,51.57,0,133,
52.0,A8,Pirlo,21,Team_OpenSource,1,43.65,19.95,0,139,
52.0,A9,Messi,10,Team_OpenSource,1,68.52,15.47,0,122,
52.0,A10,Ronaldo,9,Team_OpenSource,1,73.07,35.89,0,122,
52.0,A11,Ronaldinho,11,Team_OpenSource,1,70.33,51.62,0,120,
52.0,B1,Casillas,1,Team_Proprietary,1,100.79,34.37,0,133,
52.0,B2,Zanetti,2,Team_Proprietary,1,78.88,11.86,0,140,
52.0,B3,Ferdinand,5,Team_Proprietary,1,85.87,23.27,0,129,
52.0,B4,Vidic,15,Team_Proprietary,1,83.29,45.0,0,121,
52.0,B5,Cole,3,Team_Proprietary,1,78.0,59.63,0,128,
52.0,B6,Gerrard,8,Team_Proprietary,1,59.39,26.57,0,136,
52.0,B7,Lampard,4,Team_Proprietary,1,58.96,42.91,0,130,
52.0,B8,Beckham,7,Team_Proprietary,1,61.27,9.81,0,135,
52.0,B9,Giggs,11,Team_Proprietary,1,60.33,56.62,0,120,
52.0,B10,Henry,14,Team_Proprietary,1,34.95,29.17,0,137,
52.0,B11,Rooney,10,Team_Proprietary,1,33.52,40.47,0,138,
52.0,ball,Ball,,BALL,1,62.37,36.68,0,,
52.5,A1,Buffon,1,Team_OpenSource,1,4.81,35.11,0,132,
52.5,A2,Cafu,2,Team_OpenSource,1,23.22,12.0,0,135,
52.5,A3,Maldini,3,Team_OpenSource,1,18.27,26.05,0,126,
52.5,A4,Nesta,4,Team_OpenSource,1,19.9,42.14,0,121,
52.5,A5,Carlos,5,Team_OpenSource,1,26.63,56.02,0,134,
52.5,A6,Xavi,6,Team_OpenSource,1,46.86,32.72,0,122,
52.5,A7,Iniesta,8,Team_OpenSource,1,43.55,51.93,0,122,
52.5,A8,Pirlo,21,Team_OpenSource,1,43.11,19.97,0,133,
52.5,A9,Messi,10,Team_OpenSource,1,69.35,14.67,0,137,
52.5,A10,Ronaldo,9,Team_OpenSource,1,73.06,35.48,0,132,
52.5,A11,Ronaldinho,11,Team_OpenSource,1,71.24,51.16,0,136,
52.5,B1,Casillas,1,Team_Proprietary,1,99.81,35.11,0,136,
52.5,B2,Zanetti,2,Team_Proprietary,1,78.22,12.0,0,126,
52.5,B3,Ferdinand,5,Team_Proprietary,1,86.63,23.02,0,136,
52.5,B4,Vidic,15,Team_Proprietary,1,83.0,44.8,0,134,
52.5,B5,Cole,3,Team_Proprietary,1,78.27,59.05,0,123,
52.5,B6,Gerrard,8,Team_Proprietary,1,58.55,26.93,0,140,
52.5,B7,Lampard,4,Team_Proprietary,1,59.9,42.14,0,125,
52.5,B8,Beckham,7,Team_Proprietary,1,60.38,10.6,0,133,
52.5,B9,Giggs,11,Team_Proprietary,1,61.24,56.16,0,120,
52.5,B10,Henry,14,Team_Proprietary,1,33.99,29.71,0,138,
52.5,B11,Rooney,10,Team_Proprietary,1,34.35,39.67,0,125,
52.5,ball,Ball,,BALL,1,60.38,39.82,0,,
53.0,A1,Buffon,1,Team_OpenSource,1,3.88,35.67,0,127,
53.0,A2,Cafu,2,Team_OpenSource,1,23.0,11.83,0,139,
53.0,A3,Maldini,3,Team_OpenSource,1,18.96,25.3,0,136,
53.0,A4,Nesta,4,Team_OpenSource,1,20.87,41.5,0,137,
53.0,A5,Carlos,5,Team_OpenSource,1,26.99,56.08,0,130,
53.0,A6,Xavi,6,Team_OpenSource,1,46.27,33.42,0,125,
53.0,A7,Iniesta,8,Team_OpenSource,1,43.07,51.98,0,128,
53.0,A8,Pirlo,21,Team_OpenSource,1,43.03,19.69,0,139,
53.0,A9,Messi,10,Team_OpenSource,1,70.33,13.93,0,133,
53.0,A10,Ronaldo,9,Team_OpenSource,1,73.52,34.85,0,134,
53.0,A11,Ronaldinho,11,Team_OpenSource,1,71.84,51.0,0,140,
53.0,B1,Casillas,1,Team_Proprietary,1,98.88,35.67,0,129,
53.0,B2,Zanetti,2,Team_Proprietary,1,78.0,11.83,0,129,
53.0,B3,Ferdinand,5,Team_Proprietary,1,86.99,23.08,0,120,
53.0,B4,Vidic,15,Team_Proprietary,1,83.2,44.32,0,131,
53.0,B5,Cole,3,Team_Proprietary,1,78.96,58.3,0,121,
53.0,B6,Gerrard,8,Team_Proprietary,1,58.07,26.98,0,132,
53.0,B7,Lampard,4,Team_Proprietary,1,60.87,41.5,0,133,
53.0,B8,Beckham,7,Team_Proprietary,1,59.39,11.3,0,132,
53.0,B9,Giggs,11,Team_Proprietary,1,61.84,56.0,0,134,
53.0,B10,Henry,14,Team_Proprietary,1,33.29,29.98,0,125,
53.0,B11,Rooney,10,Team_Proprietary,1,35.33,38.93,0,139,
53.0,ball,Ball,,BALL,1,56.46,42.26,0,,
53.5,A1,Buffon,1,Team_OpenSource,1,3.22,35.97,0,121,
53.5,A2,Cafu,2,Team_OpenSource,1,23.27,11.37,0,129,
53.5,A3,Maldini,3,Team_OpenSource,1,19.9,24.51,0,140,
53.5,A4,Nesta,4,Team_OpenSource,1,21.63,41.1,0,127,
53.5,A5,Carlos,5,Team_OpenSource,1,26.86,56.44,0,138,
53.5,A6,Xavi,6,Team_OpenSource,1,45.38,34.21,0,134,
53.5,A7,Iniesta,8,Team_OpenSource,1,43.06,51.72,0,137,
53.5,A8,Pirlo,21,Team_OpenSource,1,43.44,19.13,0,140,
53.5,A9,Messi,10,Team_OpenSource,1,71.24,13.36,0,121,
53.5,A10,Ronaldo,9,Team_OpenSource,1,74.35,34.07,0,124,
53.5,A11,Ronaldinho,11,Team_OpenSource,1,71.99,51.15,0,138,
53.5,B1,Casillas,1,Team_Proprietary,1,98.22,35.97,0,134,
53.5,B2,Zanetti,2,Team_Proprietary,1,78.27,11.37,0,121,
53.5,B3,Ferdinand,5,Team_Proprietary,1,86.86,23.44,0,125,
53.5,B4,Vidic,15,Team_Proprietary,1,83.85,43.63,0,140,
53.5,B5,Cole,3,Team_Proprietary,1,79.9,57.51,0,128,
53.5,B6,Gerrard,8,Team_Proprietary,1,58.06,26.72,0,138,
53.5,B7,Lampard,4,Team_Proprietary,1,61.63,41.1,0,123,
53.5,B8,Beckham,7,Team_Proprietary,1,58.55,11.79,0,137,
53.5,B9,Giggs,11,Team_Proprietary,1,61.99,56.15,0,135,
53.5,B10,Henry,14,Team_Proprietary,1,33.0,29.94,0,133,
53.5,B11,Rooney,10,Team_Proprietary,1,36.24,38.36,0,130,
53.5,ball,Ball,,BALL,1,51.57,43.69,0,,
54.0,A1,Buffon,1,Team_OpenSource,1,3.0,35.95,0,130,
54.0,A2,Cafu,2,Team_OpenSource,1,23.96,10.69,0,133,
54.0,A3,Maldini,3,Team_OpenSource,1,20.87,23.79,0,122,
54.0,A4,Nesta,4,Team_OpenSource,1,21.99,41.01,0,137,
54.0,A5,Carlos,5,Team_OpenSource,1,26.27,57.05,0,135,
54.0,A6,Xavi,6,Team_OpenSource,1,44.39,34.97,0,130,
54.0,A7,Iniesta,8,Team_OpenSource,1,43.52,51.19,0,135,
54.0,A8,Pirlo,21,Team_OpenSource,1,44.22,18.4,0,130,
54.0,A9,Messi,10,Team_OpenSource,1,71.84,13.04,0,127,
54.0,A10,Ronaldo,9,Team_OpenSource,1,75.33,33.29,0,137,
54.0,A11,Ronaldinho,11,Team_OpenSource,1,71.65,51.6,0,127,
54.0,B1,Casillas,1,Team_Proprietary,1,98.0,35.95,0,136,
54.0,B2,Zanetti,2,Team_Proprietary,1,78.96,10.69,0,125,
54.0,B3,Ferdinand,5,Team_Proprietary,1,86.27,24.05,0,136,
54.0,B4,Vidic,15,Team_Proprietary,1,84.77,42.84,0,136,
54.0,B5,Cole,3,Team_Proprietary,1,80.87,56.79,0,138,
54.0,B6,Gerrard,8,Team_Proprietary,1,58.52,26.19,0,127,
54.0,B7,Lampard,4,Team_Proprietary,1,61.99,41.01,0,134,
54.0,B8,Beckham,7,Team_Proprietary,1,58.07,12.0,0,139,
54.0,B9,Giggs,11,Team_Proprietary,1,61.65,56.6,0,126,
54.0,B10,Henry,14,Team_Proprietary,1,33.2,29.59,0,122,
54.0,B11,Rooney,10,Team_Proprietary,1,36.84,38.04,0,138,
54.0,ball,Ball,,BALL,1,46.91,43.95,0,,
54.5,A1,Buffon,1,Team_OpenSource,1,3.27,35.63,0,121,
54.5,A2,Cafu,2,Team_OpenSource,1,24.9,9.91,0,131,
54.5,A3,Maldini,3,Team_OpenSource,1,21.63,23.27,0,134,
54.5,A4,Nesta,4,Team_OpenSource,1,21.86,41.22,0,126,
54.5,A5,Carlos,5,Team_OpenSource,1,25.38,57.81,0,127,
54.5,A6,Xavi,6,Team_OpenSource,1,43.55,35.57,0,139,
54.5,A7,Iniesta,8,Team_OpenSource,1,44.35,50.47,0,139,
54.5,A8,Pirlo,21,Team_OpenSource,1,45.2,17.61,0,120,
54.5,A9,Messi,10,Team_OpenSource,1,71.99,13.04,0,126,
54.5,A10,Ronaldo,9,Team_OpenSource,1,76.24,32.62,0,132,
54.5,A11,Ronaldinho,11,Team_OpenSource,1,70.91,52.26,0,129,
54.5,B1,Casillas,1,Team_Proprietary,1,98.27,35.63,0,128,
54.5,B2,Zanetti,2,Team_Proprietary,1,79.9,9.91,0,127,
54.5,B3,Ferdinand,5,Team_Proprietary,1,85.38,24.81,0,129,
54.5,B4,Vidic,15,Team_Proprietary,1,85.75,42.08,0,121,
54.5,B5,Cole,3,Team_Proprietary,1,81.63,56.27,0,137,
54.5,B6,Gerrard,8,Team_Proprietary,1,59.35,25.47,0,127,
54.5,B7,Lampard,4,Team_Proprietary,1,61.86,41.22,0,123,
54.5,B8,Beckham,7,Team_Proprietary,1,58.06,11.89,0,133,
54.5,B9,Giggs,11,Team_Proprietary,1,60.91,57.26,0,136,
54.5,B10,Henry,14,Team_Proprietary,1,33.85,28.99,0,137,
54.5,B11,Rooney,10,Team_Proprietary,1,36.99,38.04,0,130,
54.5,ball,Ball,,BALL,1,43.62,43.0,0,,
55.0,A1,Buffon,1,Team_OpenSource,1,3.27,35.63,0,134,
55.0,A2,Cafu,2,Team_OpenSource,1,24.9,9.91,0,138,
55.0,A3,Maldini,3,Team_OpenSource,1,21.63,23.27,0,137,
55.0,A4,Nesta,4,Team_OpenSource,1,21.86,41.22,0,139,
55.0,A5,Carlos,5,Team_OpenSource,1,25.38,57.81,0,137,
55.0,A6,Xavi,6,Team_OpenSource,1,43.55,35.57,0,132,
55.0,A7,Iniesta,8,Team_OpenSource,1,44.35,50.47,0,130,
55.0,A8,Pirlo,21,Team_OpenSource,1,45.2,17.61,0,132,
55.0,A9,Messi,10,Team_OpenSource,1,71.99,13.04,0,133,
55.0,A10,Ronaldo,9,Team_OpenSource,1,76.24,32.62,0,139,
55.0,A11,Ronaldinho,11,Team_OpenSource,1,70.91,52.26,0,134,
55.0,B1,Casillas,1,Team_Proprietary,1,98.27,35.63,0,124,
55.0,B2,Zanetti,2,Team_Proprietary,1,79.9,9.91,0,130,
55.0,B3,Ferdinand,5,Team_Proprietary,1,85.38,24.81,0,133,
55.0,B4,Vidic,15,Team_Proprietary,1,85.75,42.08,0,129,
55.0,B5,Cole,3,Team_Proprietary,1,81.63,56.27,0,122,
55.0,B6,Gerrard,8,Team_Proprietary,1,59.35,25.47,0,140,
55.0,B7,Lampard,4,Team_Proprietary,1,61.86,41.22,0,135,
55.0,B8,Beckham,7,Team_Proprietary,1,55.94,12.99,0,124,
55.0,B9,Giggs,11,Team_Proprietary,1,60.91,57.26,0,134,
55.0,B10,Henry,14,Team_Proprietary,1,32.55,29.24,0,134,
55.0,B11,Rooney,10,Team_Proprietary,1,36.99,38.04,0,129,
55.0,ball,Ball,,BALL,1,56.94,12.99,0,,
55.5,A1,Buffon,1,Team_OpenSource,1,3.27,35.63,0,134,
55.5,A2,Cafu,2,Team_OpenSource,1,24.9,9.91,0,133,
55.5,A3,Maldini,3,Team_OpenSource,1,21.63,23.27,0,133,
55.5,A4,Nesta,4,Team_OpenSource,1,21.86,41.22,0,129,
55.5,A5,Carlos,5,Team_OpenSource,1,25.38,57.81,0,128,
55.5,A6,Xavi,6,Team_OpenSource,1,43.55,35.57,0,136,
55.5,A7,Iniesta,8,Team_OpenSource,1,44.35,50.47,0,132,
55.5,A8,Pirlo,21,Team_OpenSource,1,45.2,17.61,0,121,
55.5,A9,Messi,10,Team_OpenSource,1,71.99,13.04,0,133,
55.5,A10,Ronaldo,9,Team_OpenSource,1,76.24,32.62,0,138,
55.5,A11,Ronaldinho,11,Team_OpenSource,1,70.91,52.26,0,135,
55.5,B1,Casillas,1,Team_Proprietary,1,98.27,35.63,0,137,
55.5,B2,Zanetti,2,Team_Proprietary,1,79.9,9.91,0,126,
55.5,B3,Ferdinand,5,Team_Proprietary,1,85.38,24.81,0,125,
55.5,B4,Vidic,15,Team_Proprietary,1,85.75,42.08,0,130,
55.5,B5,Cole,3,Team_Proprietary,1,81.63,56.27,0,128,
55.5,B6,Gerrard,8,Team_Proprietary,1,59.35,25.47,0,128,
55.5,B7,Lampard,4,Team_Proprietary,1,61.86,41.22,0,123,
55.5,B8,Beckham,7,Team_Proprietary,1,53.93,14.04,0,134,
55.5,B9,Giggs,11,Team_Proprietary,1,60.91,57.26,0,138,
55.5,B10,Henry,14,Team_Proprietary,1,31.31,29.48,0,126,
55.5,B11,Rooney,10,Team_Proprietary,1,36.99,38.04,0,129,
55.5,ball,Ball,,BALL,1,54.93,14.04,0,,
56.0,A1,Buffon,1,Team_OpenSource,1,3.27,35.63,0,138,
56.0,A2,Cafu,2,Team_OpenSource,1,24.9,9.91,0,131,
56.0,A3,Maldini,3,Team_OpenSource,1,21.63,23.27,0,134,
56.0,A4,Nesta,4,Team_OpenSource,1,21.86,41.22,0,128,
56.0,A5,Carlos,5,Team_OpenSource,1,25.38,57.81,0,122,
56.0,A6,Xavi,6,Team_OpenSource,1,43.55,35.57,0,120,
56.0,A7,Iniesta,8,Team_OpenSource,1,44.35,50.47,0,135,
56.0,A8,Pirlo,21,Team_OpenSource,1,45.2,17.61,0,134,
56.0,A9,Messi,10,Team_OpenSource,1,71.99,13.04,0,122,
56.0,A10,Ronaldo,9,Team_OpenSource,1,76.24,32.62,0,122,
56.0,A11,Ronaldinho,11,Team_OpenSource,1,70.91,52.26,0,131,
56.0,B1,Casillas,1,Team_Proprietary,1,98.27,35.63,0,133,
56.0,B2,Zanetti,2,Team_Proprietary,1,79.9,9.91,0,130,
56.0,B3,Ferdinand,5,Team_Proprietary,1,85.38,24.81,0,123,
56.0,B4,Vidic,15,Team_Proprietary,1,85.75,42.08,0,120,
56.0,B5,Cole,3,Team_Proprietary,1,81.63,56.27,0,121,
56.0,B6,Gerrard,8,Team_Proprietary,1,59.35,25.47,0,137,
56.0,B7,Lampard,4,Team_Proprietary,1,61.86,41.22,0,122,
56.0,B8,Beckham,7,Team_Proprietary,1,52.02,15.04,0,127,
56.0,B9,Giggs,11,Team_Proprietary,1,60.91,57.26,0,136,
56.0,B10,Henry,14,Team_Proprietary,1,30.14,29.71,0,133,
56.0,B11,Rooney,10,Team_Proprietary,1,36.99,38.04,0,124,
56.0,ball,Ball,,BALL,1,53.02,15.04,0,,
56.5,A1,Buffon,1,Team_OpenSource,1,3.27,35.63,0,120,
56.5,A2,Cafu,2,Team_OpenSource,1,24.9,9.91,0,138,
56.5,A3,Maldini,3,Team_OpenSource,1,21.63,23.27,0,131,
56.5,A4,Nesta,4,Team_OpenSource,1,21.86,41.22,0,128,
56.5,A5,Carlos,5,Team_OpenSource,1,25.38,57.81,0,138,
56.5,A6,Xavi,6,Team_OpenSource,1,43.55,35.57,0,127,
56.5,A7,Iniesta,8,Team_OpenSource,1,44.35,50.47,0,131,
56.5,A8,Pirlo,21,Team_OpenSource,1,45.2,17.61,0,138,
56.5,A9,Messi,10,Team_OpenSource,1,71.99,13.04,0,125,
56.5,A10,Ronaldo,9,Team_OpenSource,1,76.24,32.62,0,126,
56.5,A11,Ronaldinho,11,Team_OpenSource,1,70.91,52.26,0,130,
56.5,B1,Casillas,1,Team_Proprietary,1,98.27,35.63,0,134,
56.5,B2,Zanetti,2,Team_Proprietary,1,79.9,9.91,0,120,
56.5,B3,Ferdinand,5,Team_Proprietary,1,85.38,24.81,0,123,
56.5,B4,Vidic,15,Team_Proprietary,1,85.75,42.08,0,131,
56.5,B5,Cole,3,Team_Proprietary,1,81.63,56.27,0,120,
56.5,B6,Gerrard,8,Team_Proprietary,1,59.35,25.47,0,124,
56.5,B7,Lampard,4,Team_Proprietary,1,61.86,41.22,0,125,
56.5,B8,Beckham,7,Team_Proprietary,1,52.02,15.04,0,131,
56.5,B9,Giggs,11,Team_Proprietary,1,60.91,57.26,0,138,
56.5,B10,Henry,14,Team_Proprietary,1,30.14,29.71,0,132,
56.5,B11,Rooney,10,Team_Proprietary,1,36.99,38.04,0,140,
56.5,ball,Ball,,BALL,1,48.45,17.98,0,,
57.0,A1,Buffon,1,Team_OpenSource,1,3.27,35.63,0,127,
57.0,A2,Cafu,2,Team_OpenSource,1,24.9,9.91,0,132,
57.0,A3,Maldini,3,Team_OpenSource,1,21.63,23.27,0,134,
57.0,A4,Nesta,4,Team_OpenSource,1,21.86,41.22,0,133,
57.0,A5,Carlos,5,Team_OpenSource,1,25.38,57.81,0,120,
57.0,A6,Xavi,6,Team_OpenSource,1,43.55,35.57,0,124,
57.0,A7,Iniesta,8,Team_OpenSource,1,44.35,50.47,0,135,
57.0,A8,Pirlo,21,Team_OpenSource,1,45.2,17.61,0,140,
57.0,A9,Messi,10,Team_OpenSource,1,71.99,13.04,0,138,
57.0,A10,Ronaldo,9,Team_OpenSource,1,76.24,32.62,0,136,
57.0,A11,Ronaldinho,11,Team_OpenSource,1,70.91,52.26,0,123,
57.0,B1,Casillas,1,Team_Proprietary,1,98.27,35.63,0,126,
57.0,B2,Zanetti,2,Team_Proprietary,1,79.9,9.91,0,125,
57.0,B3,Ferdinand,5,Team_Proprietary,1,85.38,24.81,0,132,
57.0,B4,Vidic,15,Team_Proprietary,1,85.75,42.08,0,135,
57.0,B5,Cole,3,Team_Proprietary,1,81.63,56.27,0,128,
57.0,B6,Gerrard,8,Team_Proprietary,1,59.35,25.47,0,124,
57.0,B7,Lampard,4,Team_Proprietary,1,61.86,41.22,0,130,
57.0,B8,Beckham,7,Team_Proprietary,1,52.02,15.04,0,132,
57.0,B9,Giggs,11,Team_Proprietary,1,60.91,57.26,0,129,
57.0,B10,Henry,14,Team_Proprietary,1,30.14,29.71,0,137,
57.0,B11,Rooney,10,Team_Proprietary,1,36.99,38.04,0,128,
57.0,ball,Ball,,BALL,1,44.79,20.32,0,,
57.5,A1,Buffon,1,Team_OpenSource,1,3.27,35.63,0,129,
57.5,A2,Cafu,2,Team_OpenSource,1,24.9,9.91,0,139,
57.5,A3,Maldini,3,Team_OpenSource,1,21.63,23.27,0,137,
57.5,A4,Nesta,4,Team_OpenSource,1,21.86,41.22,0,139,
57.5,A5,Carlos,5,Team_OpenSource,1,25.38,57.81,0,122,
57.5,A6,Xavi,6,Team_OpenSource,1,43.55,35.57,0,136,
57.5,A7,Iniesta,8,Team_OpenSource,1,44.35,50.47,0,137,
57.5,A8,Pirlo,21,Team_OpenSource,1,45.2,17.61,0,121,
57.5,A9,Messi,10,Team_OpenSource,1,71.99,13.04,0,131,
57.5,A10,Ronaldo,9,Team_OpenSource,1,76.24,32.62,0,139,
57.5,A11,Ronaldinho,11,Team_OpenSource,1,70.91,52.26,0,137,
57.5,B1,Casillas,1,Team_Proprietary,1,98.27,35.63,0,131,
57.5,B2,Zanetti,2,Team_Proprietary,1,79.9,9.91,0,132,
57.5,B3,Ferdinand,5,Team_Proprietary,1,85.38,24.81,0,132,
57.5,B4,Vidic,15,Team_Proprietary,1,85.75,42.08,0,137,
57.5,B5,Cole,3,Team_Proprietary,1,81.63,56.27,0,129,
57.5,B6,Gerrard,8,Team_Proprietary,1,59.35,25.47,0,125,
57.5,B7,Lampard,4,Team_Proprietary,1,61.86,41.22,0,121,
57.5,B8,Beckham,7,Team_Proprietary,1,52.02,15.04,0,137,
57.5,B9,Giggs,11,Team_Proprietary,1,60.91,57.26,0,128,
57.5,B10,Henry,14,Team_Proprietary,1,27.13,30.14,0,140,
57.5,B11,Rooney,10,Team_Proprietary,1,36.99,38.04,0,137,
57.5,ball,Ball,,BALL,1,28.13,30.14,0,,
58.0,A1,Buffon,1,Team_OpenSource,1,3.27,35.63,0,136,
58.0,A2,Cafu,2,Team_OpenSource,1,24.9,9.91,0,128,
58.0,A3,Maldini,3,Team_OpenSource,1,21.63,23.27,0,136,
58.0,A4,Nesta,4,Team_OpenSource,1,21.86,41.22,0,133,
58.0,A5,Carlos,5,Team_OpenSource,1,25.38,57.81,0,135,
58.0,A6,Xavi,6,Team_OpenSource,1,43.55,35.57,0,125,
58.0,A7,Iniesta,8,Team_OpenSource,1,44.35,50.47,0,135,
58.0,A8,Pirlo,21,Team_OpenSource,1,45.2,17.61,0,128,
58.0,A9,Messi,10,Team_OpenSource,1,71.99,13.04,0,140,
58.0,A10,Ronaldo,9,Team_OpenSource,1,76.24,32.62,0,134,
58.0,A11,Ronaldinho,11,Team_OpenSource,1,70.91,52.26,0,124,
58.0,B1,Casillas,1,Team_Proprietary,1,98.27,35.63,0,130,
58.0,B2,Zanetti,2,Team_Proprietary,1,79.9,9.91,0,121,
58.0,B3,Ferdinand,5,Team_Proprietary,1,85.38,24.81,0,129,
58.0,B4,Vidic,15,Team_Proprietary,1,85.75,42.08,0,124,
58.0,B5,Cole,3,Team_Proprietary,1,81.63,56.27,0,126,
58.0,B6,Gerrard,8,Team_Proprietary,1,59.35,25.47,0,124,
58.0,B7,Lampard,4,Team_Proprietary,1,61.86,41.22,0,128,
58.0,B8,Beckham,7,Team_Proprietary,1,52.02,15.04,0,124,
58.0,B9,Giggs,11,Team_Proprietary,1,60.91,57.26,0,131,
58.0,B10,Henry,14,Team_Proprietary,1,24.41,30.52,0,128,
58.0,B11,Rooney,10,Team_Proprietary,1,36.99,38.04,0,140,
58.0,ball,Ball,,BALL,1,25.41,30.52,0,,
58.5,A1,Buffon,1,Team_OpenSource,1,3.27,35.63,0,120,
58.5,A2,Cafu,2,Team_OpenSource,1,24.9,9.91,0,138,
58.5,A3,Maldini,3,Team_OpenSource,1,21.63,23.27,0,125,
58.5,A4,Nesta,4,Team_OpenSource,1,21.86,41.22,0,127,
58.5,A5,Carlos,5,Team_OpenSource,1,25.38,57.81,0,124,
58.5,A6,Xavi,6,Team_OpenSource,1,43.55,35.57,0,138,
58.5,A7,Iniesta,8,Team_OpenSource,1,44.35,50.47,0,133,
58.5,A8,Pirlo,21,Team_OpenSource,1,45.2,17.61,0,134,
58.5,A9,Messi,10,Team_OpenSource,1,71.99,13.04,0,138,
58.5,A10,Ronaldo,9,Team_OpenSource,1,76.24,32.62,0,134,
58.5,A11,Ronaldinho,11,Team_OpenSource,1,70.91,52.26,0,137,
58.5,B1,Casillas,1,Team_Proprietary,1,98.27,35.63,0,127,
58.5,B2,Zanetti,2,Team_Proprietary,1,79.9,9.91,0,124,
58.5,B3,Ferdinand,5,Team_Proprietary,1,85.38,24.81,0,125,
58.5,B4,Vidic,15,Team_Proprietary,1,85.75,42.08,0,124,
58.5,B5,Cole,3,Team_Proprietary,1,81.63,56.27,0,134,
58.5,B6,Gerrard,8,Team_Proprietary,1,59.35,25.47,0,128,
58.5,B7,Lampard,4,Team_Proprietary,1,61.86,41.22,0,132,
58.5,B8,Beckham,7,Team_Proprietary,1,52.02,15.04,0,131,
58.5,B9,Giggs,11,Team_Proprietary,1,60.91,57.26,0,135,
58.5,B10,Henry,14,Team_Proprietary,1,24.41,30.52,0,129,
58.5,B11,Rooney,10,Team_Proprietary,1,36.99,38.04,0,120,
58.5,ball,Ball,,BALL,1,17.79,31.92,0,,
59.0,A1,Buffon,1,Team_OpenSource,1,3.27,35.63,0,130,
59.0,A2,Cafu,2,Team_OpenSource,1,24.9,9.91,0,135,
59.0,A3,Maldini,3,Team_OpenSource,1,21.63,23.27,0,129,
59.0,A4,Nesta,4,Team_OpenSource,1,21.86,41.22,0,123,
59.0,A5,Carlos,5,Team_OpenSource,1,25.38,57.81,0,121,
59.0,A6,Xavi,6,Team_OpenSource,1,43.55,35.57,0,134,
59.0,A7,Iniesta,8,Team_OpenSource,1,44.35,50.47,0,134,
59.0,A8,Pirlo,21,Team_OpenSource,1,45.2,17.61,0,128,
59.0,A9,Messi,10,Team_OpenSource,1,71.99,13.04,0,124,
59.0,A10,Ronaldo,9,Team_OpenSource,1,76.24,32.62,0,138,
59.0,A11,Ronaldinho,11,Team_OpenSource,1,70.91,52.26,0,138,
59.0,B1,Casillas,1,Team_Proprietary,1,98.27,35.63,0,124,
59.0,B2,Zanetti,2,Team_Proprietary,1,79.9,9.91,0,139,
59.0,B3,Ferdinand,5,Team_Proprietary,1,85.38,24.81,0,121,
59.0,B4,Vidic,15,Team_Proprietary,1,85.75,42.08,0,127,
59.0,B5,Cole,3,Team_Proprietary,1,81.63,56.27,0,130,
59.0,B6,Gerrard,8,Team_Proprietary,1,59.35,25.47,0,123,
59.0,B7,Lampard,4,Team_Proprietary,1,61.86,41.22,0,134,
59.0,B8,Beckham,7,Team_Proprietary,1,52.02,15.04,0,122,
59.0,B9,Giggs,11,Team_Proprietary,1,60.91,57.26,0,135,
59.0,B10,Henry,14,Team_Proprietary,1,24.41,30.52,0,136,
59.0,B11,Rooney,10,Team_Proprietary,1,36.99,38.04,0,123,
59.0,ball,Ball,,BALL,1,12.45,32.89,0,,
59.5,A1,Buffon,1,Team_OpenSource,1,3.27,35.63,0,120,
59.5,A2,Cafu,2,Team_OpenSource,1,24.9,9.91,0,138,
59.5,A3,Maldini,3,Team_OpenSource,1,21.63,23.27,0,126,
59.5,A4,Nesta,4,Team_OpenSource,1,21.86,41.22,0,134,
59.5,A5,Carlos,5,Team_OpenSource,1,25.38,57.81,0,135,
59.5,A6,Xavi,6,Team_OpenSource,1,43.55,35.57,0,121,
59.5,A7,Iniesta,8,Team_OpenSource,1,44.35,50.47,0,123,
59.5,A8,Pirlo,21,Team_OpenSource,1,45.2,17.61,0,131,
59.5,A9,Messi,10,Team_OpenSource,1,71.99,13.04,0,136,
59.5,A10,Ronaldo,9,Team_OpenSource,1,76.24,32.62,0,134,
59.5,A11,Ronaldinho,11,Team_OpenSource,1,70.91,52.26,0,139,
59.5,B1,Casillas,1,Team_Proprietary,1,98.27,35.63,0,120,
59.5,B2,Zanetti,2,Team_Proprietary,1,79.9,9.91,0,123,
59.5,B3,Ferdinand,5,Team_Proprietary,1,85.38,24.81,0,132,
59.5,B4,Vidic,15,Team_Proprietary,1,85.75,42.08,0,132,
59.5,B5,Cole,3,Team_Proprietary,1,81.63,56.27,0,121,
59.5,B6,Gerrard,8,Team_Proprietary,1,59.35,25.47,0,120,
59.5,B7,Lampard,4,Team_Proprietary,1,61.86,41.22,0,138,
59.5,B8,Beckham,7,Team_Proprietary,1,52.02,15.04,0,140,
59.5,B9,Giggs,11,Team_Proprietary,1,60.91,57.26,0,127,
59.5,B10,Henry,14,Team_Proprietary,1,24.41,30.52,0,121,
59.5,B11,Rooney,10,Team_Proprietary,1,36.99,38.04,0,123,
59.5,ball,Ball,,BALL,1,8.72,33.45,0,,
60.0,A1,Buffon,1,Team_OpenSource,2,3.27,35.63,0,123,
60.0,A2,Cafu,2,Team_OpenSource,2,24.9,9.91,0,136,
60.0,A3,Maldini,3,Team_OpenSource,2,21.63,23.27,0,124,
60.0,A4,Nesta,4,Team_OpenSource,2,21.86,41.22,0,122,
60.0,A5,Carlos,5,Team_OpenSource,2,25.38,57.81,0,138,
60.0,A6,Xavi,6,Team_OpenSource,2,43.55,35.57,0,120,
60.0,A7,Iniesta,8,Team_OpenSource,2,44.35,50.47,0,127,
60.0,A8,Pirlo,21,Team_OpenSource,2,45.2,17.61,0,129,
60.0,A9,Messi,10,Team_OpenSource,2,71.99,13.04,0,132,
60.0,A10,Ronaldo,9,Team_OpenSource,2,76.24,32.62,0,127,
60.0,A11,Ronaldinho,11,Team_OpenSource,2,70.91,52.26,0,138,
60.0,B1,Casillas,1,Team_Proprietary,2,98.27,35.63,0,126,
60.0,B2,Zanetti,2,Team_Proprietary,2,79.9,9.91,0,125,
60.0,B3,Ferdinand,5,Team_Proprietary,2,85.38,24.81,0,128,
60.0,B4,Vidic,15,Team_Proprietary,2,85.75,42.08,0,122,
60.0,B5,Cole,3,Team_Proprietary,2,81.63,56.27,0,120,
60.0,B6,Gerrard,8,Team_Proprietary,2,59.35,25.47,0,129,
60.0,B7,Lampard,4,Team_Proprietary,2,61.86,41.22,0,127,
60.0,B8,Beckham,7,Team_Proprietary,2,52.02,15.04,0,132,
60.0,B9,Giggs,11,Team_Proprietary,2,60.91,57.26,0,136,
60.0,B10,Henry,14,Team_Proprietary,2,24.41,30.52,0,125,
60.0,B11,Rooney,10,Team_Proprietary,2,36.99,38.04,0,135,
60.0,ball,Ball,,BALL,2,6.1,33.44,0,,
60.5,A1,Buffon,1,Team_OpenSource,2,3.27,35.63,0,125,
60.5,A2,Cafu,2,Team_OpenSource,2,24.9,9.91,0,127,
60.5,A3,Maldini,3,Team_OpenSource,2,21.63,23.27,0,131,
60.5,A4,Nesta,4,Team_OpenSource,2,21.86,41.22,0,140,
60.5,A5,Carlos,5,Team_OpenSource,2,25.38,57.81,0,133,
60.5,A6,Xavi,6,Team_OpenSource,2,43.55,35.57,0,123,
60.5,A7,Iniesta,8,Team_OpenSource,2,44.35,50.47,0,122,
60.5,A8,Pirlo,21,Team_OpenSource,2,45.2,17.61,0,122,
60.5,A9,Messi,10,Team_OpenSource,2,71.99,13.04,0,138,
60.5,A10,Ronaldo,9,Team_OpenSource,2,76.24,32.62,0,135,
60.5,A11,Ronaldinho,11,Team_OpenSource,2,70.91,52.26,0,129,
60.5,B1,Casillas,1,Team_Proprietary,2,98.27,35.63,0,123,
60.5,B2,Zanetti,2,Team_Proprietary,2,79.9,9.91,0,120,
60.5,B3,Ferdinand,5,Team_Proprietary,2,85.38,24.81,0,138,
60.5,B4,Vidic,15,Team_Proprietary,2,85.75,42.08,0,140,
60.5,B5,Cole,3,Team_Proprietary,2,81.63,56.27,0,132,
60.5,B6,Gerrard,8,Team_Proprietary,2,59.35,25.47,0,134,
60.5,B7,Lampard,4,Team_Proprietary,2,61.86,41.22,0,130,
60.5,B8,Beckham,7,Team_Proprietary,2,52.02,15.04,0,128,
60.5,B9,Giggs,11,Team_Proprietary,2,60.91,57.26,0,129,
60.5,B10,Henry,14,Team_Proprietary,2,24.41,30.52,0,123,
60.5,B11,Rooney,10,Team_Proprietary,2,36.99,38.04,0,129,
60.5,ball,Ball,,BALL,2,4.27,33.72,0,,
61.0,A1,Buffon,1,Team_OpenSource,2,3.27,35.63,0,121,
61.0,A2,Cafu,2,Team_OpenSource,2,24.9,9.91,0,130,
61.0,A3,Maldini,3,Team_OpenSource,2,21.63,23.27,0,134,
61.0,A4,Nesta,4,Team_OpenSource,2,21.86,41.22,0,133,
61.0,A5,Carlos,5,Team_OpenSource,2,25.38,57.81,0,125,
61.0,A6,Xavi,6,Team_OpenSource,2,43.55,35.57,0,133,
61.0,A7,Iniesta,8,Team_OpenSource,2,44.35,50.47,0,129,
61.0,A8,Pirlo,21,Team_OpenSource,2,45.2,17.61,0,132,
61.0,A9,Messi,10,Team_OpenSource,2,71.99,13.04,0,130,
61.0,A10,Ronaldo,9,Team_OpenSource,2,76.24,32.62,0,126,
61.0,A11,Ronaldinho,11,Team_OpenSource,2,70.91,52.26,0,133,
61.0,B1,Casillas,1,Team_Proprietary,2,98.27,35.63,0,124,
61.0,B2,Zanetti,2,Team_Proprietary,2,79.9,9.91,0,140,
61.0,B3,Ferdinand,5,Team_Proprietary,2,85.38,24.81,0,127,
61.0,B4,Vidic,15,Team_Proprietary,2,85.75,42.08,0,134,
61.0,B5,Cole,3,Team_Proprietary,2,81.63,56.27,0,124,
61.0,B6,Gerrard,8,Team_Proprietary,2,59.35,25.47,0,124,
61.0,B7,Lampard,4,Team_Proprietary,2,61.86,41.22,0,136,
61.0,B8,Beckham,7,Team_Proprietary,2,52.02,15.04,0,139,
61.0,B9,Giggs,11,Team_Proprietary,2,60.91,57.26,0,126,
61.0,B10,Henry,14,Team_Proprietary,2,24.41,30.52,0,138,
61.0,B11,Rooney,10,Team_Proprietary,2,36.99,38.04,0,130,
61.0,ball,Ball,,BALL,2,2.99,34.11,0,,
61.5,A1,Buffon,1,Team_OpenSource,2,3.27,35.63,0,125,
61.5,A2,Cafu,2,Team_OpenSource,2,24.9,9.91,0,139,
61.5,A3,Maldini,3,Team_OpenSource,2,21.63,23.27,0,123,
61.5,A4,Nesta,4,Team_OpenSource,2,21.86,41.22,0,139,
61.5,A5,Carlos,5,Team_OpenSource,2,25.38,57.81,0,134,
61.5,A6,Xavi,6,Team_OpenSource,2,43.55,35.57,0,135,
61.5,A7,Iniesta,8,Team_OpenSource,2,44.35,50.47,0,133,
61.5,A8,Pirlo,21,Team_OpenSource,2,45.2,17.61,0,132,
61.5,A9,Messi,10,Team_OpenSource,2,71.99,13.04,0,121,
61.5,A10,Ronaldo,9,Team_OpenSource,2,76.24,32.62,0,120,
61.5,A11,Ronaldinho,11,Team_OpenSource,2,70.91,52.26,0,136,
61.5,B1,Casillas,1,Team_Proprietary,2,98.27,35.63,0,122,
61.5,B2,Zanetti,2,Team_Proprietary,2,79.9,9.91,0,123,
61.5,B3,Ferdinand,5,Team_Proprietary,2,85.38,24.81,0,136,
61.5,B4,Vidic,15,Team_Proprietary,2,85.75,42.08,0,123,
61.5,B5,Cole,3,Team_Proprietary,2,81.63,56.27,0,129,
61.5,B6,Gerrard,8,Team_Proprietary,2,59.35,25.47,0,126,
61.5,B7,Lampard,4,Team_Proprietary,2,61.86,41.22,0,133,
61.5,B8,Beckham,7,Team_Proprietary,2,52.02,15.04,0,132,
61.5,B9,Giggs,11,Team_Proprietary,2,60.91,57.26,0,130,
61.5,B10,Henry,14,Team_Proprietary,2,24.41,30.52,0,138,
61.5,B11,Rooney,10,Team_Proprietary,2,36.99,38.04,0,120,
61.5,ball,Ball,,BALL,2,2.09,34.68,0,,
62.0,A1,Buffon,1,Team_OpenSource,2,3.27,35.63,0,135,
62.0,A2,Cafu,2,Team_OpenSource,2,24.9,9.91,0,123,
62.0,A3,Maldini,3,Team_OpenSource,2,21.63,23.27,0,139,
62.0,A4,Nesta,4,Team_OpenSource,2,21.86,41.22,0,125,
62.0,A5,Carlos,5,Team_OpenSource,2,25.38,57.81,0,140,
62.0,A6,Xavi,6,Team_OpenSource,2,43.55,35.57,0,120,
62.0,A7,Iniesta,8,Team_OpenSource,2,44.35,50.47,0,120,
62.0,A8,Pirlo,21,Team_OpenSource,2,45.2,17.61,0,122,
62.0,A9,Messi,10,Team_OpenSource,2,71.99,13.04,0,130,
62.0,A10,Ronaldo,9,Team_OpenSource,2,76.24,32.62,0,138,
62.0,A11,Ronaldinho,11,Team_OpenSource,2,70.91,52.26,0,133,
62.0,B1,Casillas,1,Team_Proprietary,2,98.27,35.63,0,134,
62.0,B2,Zanetti,2,Team_Proprietary,2,79.9,9.91,0,140,
62.0,B3,Ferdinand,5,Team_Proprietary,2,85.38,24.81,0,127,
62.0,B4,Vidic,15,Team_Proprietary,2,85.75,42.08,0,134,
62.0,B5,Cole,3,Team_Proprietary,2,81.63,56.27,0,133,
62.0,B6,Gerrard,8,Team_Proprietary,2,59.35,25.47,0,138,
62.0,B7,Lampard,4,Team_Proprietary,2,61.86,41.22,0,122,
62.0,B8,Beckham,7,Team_Proprietary,2,52.02,15.04,0,137,
62.0,B9,Giggs,11,Team_Proprietary,2,60.91,57.26,0,126,
62.0,B10,Henry,14,Team_Proprietary,2,24.41,30.52,0,135,
62.0,B11,Rooney,10,Team_Proprietary,2,36.99,38.04,0,130,
62.0,ball,Ball,,BALL,2,1.47,34.22,0,,
62.5,A1,Buffon,1,Team_OpenSource,2,3.27,35.63,0,134,
62.5,A2,Cafu,2,Team_OpenSource,2,24.9,9.91,0,120,
62.5,A3,Maldini,3,Team_OpenSource,2,21.63,23.27,0,124,
62.5,A4,Nesta,4,Team_OpenSource,2,21.86,41.22,0,121,
62.5,A5,Carlos,5,Team_OpenSource,2,25.38,57.81,0,123,
62.5,A6,Xavi,6,Team_OpenSource,2,43.55,35.57,0,128,
62.5,A7,Iniesta,8,Team_OpenSource,2,44.35,50.47,0,124,
62.5,A8,Pirlo,21,Team_OpenSource,2,45.2,17.61,0,134,
62.5,A9,Messi,10,Team_OpenSource,2,71.99,13.04,0,134,
62.5,A10,Ronaldo,9,Team_OpenSource,2,76.24,32.62,0,140,
62.5,A11,Ronaldinho,11,Team_OpenSource,2,70.91,52.26,0,137,
62.5,B1,Casillas,1,Team_Proprietary,2,98.27,35.63,0,121,
62.5,B2,Zanetti,2,Team_Proprietary,2,79.9,9.91,0,132,
62.5,B3,Ferdinand,5,Team_Proprietary,2,85.38,24.81,0,135,
62.5,B4,Vidic,15,Team_Proprietary,2,85.75,42.08,0,134,
62.5,B5,Cole,3,Team_Proprietary,2,81.63,56.27,0,131,
62.5,B6,Gerrard,8,Team_Proprietary,2,59.35,25.47,0,139,
62.5,B7,Lampard,4,Team_Proprietary,2,61.86,41.22,0,127,
62.5,B8,Beckham,7,Team_Proprietary,2,52.02,15.04,0,124,
62.5,B9,Giggs,11,Team_Proprietary,2,60.91,57.26,0,139,
62.5,B10,Henry,14,Team_Proprietary,2,24.41,30.52,0,139,
62.5,B11,Rooney,10,Team_Proprietary,2,36.99,38.04,0,130,
62.5,ball,Ball,,BALL,2,1.03,34.32,0,,
63.0,A1,Buffon,1,Team_OpenSource,2,3.27,35.63,0,137,goal
63.0,A2,Cafu,2,Team_OpenSource,2,24.9,9.91,0,120,goal
63.0,A3,Maldini,3,Team_OpenSource,2,21.63,23.27,0,128,goal
63.0,A4,Nesta,4,Team_OpenSource,2,21.86,41.22,0,125,goal
63.0,A5,Carlos,5,Team_OpenSource,2,25.38,57.81,0,120,goal
63.0,A6,Xavi,6,Team_OpenSource,2,43.55,35.57,0,136,goal
63.0,A7,Iniesta,8,Team_OpenSource,2,44.35,50.47,0,134,goal
63.0,A8,Pirlo,21,Team_OpenSource,2,45.2,17.61,0,120,goal
63.0,A9,Messi,10,Team_OpenSource,2,71.99,13.04,0,125,goal
63.0,A10,Ronaldo,9,Team_OpenSource,2,76.24,32.62,0,125,goal
63.0,A11,Ronaldinho,11,Team_OpenSource,2,70.91,52.26,0,123,goal
63.0,B1,Casillas,1,Team_Proprietary,2,98.27,35.63,0,134,goal
63.0,B2,Zanetti,2,Team_Proprietary,2,79.9,9.91,0,128,goal
63.0,B3,Ferdinand,5,Team_Proprietary,2,85.38,24.81,0,136,goal
63.0,B4,Vidic,15,Team_Proprietary,2,85.75,42.08,0,131,goal
63.0,B5,Cole,3,Team_Proprietary,2,81.63,56.27,0,132,goal
63.0,B6,Gerrard,8,Team_Proprietary,2,59.35,25.47,0,121,goal
63.0,B7,Lampard,4,Team_Proprietary,2,61.86,41.22,0,120,goal
63.0,B8,Beckham,7,Team_Proprietary,2,52.02,15.04,0,137,goal
63.0,B9,Giggs,11,Team_Proprietary,2,60.91,57.26,0,131,goal
63.0,B10,Henry,14,Team_Proprietary,2,24.41,30.52,0,122,goal
63.0,B11,Rooney,10,Team_Proprietary,2,36.99,38.04,0,124,goal
63.0,ball,Ball,,BALL,2,0.72,34.29,0,,
63.5,A1,Buffon,1,Team_OpenSource,2,3.27,35.63,0,128,
63.5,A2,Cafu,2,Team_OpenSource,2,24.9,9.91,0,136,
63.5,A3,Maldini,3,Team_OpenSource,2,21.63,23.27,0,136,
63.5,A4,Nesta,4,Team_OpenSource,2,21.86,41.22,0,131,
63.5,A5,Carlos,5,Team_OpenSource,2,25.38,57.81,0,122,
63.5,A6,Xavi,6,Team_OpenSource,2,43.55,35.57,0,125,
63.5,A7,Iniesta,8,Team_OpenSource,2,44.35,50.47,0,132,
63.5,A8,Pirlo,21,Team_OpenSource,2,45.2,17.61,0,131,
63.5,A9,Messi,10,Team_OpenSource,2,71.99,13.04,0,122,
63.5,A10,Ronaldo,9,Team_OpenSource,2,76.24,32.62,0,135,
63.5,A11,Ronaldinho,11,Team_OpenSource,2,70.91,52.26,0,133,
63.5,B1,Casillas,1,Team_Proprietary,2,98.27,35.63,0,124,
63.5,B2,Zanetti,2,Team_Proprietary,2,79.9,9.91,0,131,
63.5,B3,Ferdinand,5,Team_Proprietary,2,85.38,24.81,0,122,
63.5,B4,Vidic,15,Team_Proprietary,2,85.75,42.08,0,135,
63.5,B5,Cole,3,Team_Proprietary,2,81.63,56.27,0,140,
63.5,B6,Gerrard,8,Team_Proprietary,2,59.35,25.47,0,135,
63.5,B7,Lampard,4,Team_Proprietary,2,61.86,41.22,0,129,
63.5,B8,Beckham,7,Team_Proprietary,2,52.02,15.04,0,131,
63.5,B9,Giggs,11,Team_Proprietary,2,60.91,57.26,0,127,
63.5,B10,Henry,14,Team_Proprietary,2,24.94,30.52,0,134,
63.5,B11,Rooney,10,Team_Proprietary,2,36.99,38.04,0,135,
63.5,ball,Ball,,BALL,2,0.72,34.29,0,,
64.0,A1,Buffon,1,Team_OpenSource,2,3.27,35.63,0,122,
64.0,A2,Cafu,2,Team_OpenSource,2,24.9,9.91,0,121,
64.0,A3,Maldini,3,Team_OpenSource,2,21.63,23.27,0,137,
64.0,A4,Nesta,4,Team_OpenSource,2,21.86,41.22,0,122,
64.0,A5,Carlos,5,Team_OpenSource,2,25.38,57.81,0,134,
64.0,A6,Xavi,6,Team_OpenSource,2,43.55,35.57,0,132,
64.0,A7,Iniesta,8,Team_OpenSource,2,44.35,50.47,0,120,
64.0,A8,Pirlo,21,Team_OpenSource,2,45.2,17.61,0,123,
64.0,A9,Messi,10,Team_OpenSource,2,71.99,13.04,0,127,
64.0,A10,Ronaldo,9,Team_OpenSource,2,76.24,32.62,0,121,
64.0,A11,Ronaldinho,11,Team_OpenSource,2,70.91,52.26,0,125,
64.0,B1,Casillas,1,Team_Proprietary,2,98.27,35.63,0,132,
64.0,B2,Zanetti,2,Team_Proprietary,2,79.9,9.91,0,134,
64.0,B3,Ferdinand,5,Team_Proprietary,2,85.38,24.81,0,126,
64.0,B4,Vidic,15,Team_Proprietary,2,85.75,42.08,0,127,
64.0,B5,Cole,3,Team_Proprietary,2,81.63,56.27,0,130,
64.0,B6,Gerrard,8,Team_Proprietary,2,59.35,25.47,0,131,
64.0,B7,Lampard,4,Team_Proprietary,2,61.86,41.22,0,134,
64.0,B8,Beckham,7,Team_Proprietary,2,52.02,15.04,0,129,
64.0,B9,Giggs,11,Team_Proprietary,2,60.91,57.26,0,124,
64.0,B10,Henry,14,Team_Proprietary,2,25.45,30.52,0,133,
64.0,B11,Rooney,10,Team_Proprietary,2,36.99,38.04,0,133,
64.0,ball,Ball,,BALL,2,0.72,34.29,0,,
64.5,A1,Buffon,1,Team_OpenSource,2,3.27,35.63,0,136,
64.5,A2,Cafu,2,Team_OpenSource,2,24.9,9.91,0,138,
64.5,A3,Maldini,3,Team_OpenSource,2,21.63,23.27,0,134,
64.5,A4,Nesta,4,Team_OpenSource,2,21.86,41.22,0,137,
64.5,A5,Carlos,5,Team_OpenSource,2,25.38,57.81,0,122,
64.5,A6,Xavi,6,Team_OpenSource,2,43.55,35.57,0,120,
64.5,A7,Iniesta,8,Team_OpenSource,2,44.35,50.47,0,129,
64.5,A8,Pirlo,21,Team_OpenSource,2,45.2,17.61,0,129,
64.5,A9,Messi,10,Team_OpenSource,2,71.99,13.04,0,136,
64.5,A10,Ronaldo,9,Team_OpenSource,2,76.24,32.62,0,133,
64.5,A11,Ronaldinho,11,Team_OpenSource,2,70.91,52.26,0,126,
64.5,B1,Casillas,1,Team_Proprietary,2,98.27,35.63,0,125,
64.5,B2,Zanetti,2,Team_Proprietary,2,79.9,9.91,0,137,
64.5,B3,Ferdinand,5,Team_Proprietary,2,85.38,24.81,0,135,
64.5,B4,Vidic,15,Team_Proprietary,2,85.75,42.08,0,124,
64.5,B5,Cole,3,Team_Proprietary,2,81.63,56.27,0,124,
64.5,B6,Gerrard,8,Team_Proprietary,2,59.35,25.47,0,132,
64.5,B7,Lampard,4,Team_Proprietary,2,61.86,41.22,0,120,
64.5,B8,Beckham,7,Team_Proprietary,2,52.02,15.04,0,125,
64.5,B9,Giggs,11,Team_Proprietary,2,60.91,57.26,0,133,
64.5,B10,Henry,14,Team_Proprietary,2,25.92,30.52,0,121,
64.5,B11,Rooney,10,Team_Proprietary,2,36.99,38.04,0,139,
64.5,ball,Ball,,BALL,2,0.72,34.29,0,,
65.0,A1,Buffon,1,Team_OpenSource,2,3.27,35.63,0,129,
65.0,A2,Cafu,2,Team_OpenSource,2,24.9,9.91,0,137,
65.0,A3,Maldini,3,Team_OpenSource,2,21.63,23.27,0,122,
65.0,A4,Nesta,4,Team_OpenSource,2,21.86,41.22,0,120,
65.0,A5,Carlos,5,Team_OpenSource,2,25.38,57.81,0,120,
65.0,A6,Xavi,6,Team_OpenSource,2,43.55,35.57,0,126,
65.0,A7,Iniesta,8,Team_OpenSource,2,44.35,50.47,0,131,
65.0,A8,Pirlo,21,Team_OpenSource,2,45.2,17.61,0,134,
65.0,A9,Messi,10,Team_OpenSource,2,71.99,13.04,0,140,
65.0,A10,Ronaldo,9,Team_OpenSource,2,76.24,32.62,0,126,
65.0,A11,Ronaldinho,11,Team_OpenSource,2,70.91,52.26,0,137,
65.0,B1,Casillas,1,Team_Proprietary,2,98.27,35.63,0,131,
65.0,B2,Zanetti,2,Team_Proprietary,2,79.9,9.91,0,132,
65.0,B3,Ferdinand,5,Team_Proprietary,2,85.38,24.81,0,126,
65.0,B4,Vidic,15,Team_Proprietary,2,85.75,42.08,0,127,
65.0,B5,Cole,3,Team_Proprietary,2,81.63,56.27,0,131,
65.0,B6,Gerrard,8,Team_Proprietary,2,59.35,25.47,0,137,
65.0,B7,Lampard,4,Team_Proprietary,2,61.86,41.22,0,139,
65.0,B8,Beckham,7,Team_Proprietary,2,52.02,15.04,0,138,
65.0,B9,Giggs,11,Team_Proprietary,2,60.91,57.26,0,139,
65.0,B10,Henry,14,Team_Proprietary,2,26.38,30.52,0,139,
65.0,B11,Rooney,10,Team_Proprietary,2,36.99,38.04,0,122,
65.0,ball,Ball,,BALL,2,0.72,34.29,0,,
65.5,A1,Buffon,1,Team_OpenSource,2,3.27,35.63,0,129,
65.5,A2,Cafu,2,Team_OpenSource,2,24.9,9.91,0,140,
65.5,A3,Maldini,3,Team_OpenSource,2,21.63,23.27,0,125,
65.5,A4,Nesta,4,Team_OpenSource,2,21.86,41.22,0,129,
65.5,A5,Carlos,5,Team_OpenSource,2,25.38,57.81,0,132,
65.5,A6,Xavi,6,Team_OpenSource,2,43.55,35.57,0,122,
65.5,A7,Iniesta,8,Team_OpenSource,2,44.35,50.47,0,132,
65.5,A8,Pirlo,21,Team_OpenSource,2,45.2,17.61,0,127,
65.5,A9,Messi,10,Team_OpenSource,2,71.99,13.04,0,129,
65.5,A10,Ronaldo,9,Team_OpenSource,2,76.24,32.62,0,138,
65.5,A11,Ronaldinho,11,Team_OpenSource,2,70.91,52.26,0,129,
65.5,B1,Casillas,1,Team_Proprietary,2,98.27,35.63,0,123,
65.5,B2,Zanetti,2,Team_Proprietary,2,79.9,9.91,0,132,
65.5,B3,Ferdinand,5,Team_Proprietary,2,85.38,24.81,0,136,
65.5,B4,Vidic,15,Team_Proprietary,2,85.75,42.08,0,131,
65.5,B5,Cole,3,Team_Proprietary,2,81.63,56.27,0,130,
65.5,B6,Gerrard,8,Team_Proprietary,2,59.35,25.47,0,129,
65.5,B7,Lampard,4,Team_Proprietary,2,61.86,41.22,0,123,
65.5,B8,Beckham,7,Team_Proprietary,2,52.02,15.04,0,124,
65.5,B9,Giggs,11,Team_Proprietary,2,60.91,57.26,0,121,
65.5,B10,Henry,14,Team_Proprietary,2,26.81,30.52,0,132,
65.5,B11,Rooney,10,Team_Proprietary,2,36.99,38.04,0,121,
65.5,ball,Ball,,BALL,2,0.72,34.29,0,,
66.0,A1,Buffon,1,Team_OpenSource,2,3.27,35.63,0,130,
66.0,A2,Cafu,2,Team_OpenSource,2,24.9,9.91,0,130,
66.0,A3,Maldini,3,Team_OpenSource,2,21.63,23.27,0,126,
66.0,A4,Nesta,4,Team_OpenSource,2,21.86,41.22,0,136,
66.0,A5,Carlos,5,Team_OpenSource,2,25.38,57.81,0,122,
66.0,A6,Xavi,6,Team_OpenSource,2,43.55,35.57,0,127,
66.0,A7,Iniesta,8,Team_OpenSource,2,44.35,50.47,0,138,
66.0,A8,Pirlo,21,Team_OpenSource,2,45.2,17.61,0,123,
66.0,A9,Messi,10,Team_OpenSource,2,71.99,13.04,0,135,
66.0,A10,Ronaldo,9,Team_OpenSource,2,76.24,32.62,0,124,
66.0,A11,Ronaldinho,11,Team_OpenSource,2,70.91,52.26,0,139,
66.0,B1,Casillas,1,Team_Proprietary,2,98.27,35.63,0,133,
66.0,B2,Zanetti,2,Team_Proprietary,2,79.9,9.91,0,122,
66.0,B3,Ferdinand,5,Team_Proprietary,2,85.38,24.81,0,133,
66.0,B4,Vidic,15,Team_Proprietary,2,85.75,42.08,0,136,
66.0,B5,Cole,3,Team_Proprietary,2,81.63,56.27,0,129,
66.0,B6,Gerrard,8,Team_Proprietary,2,59.35,25.47,0,128,
66.0,B7,Lampard,4,Team_Proprietary,2,61.86,41.22,0,125,
66.0,B8,Beckham,7,Team_Proprietary,2,52.02,15.04,0,124,
66.0,B9,Giggs,11,Team_Proprietary,2,60.91,57.26,0,136,
66.0,B10,Henry,14,Team_Proprietary,2,27.22,30.52,0,130,
66.0,B11,Rooney,10,Team_Proprietary,2,36.99,38.04,0,120,
66.0,ball,Ball,,BALL,2,0.72,34.29,0,,
66.5,A1,Buffon,1,Team_OpenSource,2,3.27,35.63,0,125,
66.5,A2,Cafu,2,Team_OpenSource,2,24.9,9.91,0,138,
66.5,A3,Maldini,3,Team_OpenSource,2,21.63,23.27,0,140,
66.5,A4,Nesta,4,Team_OpenSource,2,21.86,41.22,0,138,
66.5,A5,Carlos,5,Team_OpenSource,2,25.38,57.81,0,135,
66.5,A6,Xavi,6,Team_OpenSource,2,43.55,35.57,0,133,
66.5,A7,Iniesta,8,Team_OpenSource,2,44.35,50.47,0,128,
66.5,A8,Pirlo,21,Team_OpenSource,2,45.2,17.61,0,124,
66.5,A9,Messi,10,Team_OpenSource,2,71.99,13.04,0,135,
66.5,A10,Ronaldo,9,Team_OpenSource,2,76.24,32.62,0,130,
66.5,A11,Ronaldinho,11,Team_OpenSource,2,70.91,52.26,0,132,
66.5,B1,Casillas,1,Team_Proprietary,2,98.27,35.63,0,136,
66.5,B2,Zanetti,2,Team_Proprietary,2,79.9,9.91,0,131,
66.5,B3,Ferdinand,5,Team_Proprietary,2,85.38,24.81,0,129,
66.5,B4,Vidic,15,Team_Proprietary,2,85.75,42.08,0,136,
66.5,B5,Cole,3,Team_Proprietary,2,81.63,56.27,0,126,
66.5,B6,Gerrard,8,Team_Proprietary,2,59.35,25.47,0,121,
66.5,B7,Lampard,4,Team_Proprietary,2,61.86,41.22,0,139,
66.5,B8,Beckham,7,Team_Proprietary,2,52.02,15.04,0,131,
66.5,B9,Giggs,11,Team_Proprietary,2,60.91,57.26,0,132,
66.5,B10,Henry,14,Team_Proprietary,2,27.61,30.52,0,127,
66.5,B11,Rooney,10,Team_Proprietary,2,36.99,38.04,0,123,
66.5,ball,Ball,,BALL,2,0.72,34.29,0,,
67.0,A1,Buffon,1,Team_OpenSource,2,3.35,35.55,0,121,
67.0,A2,Cafu,2,Team_OpenSource,2,24.91,9.91,0,128,
67.0,A3,Maldini,3,Team_OpenSource,2,21.55,23.35,0,139,
67.0,A4,Nesta,4,Team_OpenSource,2,21.76,41.31,0,140,
67.0,A5,Carlos,5,Team_OpenSource,2,25.36,57.82,0,128,
67.0,A6,Xavi,6,Team_OpenSource,2,43.62,35.49,0,135,
67.0,A7,Iniesta,8,Team_OpenSource,2,44.38,50.44,0,128,
67.0,A8,Pirlo,21,Team_OpenSource,2,45.19,17.63,0,125,
67.0,A9,Messi,10,Team_OpenSource,2,71.89,13.14,0,139,
67.0,A10,Ronaldo,9,Team_OpenSource,2,76.18,32.69,0,121,
67.0,A11,Ronaldinho,11,Team_OpenSource,2,70.87,52.3,0,126,
67.0,B1,Casillas,1,Team_Proprietary,2,98.35,35.55,0,120,
67.0,B2,Zanetti,2,Team_Proprietary,2,79.91,9.91,0,135,
67.0,B3,Ferdinand,5,Team_Proprietary,2,85.36,24.82,0,122,
67.0,B4,Vidic,15,Team_Proprietary,2,85.71,42.12,0,133,
67.0,B5,Cole,3,Team_Proprietary,2,81.55,56.35,0,132,
67.0,B6,Gerrard,8,Team_Proprietary,2,59.38,25.44,0,120,
67.0,B7,Lampard,4,Team_Proprietary,2,61.76,41.31,0,122,
67.0,B8,Beckham,7,Team_Proprietary,2,52.42,14.79,0,128,
67.0,B9,Giggs,11,Team_Proprietary,2,60.87,57.3,0,128,
67.0,B10,Henry,14,Team_Proprietary,2,27.98,30.4,0,120,
67.0,B11,Rooney,10,Team_Proprietary,2,36.89,38.14,0,139,
67.0,ball,Ball,,BALL,2,5.9,34.26,0,,
67.5,A1,Buffon,1,Team_OpenSource,2,3.44,35.47,0,136,
67.5,A2,Cafu,2,Team_OpenSource,2,24.91,9.92,0,140,
67.5,A3,Maldini,3,Team_OpenSource,2,21.47,23.44,0,125,
67.5,A4,Nesta,4,Team_OpenSource,2,21.68,41.4,0,129,
67.5,A5,Carlos,5,Team_OpenSource,2,25.34,57.83,0,120,
67.5,A6,Xavi,6,Team_OpenSource,2,43.69,35.42,0,122,
67.5,A7,Iniesta,8,Team_OpenSource,2,44.41,50.42,0,122,
67.5,A8,Pirlo,21,Team_OpenSource,2,45.18,17.65,0,128,
67.5,A9,Messi,10,Team_OpenSource,2,71.8,13.23,0,138,
67.5,A10,Ronaldo,9,Team_OpenSource,2,76.12,32.75,0,130,
67.5,A11,Ronaldinho,11,Team_OpenSource,2,70.82,52.33,0,136,
67.5,B1,Casillas,1,Team_Proprietary,2,98.44,35.47,0,129,
67.5,B2,Zanetti,2,Team_Proprietary,2,79.91,9.92,0,131,
67.5,B3,Ferdinand,5,Team_Proprietary,2,85.34,24.83,0,131,
67.5,B4,Vidic,15,Team_Proprietary,2,85.68,42.17,0,136,
67.5,B5,Cole,3,Team_Proprietary,2,81.47,56.44,0,139,
67.5,B6,Gerrard,8,Team_Proprietary,2,59.41,25.42,0,127,
67.5,B7,Lampard,4,Team_Proprietary,2,61.68,41.4,0,134,
67.5,B8,Beckham,7,Team_Proprietary,2,52.8,14.55,0,125,
67.5,B9,Giggs,11,Team_Proprietary,2,60.82,57.33,0,120,
67.5,B10,Henry,14,Team_Proprietary,2,28.33,30.28,0,137,
67.5,B11,Rooney,10,Team_Proprietary,2,36.8,38.23,0,123,
67.5,ball,Ball,,BALL,2,10.56,34.23,0,,
68.0,A1,Buffon,1,Team_OpenSource,2,3.51,35.4,0,126,
68.0,A2,Cafu,2,Team_OpenSource,2,24.92,9.92,0,131,
68.0,A3,Maldini,3,Team_OpenSource,2,21.4,23.52,0,135,
68.0,A4,Nesta,4,Team_OpenSource,2,21.59,41.48,0,120,
68.0,A5,Carlos,5,Team_OpenSource,2,25.32,57.84,0,137,
68.0,A6,Xavi,6,Team_OpenSource,2,43.76,35.35,0,138,
68.0,A7,Iniesta,8,Team_OpenSource,2,44.44,50.4,0,138,
68.0,A8,Pirlo,21,Team_OpenSource,2,45.17,17.66,0,127,
68.0,A9,Messi,10,Team_OpenSource,2,71.71,13.32,0,138,
68.0,A10,Ronaldo,9,Team_OpenSource,2,76.06,32.81,0,134,
68.0,A11,Ronaldinho,11,Team_OpenSource,2,70.78,52.37,0,122,
68.0,B1,Casillas,1,Team_Proprietary,2,98.51,35.4,0,122,
68.0,B2,Zanetti,2,Team_Proprietary,2,79.92,9.92,0,125,
68.0,B3,Ferdinand,5,Team_Proprietary,2,85.32,24.84,0,120,
68.0,B4,Vidic,15,Team_Proprietary,2,85.64,42.21,0,137,
68.0,B5,Cole,3,Team_Proprietary,2,81.4,56.52,0,138,
68.0,B6,Gerrard,8,Team_Proprietary,2,59.44,25.4,0,122,
68.0,B7,Lampard,4,Team_Proprietary,2,61.59,41.48,0,128,
68.0,B8,Beckham,7,Team_Proprietary,2,53.16,14.32,0,128,
68.0,B9,Giggs,11,Team_Proprietary,2,60.78,57.37,0,135,
68.0,B10,Henry,14,Team_Proprietary,2,28.66,30.16,0,126,
68.0,B11,Rooney,10,Team_Proprietary,2,36.71,38.32,0,135,
68.0,ball,Ball,,BALL,2,14.75,34.21,0,,
68.5,A1,Buffon,1,Team_OpenSource,2,3.59,35.33,0,127,
68.5,A2,Cafu,2,Team_OpenSource,2,24.92,9.92,0,125,
68.5,A3,Maldini,3,Team_OpenSource,2,21.33,23.59,0,124,
68.5,A4,Nesta,4,Team_OpenSource,2,21.51,41.55,0,121,
68.5,A5,Carlos,5,Team_OpenSource,2,25.31,57.85,0,124,
68.5,A6,Xavi,6,Team_OpenSource,2,43.82,35.28,0,134,
68.5,A7,Iniesta,8,Team_OpenSource,2,44.47,50.38,0,131,
68.5,A8,Pirlo,21,Team_OpenSource,2,45.17,17.68,0,128,
68.5,A9,Messi,10,Team_OpenSource,2,71.62,13.4,0,128,
68.5,A10,Ronaldo,9,Team_OpenSource,2,76.01,32.87,0,129,
68.5,A11,Ronaldinho,11,Team_OpenSource,2,70.74,52.4,0,132,
68.5,B1,Casillas,1,Team_Proprietary,2,98.59,35.33,0,125,
68.5,B2,Zanetti,2,Team_Proprietary,2,79.92,9.92,0,135,
68.5,B3,Ferdinand,5,Team_Proprietary,2,85.31,24.85,0,132,
68.5,B4,Vidic,15,Team_Proprietary,2,85.61,42.25,0,122,
68.5,B5,Cole,3,Team_Proprietary,2,81.33,56.59,0,124,
68.5,B6,Gerrard,8,Team_Proprietary,2,59.47,25.38,0,121,
68.5,B7,Lampard,4,Team_Proprietary,2,61.51,41.55,0,137,
68.5,B8,Beckham,7,Team_Proprietary,2,53.5,14.11,0,125,
68.5,B9,Giggs,11,Team_Proprietary,2,60.74,57.4,0,132,
68.5,B10,Henry,14,Team_Proprietary,2,28.98,30.05,0,129,
68.5,B11,Rooney,10,Team_Proprietary,2,36.62,38.4,0,127,
68.5,ball,Ball,,BALL,2,18.53,34.19,0,,
69.0,A1,Buffon,1,Team_OpenSource,2,3.66,35.26,0,136,
69.0,A2,Cafu,2,Team_OpenSource,2,24.92,9.93,0,128,
69.0,A3,Maldini,3,Team_OpenSource,2,21.26,23.66,0,121,
69.0,A4,Nesta,4,Team_OpenSource,2,21.44,41.62,0,139,
69.0,A5,Carlos,5,Team_OpenSource,2,25.29,57.85,0,133,
69.0,A6,Xavi,6,Team_OpenSource,2,43.88,35.22,0,134,
69.0,A7,Iniesta,8,Team_OpenSource,2,44.5,50.36,0,125,
69.0,A8,Pirlo,21,Team_OpenSource,2,45.16,17.7,0,129,
69.0,A9,Messi,10,Team_OpenSource,2,71.54,13.48,0,123,
69.0,A10,Ronaldo,9,Team_OpenSource,2,75.96,32.93,0,125,
69.0,A11,Ronaldinho,11,Team_OpenSource,2,70.71,52.43,0,139,
69.0,B1,Casillas,1,Team_Proprietary,2,98.66,35.26,0,124,
69.0,B2,Zanetti,2,Team_Proprietary,2,79.92,9.93,0,122,
69.0,B3,Ferdinand,5,Team_Proprietary,2,85.29,24.85,0,135,
69.0,B4,Vidic,15,Team_Proprietary,2,85.58,42.28,0,124,
69.0,B5,Cole,3,Team_Proprietary,2,81.26,56.66,0,139,
69.0,B6,Gerrard,8,Team_Proprietary,2,59.5,25.36,0,135,
69.0,B7,Lampard,4,Team_Proprietary,2,61.44,41.62,0,120,
69.0,B8,Beckham,7,Team_Proprietary,2,53.83,13.9,0,139,
69.0,B9,Giggs,11,Team_Proprietary,2,60.71,57.43,0,137,
69.0,B10,Henry,14,Team_Proprietary,2,29.28,29.95,0,122,
69.0,B11,Rooney,10,Team_Proprietary,2,36.54,38.48,0,125,
69.0,ball,Ball,,BALL,2,21.92,34.17,0,,
69.5,A1,Buffon,1,Team_OpenSource,2,6.97,36.0,0,124,
69.5,A2,Cafu,2,Team_OpenSource,2,26.37,10.99,0,137,
69.5,A3,Maldini,3,Team_OpenSource,2,19.52,24.08,0,125,
69.5,A4,Nesta,4,Team_OpenSource,2,18.11,41.01,0,126,
69.5,A5,Carlos,5,Team_OpenSource,2,23.44,56.77,0,125,
69.5,A6,Xavi,6,Team_OpenSource,2,45.2,34.66,0,140,
69.5,A7,Iniesta,8,Team_OpenSource,2,46.72,51.44,0,139,
69.5,A8,Pirlo,21,Team_OpenSource,2,46.14,18.72,0,137,
69.5,A9,Messi,10,Team_OpenSource,2,68.36,13.14,0,128,
69.5,A10,Ronaldo,9,Team_OpenSource,2,75.08,33.61,0,133,
69.5,A11,Ronaldinho,11,Team_OpenSource,2,68.15,51.38,0,122,
69.5,B1,Casillas,1,Team_Proprietary,2,101.97,36.0,0,120,
69.5,B2,Zanetti,2,Team_Proprietary,2,81.37,10.99,0,121,
69.5,B3,Ferdinand,5,Team_Proprietary,2,83.44,23.77,0,140,
69.5,B4,Vidic,15,Team_Proprietary,2,85.63,43.17,0,134,
69.5,B5,Cole,3,Team_Proprietary,2,79.52,57.08,0,133,
69.5,B6,Gerrard,8,Team_Proprietary,2,61.72,26.44,0,132,
69.5,B7,Lampard,4,Team_Proprietary,2,58.11,41.01,0,122,
69.5,B8,Beckham,7,Team_Proprietary,2,61.78,11.95,0,136,
69.5,B9,Giggs,11,Team_Proprietary,2,58.15,56.38,0,122,
69.5,B10,Henry,14,Team_Proprietary,2,36.94,29.77,0,130,
69.5,B11,Rooney,10,Team_Proprietary,2,33.36,38.14,0,132,
69.5,ball,Ball,,BALL,2,56.26,33.55,0,,
70.0,A1,Buffon,1,Team_OpenSource,2,6.9,35.8,0,131,
70.0,A2,Cafu,2,Team_OpenSource,2,25.51,10.24,0,139,
70.0,A3,Maldini,3,Team_OpenSource,2,18.65,23.46,0,136,
70.0,A4,Nesta,4,Team_OpenSource,2,18.03,41.1,0,128,
70.0,A5,Carlos,5,Team_OpenSource,2,24.22,57.48,0,138,
70.0,A6,Xavi,6,Team_OpenSource,2,46.13,35.35,0,121,
70.0,A7,Iniesta,8,Team_OpenSource,2,46.03,50.78,0,123,
70.0,A8,Pirlo,21,Team_OpenSource,2,45.21,17.94,0,134,
70.0,A9,Messi,10,Team_OpenSource,2,68.01,13.0,0,121,
70.0,A10,Ronaldo,9,Team_OpenSource,2,74.11,32.88,0,124,
70.0,A11,Ronaldinho,11,Team_OpenSource,2,68.74,51.96,0,124,
70.0,B1,Casillas,1,Team_Proprietary,2,101.9,35.8,0,139,
70.0,B2,Zanetti,2,Team_Proprietary,2,80.51,10.24,0,128,
70.0,B3,Ferdinand,5,Team_Proprietary,2,84.22,24.48,0,138,
70.0,B4,Vidic,15,Team_Proprietary,2,84.65,42.38,0,124,
70.0,B5,Cole,3,Team_Proprietary,2,78.65,56.46,0,140,
70.0,B6,Gerrard,8,Team_Proprietary,2,61.03,25.78,0,132,
70.0,B7,Lampard,4,Team_Proprietary,2,58.03,41.1,0,128,
70.0,B8,Beckham,7,Team_Proprietary,2,62.0,11.97,0,131,
70.0,B9,Giggs,11,Team_Proprietary,2,58.74,56.96,0,124,
70.0,B10,Henry,14,Team_Proprietary,2,36.47,29.27,0,127,
70.0,B11,Rooney,10,Team_Proprietary,2,33.01,38.0,0,121,
70.0,ball,Ball,,BALL,2,60.24,37.01,0,,
70.5,A1,Buffon,1,Team_OpenSource,2,6.37,35.32,0,133,
70.5,A2,Cafu,2,Team_OpenSource,2,24.52,9.45,0,140,
70.5,A3,Maldini,3,Team_OpenSource,2,18.11,23.08,0,129,
70.5,A4,Nesta,4,Team_OpenSource,2,18.44,41.48,0,137,
70.5,A5,Carlos,5,Team_OpenSource,2,25.2,58.28,0,140,
70.5,A6,Xavi,6,Team_OpenSource,2,46.78,35.82,0,128,
70.5,A7,Iniesta,8,Team_OpenSource,2,45.08,50.01,0,122,
70.5,A8,Pirlo,21,Team_OpenSource,2,44.23,17.16,0,128,
70.5,A9,Messi,10,Team_OpenSource,2,68.15,13.18,0,131,
70.5,A10,Ronaldo,9,Team_OpenSource,2,73.36,32.32,0,133,
70.5,A11,Ronaldinho,11,Team_OpenSource,2,69.64,52.71,0,132,
70.5,B1,Casillas,1,Team_Proprietary,2,101.37,35.32,0,123,
70.5,B2,Zanetti,2,Team_Proprietary,2,79.52,9.45,0,129,
70.5,B3,Ferdinand,5,Team_Proprietary,2,85.2,25.28,0,134,
70.5,B4,Vidic,15,Team_Proprietary,2,83.75,41.69,0,138,
70.5,B5,Cole,3,Team_Proprietary,2,78.11,56.08,0,126,
70.5,B6,Gerrard,8,Team_Proprietary,2,60.08,25.01,0,136,
70.5,B7,Lampard,4,Team_Proprietary,2,58.44,41.48,0,132,
70.5,B8,Beckham,7,Team_Proprietary,2,61.72,11.69,0,134,
70.5,B9,Giggs,11,Team_Proprietary,2,59.64,57.71,0,130,
70.5,B10,Henry,14,Team_Proprietary,2,35.63,28.56,0,136,
70.5,B11,Rooney,10,Team_Proprietary,2,33.15,38.18,0,140,
70.5,ball,Ball,,BALL,2,62.33,40.09,0,,
71.0,A1,Buffon,1,Team_OpenSource,2,5.51,34.63,0,122,
71.0,A2,Cafu,2,Team_OpenSource,2,23.65,8.74,0,125,
71.0,A3,Maldini,3,Team_OpenSource,2,18.03,23.01,0,128,
71.0,A4,Nesta,4,Team_OpenSource,2,19.22,42.11,0,123,
71.0,A5,Carlos,5,Team_OpenSource,2,26.13,59.03,0,128,
71.0,A6,Xavi,6,Team_OpenSource,2,47.0,36.0,0,131,
71.0,A7,Iniesta,8,Team_OpenSource,2,44.11,49.23,0,124,
71.0,A8,Pirlo,21,Team_OpenSource,2,43.44,16.52,0,133,
71.0,A9,Messi,10,Team_OpenSource,2,68.74,13.65,0,130,
71.0,A10,Ronaldo,9,Team_OpenSource,2,73.01,32.03,0,128,
71.0,A11,Ronaldinho,11,Team_OpenSource,2,70.63,53.51,0,121,
71.0,B1,Casillas,1,Team_Proprietary,2,100.51,34.63,0,126,
71.0,B2,Zanetti,2,Team_Proprietary,2,78.65,8.74,0,123,
71.0,B3,Ferdinand,5,Team_Proprietary,2,86.13,26.03,0,128,
71.0,B4,Vidic,15,Team_Proprietary,2,83.15,41.2,0,133,
71.0,B5,Cole,3,Team_Proprietary,2,78.03,56.01,0,132,
71.0,B6,Gerrard,8,Team_Proprietary,2,59.11,24.23,0,128,
71.0,B7,Lampard,4,Team_Proprietary,2,59.22,42.11,0,129,
71.0,B8,Beckham,7,Team_Proprietary,2,61.03,11.13,0,136,
71.0,B9,Giggs,11,Team_Proprietary,2,60.63,58.51,0,139,
71.0,B10,Henry,14,Team_Proprietary,2,34.65,27.77,0,132,
71.0,B11,Rooney,10,Team_Proprietary,2,33.74,38.65,0,130,
71.0,ball,Ball,,BALL,2,62.01,42.44,0,,
71.5,A1,Buffon,1,Team_OpenSource,2,4.52,33.84,0,132,
71.5,A2,Cafu,2,Team_OpenSource,2,23.11,8.24,0,140,
71.5,A3,Maldini,3,Team_OpenSource,2,18.44,23.25,0,125,
71.5,A4,Nesta,4,Team_OpenSource,2,20.2,42.88,0,134,
71.5,A5,Carlos,5,Team_OpenSource,2,26.78,59.61,0,131,
71.5,A6,Xavi,6,Team_OpenSource,2,46.72,35.87,0,130,
71.5,A7,Iniesta,8,Team_OpenSource,2,43.36,48.57,0,123,
71.5,A8,Pirlo,21,Team_OpenSource,2,43.03,16.11,0,134,
71.5,A9,Messi,10,Team_OpenSource,2,69.64,14.33,0,121,
71.5,A10,Ronaldo,9,Team_OpenSource,2,73.15,32.05,0,131,
71.5,A11,Ronaldinho,11,Team_OpenSource,2,71.46,54.22,0,132,
71.5,B1,Casillas,1,Team_Proprietary,2,99.52,33.84,0,125,
71.5,B2,Zanetti,2,Team_Proprietary,2,78.11,8.24,0,139,
71.5,B3,Ferdinand,5,Team_Proprietary,2,86.78,26.61,0,137,
71.5,B4,Vidic,15,Team_Proprietary,2,83.01,41.0,0,123,
71.5,B5,Cole,3,Team_Proprietary,2,78.44,56.25,0,138,
71.5,B6,Gerrard,8,Team_Proprietary,2,58.36,23.57,0,122,
71.5,B7,Lampard,4,Team_Proprietary,2,60.2,42.88,0,127,
71.5,B8,Beckham,7,Team_Proprietary,2,60.08,10.4,0,139,
71.5,B9,Giggs,11,Team_Proprietary,2,61.46,59.22,0,131,
71.5,B10,Henry,14,Team_Proprietary,2,33.75,27.02,0,125,
71.5,B11,Rooney,10,Team_Proprietary,2,34.64,39.33,0,132,
71.5,ball,Ball,,BALL,2,59.36,43.77,0,,
72.0,A1,Buffon,1,Team_OpenSource,2,3.65,33.08,0,130,
72.0,A2,Cafu,2,Team_OpenSource,2,23.03,8.01,0,137,
72.0,A3,Maldini,3,Team_OpenSource,2,19.22,23.77,0,131,
72.0,A4,Nesta,4,Team_OpenSource,2,21.13,43.66,0,125,
72.0,A5,Carlos,5,Team_OpenSource,2,27.0,59.95,0,126,
72.0,A6,Xavi,6,Team_OpenSource,2,46.03,35.44,0,135,
72.0,A7,Iniesta,8,Team_OpenSource,2,43.01,48.14,0,138,
72.0,A8,Pirlo,21,Team_OpenSource,2,43.1,16.0,0,122,
72.0,A9,Messi,10,Team_OpenSource,2,70.63,15.11,0,139,
72.0,A10,Ronaldo,9,Team_OpenSource,2,73.74,32.38,0,135,
72.0,A11,Ronaldinho,11,Team_OpenSource,2,71.94,54.74,0,133,
72.0,B1,Casillas,1,Team_Proprietary,2,98.65,33.08,0,126,
72.0,B2,Zanetti,2,Team_Proprietary,2,78.03,8.01,0,121,
72.0,B3,Ferdinand,5,Team_Proprietary,2,87.0,26.95,0,125,
72.0,B4,Vidic,15,Team_Proprietary,2,83.36,41.12,0,129,
72.0,B5,Cole,3,Team_Proprietary,2,79.22,56.77,0,127,
72.0,B6,Gerrard,8,Team_Proprietary,2,58.01,23.14,0,133,
72.0,B7,Lampard,4,Team_Proprietary,2,61.13,43.66,0,137,
72.0,B8,Beckham,7,Team_Proprietary,2,59.11,9.61,0,138,
72.0,B9,Giggs,11,Team_Proprietary,2,61.94,59.74,0,133,
72.0,B10,Henry,14,Team_Proprietary,2,33.15,26.42,0,133,
72.0,B11,Rooney,10,Team_Proprietary,2,35.63,40.11,0,138,
72.0,ball,Ball,,BALL,2,55.04,43.91,0,,
72.5,A1,Buffon,1,Team_OpenSource,2,3.11,32.46,0,130,
72.5,A2,Cafu,2,Team_OpenSource,2,23.44,8.1,0,137,
72.5,A3,Maldini,3,Team_OpenSource,2,20.2,24.48,0,134,
72.5,A4,Nesta,4,Team_OpenSource,2,21.78,44.35,0,130,
72.5,A5,Carlos,5,Team_OpenSource,2,26.72,59.97,0,121,
72.5,A6,Xavi,6,Team_OpenSource,2,45.08,34.78,0,129,
72.5,A7,Iniesta,8,Team_OpenSource,2,43.15,48.0,0,140,
72.5,A8,Pirlo,21,Team_OpenSource,2,43.64,16.21,0,126,
72.5,A9,Messi,10,Team_OpenSource,2,71.46,15.88,0,130,
72.5,A10,Ronaldo,9,Team_OpenSource,2,74.64,32.96,0,124,
72.5,A11,Ronaldinho,11,Team_OpenSource,2,71.94,54.99,0,132,
72.5,B1,Casillas,1,Team_Proprietary,2,98.11,32.46,0,127,
72.5,B2,Zanetti,2,Team_Proprietary,2,78.44,8.1,0,126,
72.5,B3,Ferdinand,5,Team_Proprietary,2,86.72,26.97,0,137,
72.5,B4,Vidic,15,Team_Proprietary,2,84.1,41.53,0,122,
72.5,B5,Cole,3,Team_Proprietary,2,80.2,57.48,0,122,
72.5,B6,Gerrard,8,Team_Proprietary,2,58.15,23.0,0,136,
72.5,B7,Lampard,4,Team_Proprietary,2,61.78,44.35,0,121,
72.5,B8,Beckham,7,Team_Proprietary,2,58.36,8.88,0,128,
72.5,B9,Giggs,11,Team_Proprietary,2,61.94,59.99,0,130,
72.5,B10,Henry,14,Team_Proprietary,2,33.01,26.07,0,139,
72.5,B11,Rooney,10,Team_Proprietary,2,36.46,40.88,0,122,
72.5,ball,Ball,,BALL,2,50.09,42.85,0,,
73.0,A1,Buffon,1,Team_OpenSource,2,3.03,32.08,0,128,
73.0,A2,Cafu,2,Team_OpenSource,2,24.22,8.48,0,137,
73.0,A3,Maldini,3,Team_OpenSource,2,21.13,25.28,0,131,
73.0,A4,Nesta,4,Team_OpenSource,2,22.0,44.82,0,123,
73.0,A5,Carlos,5,Team_OpenSource,2,26.03,59.69,0,129,
73.0,A6,Xavi,6,Team_OpenSource,2,44.11,34.01,0,120,
73.0,A7,Iniesta,8,Team_OpenSource,2,43.74,48.18,0,138,
73.0,A8,Pirlo,21,Team_OpenSource,2,44.51,16.7,0,134,
73.0,A9,Messi,10,Team_OpenSource,2,71.94,16.51,0,125,
73.0,A10,Ronaldo,9,Team_OpenSource,2,75.63,33.71,0,127,
73.0,A11,Ronaldinho,11,Team_OpenSource,2,71.47,54.92,0,135,
73.0,B1,Casillas,1,Team_Proprietary,2,98.03,32.08,0,123,
73.0,B2,Zanetti,2,Team_Proprietary,2,79.22,8.48,0,134,
73.0,B3,Ferdinand,5,Team_Proprietary,2,86.03,26.69,0,120,
73.0,B4,Vidic,15,Team_Proprietary,2,85.07,42.17,0,130,
73.0,B5,Cole,3,Team_Proprietary,2,81.13,58.28,0,132,
73.0,B6,Gerrard,8,Team_Proprietary,2,58.74,23.18,0,134,
73.0,B7,Lampard,4,Team_Proprietary,2,62.0,44.82,0,121,
73.0,B8,Beckham,7,Team_Proprietary,2,58.01,8.32,0,125,
73.0,B9,Giggs,11,Team_Proprietary,2,61.47,59.92,0,139,
73.0,B10,Henry,14,Team_Proprietary,2,33.36,26.02,0,134,
73.0,B11,Rooney,10,Team_Proprietary,2,36.94,41.51,0,130,
73.0,ball,Ball,,BALL,2,45.73,40.72,0,,
73.5,A1,Buffon,1,Team_OpenSource,2,3.44,32.01,0,120,
73.5,A2,Cafu,2,Team_OpenSource,2,25.2,9.11,0,132,
73.5,A3,Maldini,3,Team_OpenSource,2,21.78,26.03,0,136,
73.5,A4,Nesta,4,Team_OpenSource,2,21.72,45.0,0,131,
73.5,A5,Carlos,5,Team_OpenSource,2,25.08,59.13,0,133,
73.5,A6,Xavi,6,Team_OpenSource,2,43.36,33.23,0,126,
73.5,A7,Iniesta,8,Team_OpenSource,2,44.64,48.65,0,124,
73.5,A8,Pirlo,21,Team_OpenSource,2,45.5,17.39,0,124,
73.5,A9,Messi,10,Team_OpenSource,2,71.94,16.9,0,123,
73.5,A10,Ronaldo,9,Team_OpenSource,2,76.46,34.51,0,124,
73.5,A11,Ronaldinho,11,Team_OpenSource,2,70.63,54.55,0,125,
73.5,B1,Casillas,1,Team_Proprietary,2,98.44,32.01,0,130,
73.5,B2,Zanetti,2,Team_Proprietary,2,80.2,9.11,0,124,
73.5,B3,Ferdinand,5,Team_Proprietary,2,85.08,26.13,0,137,
73.5,B4,Vidic,15,Team_Proprietary,2,86.02,42.95,0,131,
73.5,B5,Cole,3,Team_Proprietary,2,81.78,59.03,0,130,
73.5,B6,Gerrard,8,Team_Proprietary,2,59.64,23.65,0,134,
73.5,B7,Lampard,4,Team_Proprietary,2,61.72,45.0,0,121,
73.5,B8,Beckham,7,Team_Proprietary,2,58.15,8.03,0,140,
73.5,B9,Giggs,11,Team_Proprietary,2,60.63,59.55,0,128,
73.5,B10,Henry,14,Team_Proprietary,2,34.1,26.29,0,139,
73.5,B11,Rooney,10,Team_Proprietary,2,36.94,41.9,0,130,
73.5,ball,Ball,,BALL,2,43.03,37.77,0,,
74.0,A1,Buffon,1,Team_OpenSource,2,4.22,32.25,0,125,
74.0,A2,Cafu,2,Team_OpenSource,2,26.13,9.88,0,139,
74.0,A3,Maldini,3,Team_OpenSource,2,22.0,26.61,0,137,
74.0,A4,Nesta,4,Team_OpenSource,2,21.03,44.87,0,122,
74.0,A5,Carlos,5,Team_OpenSource,2,24.11,58.4,0,140,
74.0,A6,Xavi,6,Team_OpenSource,2,43.01,32.57,0,121,
74.0,A7,Iniesta,8,Team_OpenSource,2,45.63,49.33,0,140,
74.0,A8,Pirlo,21,Team_OpenSource,2,46.37,18.18,0,126,
74.0,A9,Messi,10,Team_OpenSource,2,71.47,16.99,0,122,
74.0,A10,Ronaldo,9,Team_OpenSource,2,76.94,35.22,0,136,
74.0,A11,Ronaldinho,11,Team_OpenSource,2,69.65,53.93,0,133,
74.0,B1,Casillas,1,Team_Proprietary,2,99.22,32.25,0,133,
74.0,B2,Zanetti,2,Team_Proprietary,2,81.13,9.88,0,123,
74.0,B3,Ferdinand,5,Team_Proprietary,2,84.11,25.4,0,122,
74.0,B4,Vidic,15,Team_Proprietary,2,86.72,43.73,0,121,
74.0,B5,Cole,3,Team_Proprietary,2,82.0,59.61,0,122,
74.0,B6,Gerrard,8,Team_Proprietary,2,60.63,24.33,0,120,
74.0,B7,Lampard,4,Team_Proprietary,2,61.03,44.87,0,130,
74.0,B8,Beckham,7,Team_Proprietary,2,58.74,8.05,0,137,
74.0,B9,Giggs,11,Team_Proprietary,2,59.65,58.93,0,121,
74.0,B10,Henry,14,Team_Proprietary,2,35.07,26.83,0,134,
74.0,B11,Rooney,10,Team_Proprietary,2,36.47,41.99,0,134,
74.0,ball,Ball,,BALL,2,42.65,34.36,0,,
74.5,A1,Buffon,1,Team_OpenSource,2,5.2,32.77,0,122,
74.5,A2,Cafu,2,Team_OpenSource,2,26.78,10.66,0,134,
74.5,A3,Maldini,3,Team_OpenSource,2,21.72,26.95,0,124,
74.5,A4,Nesta,4,Team_OpenSource,2,20.08,44.44,0,134,
74.5,A5,Carlos,5,Team_OpenSource,2,23.36,57.61,0,138,
74.5,A6,Xavi,6,Team_OpenSource,2,43.15,32.14,0,130,
74.5,A7,Iniesta,8,Team_OpenSource,2,46.46,50.11,0,132,
74.5,A8,Pirlo,21,Team_OpenSource,2,46.9,18.94,0,140,
74.5,A9,Messi,10,Team_OpenSource,2,70.63,16.77,0,131,
74.5,A10,Ronaldo,9,Team_OpenSource,2,76.94,35.74,0,136,
74.5,A11,Ronaldinho,11,Team_OpenSource,2,68.75,53.17,0,137,
74.5,B1,Casillas,1,Team_Proprietary,2,100.2,32.77,0,129,
74.5,B2,Zanetti,2,Team_Proprietary,2,81.78,10.66,0,121,
74.5,B3,Ferdinand,5,Team_Proprietary,2,83.36,24.61,0,129,
74.5,B4,Vidic,15,Team_Proprietary,2,87.0,44.4,0,139,
74.5,B5,Cole,3,Team_Proprietary,2,81.72,59.95,0,135,
74.5,B6,Gerrard,8,Team_Proprietary,2,61.46,25.11,0,127,
74.5,B7,Lampard,4,Team_Proprietary,2,60.08,44.44,0,137,
74.5,B8,Beckham,7,Team_Proprietary,2,59.64,8.38,0,122,
74.5,B9,Giggs,11,Team_Proprietary,2,58.75,58.17,0,123,
74.5,B10,Henry,14,Team_Proprietary,2,36.02,27.55,0,130,
74.5,B11,Rooney,10,Team_Proprietary,2,35.63,41.77,0,127,
74.5,ball,Ball,,BALL,2,44.68,30.91,0,,
75.0,A1,Buffon,1,Team_OpenSource,2,6.13,33.48,0,126,
75.0,A2,Cafu,2,Team_OpenSource,2,27.0,11.35,0,126,
75.0,A3,Maldini,3,Team_OpenSource,2,21.03,26.97,0,136,
75.0,A4,Nesta,4,Team_OpenSource,2,19.11,43.78,0,122,
75.0,A5,Carlos,5,Team_OpenSource,2,23.01,56.88,0,130,
75.0,A6,Xavi,6,Team_OpenSource,2,43.74,32.0,0,136,
75.0,A7,Iniesta,8,Team_OpenSource,2,46.94,50.88,0,139,
75.0,A8,Pirlo,21,Team_OpenSource,2,46.97,19.55,0,120,
75.0,A9,Messi,10,Team_OpenSource,2,69.65,16.27,0,138,
75.0,A10,Ronaldo,9,Team_OpenSource,2,76.47,35.99,0,132,
75.0,A11,Ronaldinho,11,Team_OpenSource,2,68.15,52.38,0,129,
75.0,B1,Casillas,1,Team_Proprietary,2,101.13,33.48,0,121,
75.0,B2,Zanetti,2,Team_Proprietary,2,82.0,11.35,0,130,
75.0,B3,Ferdinand,5,Team_Proprietary,2,83.01,23.88,0,131,
75.0,B4,Vidic,15,Team_Proprietary,2,86.79,44.84,0,123,
75.0,B5,Cole,3,Team_Proprietary,2,81.03,59.97,0,120,
75.0,B6,Gerrard,8,Team_Proprietary,2,61.94,25.88,0,132,
75.0,B7,Lampard,4,Team_Proprietary,2,59.11,43.78,0,123,
75.0,B8,Beckham,7,Team_Proprietary,2,60.63,8.96,0,136,
75.0,B9,Giggs,11,Team_Proprietary,2,58.15,57.38,0,126,
75.0,B10,Henry,14,Team_Proprietary,2,36.72,28.34,0,121,
75.0,B11,Rooney,10,Team_Proprietary,2,34.65,41.27,0,124,
75.0,ball,Ball,,BALL,2,48.62,27.84,0,,
75.5,A1,Buffon,1,Team_OpenSource,2,6.78,34.28,0,139,
75.5,A2,Cafu,2,Team_OpenSource,2,26.72,11.82,0,124,
75.5,A3,Maldini,3,Team_OpenSource,2,20.08,26.69,0,120,
75.5,A4,Nesta,4,Team_OpenSource,2,18.36,43.01,0,130,
75.5,A5,Carlos,5,Team_OpenSource,2,23.15,56.32,0,132,
75.5,A6,Xavi,6,Team_OpenSource,2,44.64,32.18,0,123,
75.5,A7,Iniesta,8,Team_OpenSource,2,46.94,51.51,0,127,
75.5,A8,Pirlo,21,Team_OpenSource,2,46.55,19.92,0,123,
75.5,A9,Messi,10,Team_OpenSource,2,68.75,15.56,0,139,
75.5,A10,Ronaldo,9,Team_OpenSource,2,75.63,35.92,0,132,
75.5,A11,Ronaldinho,11,Team_OpenSource,2,68.01,51.69,0,127,
75.5,B1,Casillas,1,Team_Proprietary,2,101.78,34.28,0,126,
75.5,B2,Zanetti,2,Team_Proprietary,2,81.72,11.82,0,127,
75.5,B3,Ferdinand,5,Team_Proprietary,2,83.15,23.32,0,123,
75.5,B4,Vidic,15,Team_Proprietary,2,86.14,45.0,0,129,
75.5,B5,Cole,3,Team_Proprietary,2,80.08,59.69,0,139,
75.5,B6,Gerrard,8,Team_Proprietary,2,61.94,26.51,0,122,
75.5,B7,Lampard,4,Team_Proprietary,2,58.36,43.01,0,140,
75.5,B8,Beckham,7,Team_Proprietary,2,61.46,9.71,0,138,
75.5,B9,Giggs,11,Team_Proprietary,2,58.01,56.69,0,140,
75.5,B10,Henry,14,Team_Proprietary,2,37.0,29.08,0,122,
75.5,B11,Rooney,10,Team_Proprietary,2,33.75,40.56,0,122,
75.5,ball,Ball,,BALL,2,53.52,25.51,0,,
76.0,A1,Buffon,1,Team_OpenSource,2,7.0,35.03,0,139,
76.0,A2,Cafu,2,Team_OpenSource,2,26.03,12.0,0,120,
76.0,A3,Maldini,3,Team_OpenSource,2,19.11,26.13,0,124,
76.0,A4,Nesta,4,Team_OpenSource,2,18.01,42.23,0,136,
76.0,A5,Carlos,5,Team_OpenSource,2,23.74,56.03,0,133,
76.0,A6,Xavi,6,Team_OpenSource,2,45.63,32.65,0,125,
76.0,A7,Iniesta,8,Team_OpenSource,2,46.47,51.9,0,128,
76.0,A8,Pirlo,21,Team_OpenSource,2,45.76,19.99,0,122,
76.0,A9,Messi,10,Team_OpenSource,2,68.15,14.77,0,137,
76.0,A10,Ronaldo,9,Team_OpenSource,2,74.65,35.55,0,133,
76.0,A11,Ronaldinho,11,Team_OpenSource,2,68.36,51.2,0,132,
76.0,B1,Casillas,1,Team_Proprietary,2,102.0,35.03,0,124,
76.0,B2,Zanetti,2,Team_Proprietary,2,81.03,12.0,0,138,
76.0,B3,Ferdinand,5,Team_Proprietary,2,83.74,23.03,0,140,
76.0,B4,Vidic,15,Team_Proprietary,2,85.21,44.84,0,134,
76.0,B5,Cole,3,Team_Proprietary,2,79.11,59.13,0,124,
76.0,B6,Gerrard,8,Team_Proprietary,2,61.47,26.9,0,126,
76.0,B7,Lampard,4,Team_Proprietary,2,58.01,42.23,0,129,
76.0,B8,Beckham,7,Team_Proprietary,2,61.94,10.51,0,124,
76.0,B9,Giggs,11,Team_Proprietary,2,58.36,56.2,0,138,
76.0,B10,Henry,14,Team_Proprietary,2,36.79,29.65,0,135,
76.0,B11,Rooney,10,Team_Proprietary,2,33.15,39.77,0,124,
76.0,ball,Ball,,BALL,2,58.16,24.21,0,,
76.5,A1,Buffon,1,Team_OpenSource,2,6.72,35.61,0,130,
76.5,A2,Cafu,2,Team_OpenSource,2,25.08,11.87,0,124,
76.5,A3,Maldini,3,Team_OpenSource,2,18.36,25.4,0,132,
76.5,A4,Nesta,4,Team_OpenSource,2,18.15,41.57,0,130,
76.5,A5,Carlos,5,Team_OpenSource,2,24.64,56.05,0,138,
76.5,A6,Xavi,6,Team_OpenSource,2,46.46,33.33,0,121,
76.5,A7,Iniesta,8,Team_OpenSource,2,45.63,51.99,0,128,
76.5,A8,Pirlo,21,Team_OpenSource,2,44.78,19.74,0,128,
76.5,A9,Messi,10,Team_OpenSource,2,68.01,14.02,0,123,
76.5,A10,Ronaldo,9,Team_OpenSource,2,73.75,34.93,0,136,
76.5,A11,Ronaldinho,11,Team_OpenSource,2,69.1,51.0,0,140,
76.5,B1,Casillas,1,Team_Proprietary,2,101.72,35.61,0,135,
76.5,B2,Zanetti,2,Team_Proprietary,2,80.08,11.87,0,121,
76.5,B3,Ferdinand,5,Team_Proprietary,2,84.64,23.05,0,122,
76.5,B4,Vidic,15,Team_Proprietary,2,84.23,44.39,0,121,
76.5,B5,Cole,3,Team_Proprietary,2,78.36,58.4,0,130,
76.5,B6,Gerrard,8,Team_Proprietary,2,60.63,26.99,0,122,
76.5,B7,Lampard,4,Team_Proprietary,2,58.15,41.57,0,128,
76.5,B8,Beckham,7,Team_Proprietary,2,61.94,11.22,0,122,
76.5,B9,Giggs,11,Team_Proprietary,2,59.1,56.0,0,132,
76.5,B10,Henry,14,Team_Proprietary,2,36.14,29.96,0,125,
76.5,B11,Rooney,10,Team_Proprietary,2,33.01,39.02,0,138,
76.5,ball,Ball,,BALL,2,61.42,24.1,0,,
77.0,A1,Buffon,1,Team_OpenSource,2,6.03,35.95,0,133,
77.0,A2,Cafu,2,Team_OpenSource,2,24.11,11.44,0,122,
77.0,A3,Maldini,3,Team_OpenSource,2,18.01,24.61,0,140,
77.0,A4,Nesta,4,Team_OpenSource,2,18.74,41.14,0,123,
77.0,A5,Carlos,5,Team_OpenSource,2,25.63,56.38,0,131,
77.0,A6,Xavi,6,Team_OpenSource,2,46.94,34.11,0,140,
77.0,A7,Iniesta,8,Team_OpenSource,2,44.65,51.77,0,124,
77.0,A8,Pirlo,21,Team_OpenSource,2,43.85,19.21,0,127,
77.0,A9,Messi,10,Team_OpenSource,2,68.36,13.42,0,140,
77.0,A10,Ronaldo,9,Team_OpenSource,2,73.15,34.17,0,122,
77.0,A11,Ronaldinho,11,Team_OpenSource,2,70.07,51.12,0,127,
77.0,B1,Casillas,1,Team_Proprietary,2,101.03,35.95,0,128,
77.0,B2,Zanetti,2,Team_Proprietary,2,79.11,11.44,0,133,
77.0,B3,Ferdinand,5,Team_Proprietary,2,85.63,23.38,0,134,
77.0,B4,Vidic,15,Team_Proprietary,2,83.44,43.72,0,139,
77.0,B5,Cole,3,Team_Proprietary,2,78.01,57.61,0,136,
77.0,B6,Gerrard,8,Team_Proprietary,2,59.65,26.77,0,135,
77.0,B7,Lampard,4,Team_Proprietary,2,58.74,41.14,0,137,
77.0,B8,Beckham,7,Team_Proprietary,2,61.47,11.74,0,121,
77.0,B9,Giggs,11,Team_Proprietary,2,60.07,56.12,0,137,
77.0,B10,Henry,14,Team_Proprietary,2,35.21,29.96,0,123,
77.0,B11,Rooney,10,Team_Proprietary,2,33.36,38.42,0,133,
77.0,ball,Ball,,BALL,2,62.5,25.19,0,,
77.5,A1,Buffon,1,Team_OpenSource,2,5.08,35.97,0,138,
77.5,A2,Cafu,2,Team_OpenSource,2,23.36,10.78,0,139,
77.5,A3,Maldini,3,Team_OpenSource,2,18.15,23.88,0,134,
77.5,A4,Nesta,4,Team_OpenSource,2,19.64,41.0,0,125,
77.5,A5,Carlos,5,Team_OpenSource,2,26.46,56.96,0,125,
77.5,A6,Xavi,6,Team_OpenSource,2,46.94,34.88,0,131,
77.5,A7,Iniesta,8,Team_OpenSource,2,43.75,51.27,0,121,
77.5,A8,Pirlo,21,Team_OpenSource,2,43.21,18.5,0,121,
77.5,A9,Messi,10,Team_OpenSource,2,69.1,13.07,0,138,
77.5,A10,Ronaldo,9,Team_OpenSource,2,73.01,33.38,0,129,
77.5,A11,Ronaldinho,11,Team_OpenSource,2,71.02,51.53,0,139,
77.5,B1,Casillas,1,Team_Proprietary,2,100.08,35.97,0,138,
77.5,B2,Zanetti,2,Team_Proprietary,2,78.36,10.78,0,123,
77.5,B3,Ferdinand,5,Team_Proprietary,2,86.46,23.96,0,125,
77.5,B4,Vidic,15,Team_Proprietary,2,83.03,42.94,0,130,
77.5,B5,Cole,3,Team_Proprietary,2,78.15,56.88,0,124,
77.5,B6,Gerrard,8,Team_Proprietary,2,58.75,26.27,0,135,
77.5,B7,Lampard,4,Team_Proprietary,2,59.64,41.0,0,127,
77.5,B8,Beckham,7,Team_Proprietary,2,60.63,11.99,0,134,
77.5,B9,Giggs,11,Team_Proprietary,2,61.02,56.53,0,121,
77.5,B10,Henry,14,Team_Proprietary,2,34.23,29.65,0,135,
77.5,B11,Rooney,10,Team_Proprietary,2,34.1,38.07,0,121,
77.5,ball,Ball,,BALL,2,61.12,27.35,0,,
78.0,A1,Buffon,1,Team_OpenSource,2,4.11,35.69,0,132,
78.0,A2,Cafu,2,Team_OpenSource,2,23.01,10.01,0,139,
78.0,A3,Maldini,3,Team_OpenSource,2,18.74,23.32,0,135,
78.0,A4,Nesta,4,Team_OpenSource,2,20.63,41.18,0,132,
78.0,A5,Carlos,5,Team_OpenSource,2,26.94,57.71,0,126,
78.0,A6,Xavi,6,Team_OpenSource,2,46.47,35.51,0,126,
78.0,A7,Iniesta,8,Team_OpenSource,2,43.15,50.56,0,130,
78.0,A8,Pirlo,21,Team_OpenSource,2,43.0,17.71,0,122,
78.0,A9,Messi,10,Team_OpenSource,2,70.07,13.02,0,124,
78.0,A10,Ronaldo,9,Team_OpenSource,2,73.36,32.69,0,123,
78.0,A11,Ronaldinho,11,Team_OpenSource,2,71.72,52.17,0,123,
78.0,B1,Casillas,1,Team_Proprietary,2,99.11,35.69,0,138,
78.0,B2,Zanetti,2,Team_Proprietary,2,78.01,10.01,0,121,
78.0,B3,Ferdinand,5,Team_Proprietary,2,86.94,24.71,0,140,
78.0,B4,Vidic,15,Team_Proprietary,2,83.1,42.16,0,121,
78.0,B5,Cole,3,Team_Proprietary,2,78.74,56.32,0,125,
78.0,B6,Gerrard,8,Team_Proprietary,2,58.15,25.56,0,122,
78.0,B7,Lampard,4,Team_Proprietary,2,60.63,41.18,0,139,
78.0,B8,Beckham,7,Team_Proprietary,2,59.65,11.92,0,124,
78.0,B9,Giggs,11,Team_Proprietary,2,61.72,57.17,0,124,
78.0,B10,Henry,14,Team_Proprietary,2,33.44,29.08,0,136,
78.0,B11,Rooney,10,Team_Proprietary,2,35.07,38.02,0,135,
78.0,ball,Ball,,BALL,2,57.64,30.31,0,,
78.5,A1,Buffon,1,Team_OpenSource,2,3.36,35.13,0,131,
78.5,A2,Cafu,2,Team_OpenSource,2,23.15,9.23,0,133,
78.5,A3,Maldini,3,Team_OpenSource,2,19.64,23.03,0,125,
78.5,A4,Nesta,4,Team_OpenSource,2,21.46,41.65,0,140,
78.5,A5,Carlos,5,Team_OpenSource,2,26.94,58.51,0,133,
78.5,A6,Xavi,6,Team_OpenSource,2,45.63,35.9,0,129,
78.5,A7,Iniesta,8,Team_OpenSource,2,43.01,49.77,0,123,
78.5,A8,Pirlo,21,Team_OpenSource,2,43.28,16.96,0,128,
78.5,A9,Messi,10,Team_OpenSource,2,71.02,13.29,0,123,
78.5,A10,Ronaldo,9,Team_OpenSource,2,74.1,32.2,0,136,
78.5,A11,Ronaldinho,11,Team_OpenSource,2,72.0,52.95,0,123,
78.5,B1,Casillas,1,Team_Proprietary,2,98.36,35.13,0,136,
78.5,B2,Zanetti,2,Team_Proprietary,2,78.15,9.23,0,126,
78.5,B3,Ferdinand,5,Team_Proprietary,2,86.94,25.51,0,121,
78.5,B4,Vidic,15,Team_Proprietary,2,83.64,41.52,0,139,
78.5,B5,Cole,3,Team_Proprietary,2,79.64,56.03,0,133,
78.5,B6,Gerrard,8,Team_Proprietary,2,58.01,24.77,0,123,
78.5,B7,Lampard,4,Team_Proprietary,2,61.46,41.65,0,131,
78.5,B8,Beckham,7,Team_Proprietary,2,58.75,11.55,0,127,
78.5,B9,Giggs,11,Team_Proprietary,2,62.0,57.95,0,136,
78.5,B10,Henry,14,Team_Proprietary,2,33.03,28.34,0,120,
78.5,B11,Rooney,10,Team_Proprietary,2,36.02,38.29,0,131,
78.5,ball,Ball,,BALL,2,52.9,33.72,0,,
79.0,A1,Buffon,1,Team_OpenSource,2,3.01,34.4,0,120,
79.0,A2,Cafu,2,Team_OpenSource,2,23.74,8.57,0,135,
79.0,A3,Maldini,3,Team_OpenSource,2,20.63,23.05,0,123,
79.0,A4,Nesta,4,Team_OpenSource,2,21.94,42.33,0,131,
79.0,A5,Carlos,5,Team_OpenSource,2,26.47,59.22,0,124,
79.0,A6,Xavi,6,Team_OpenSource,2,44.65,35.99,0,137,
79.0,A7,Iniesta,8,Team_OpenSource,2,43.36,49.02,0,121,
79.0,A8,Pirlo,21,Team_OpenSource,2,43.99,16.38,0,120,
79.0,A9,Messi,10,Team_OpenSource,2,71.72,13.83,0,134,
79.0,A10,Ronaldo,9,Team_OpenSource,2,75.07,32.0,0,124,
79.0,A11,Ronaldinho,11,Team_OpenSource,2,71.79,53.73,0,140,
79.0,B1,Casillas,1,Team_Proprietary,2,98.01,34.4,0,132,
79.0,B2,Zanetti,2,Team_Proprietary,2,78.74,8.57,0,130,
79.0,B3,Ferdinand,5,Team_Proprietary,2,86.47,26.22,0,120,
79.0,B4,Vidic,15,Team_Proprietary,2,84.51,41.11,0,122,
79.0,B5,Cole,3,Team_Proprietary,2,80.63,56.05,0,125,
79.0,B6,Gerrard,8,Team_Proprietary,2,58.36,24.02,0,131,
79.0,B7,Lampard,4,Team_Proprietary,2,61.94,42.33,0,135,
79.0,B8,Beckham,7,Team_Proprietary,2,58.15,10.93,0,126,
79.0,B9,Giggs,11,Team_Proprietary,2,61.79,58.73,0,139,
79.0,B10,Henry,14,Team_Proprietary,2,33.1,27.54,0,128,
79.0,B11,Rooney,10,Team_Proprietary,2,36.72,38.83,0,129,
79.0,ball,Ball,,BALL,2,48.06,37.17,0,,
79.5,A1,Buffon,1,Team_OpenSource,2,3.15,33.61,0,132,
79.5,A2,Cafu,2,Team_OpenSource,2,24.64,8.14,0,131,
79.5,A3,Maldini,3,Team_OpenSource,2,21.46,23.38,0,132,
79.5,A4,Nesta,4,Team_OpenSource,2,21.94,43.11,0,134,
79.5,A5,Carlos,5,Team_OpenSource,2,25.63,59.74,0,137,
79.5,A6,Xavi,6,Team_OpenSource,2,43.75,35.77,0,122,
79.5,A7,Iniesta,8,Team_OpenSource,2,44.1,48.42,0,135,
79.5,A8,Pirlo,21,Team_OpenSource,2,44.94,16.05,0,128,
79.5,A9,Messi,10,Team_OpenSource,2,72.0,14.55,0,124,
79.5,A10,Ronaldo,9,Team_OpenSource,2,76.02,32.12,0,126,
79.5,A11,Ronaldinho,11,Team_OpenSource,2,71.14,54.4,0,136,
79.5,B1,Casillas,1,Team_Proprietary,2,98.15,33.61,0,132,
79.5,B2,Zanetti,2,Team_Proprietary,2,79.64,8.14,0,133,
79.5,B3,Ferdinand,5,Team_Proprietary,2,85.63,26.74,0,129,
79.5,B4,Vidic,15,Team_Proprietary,2,85.5,41.0,0,128,
79.5,B5,Cole,3,Team_Proprietary,2,81.46,56.38,0,132,
79.5,B6,Gerrard,8,Team_Proprietary,2,59.1,23.42,0,133,
79.5,B7,Lampard,4,Team_Proprietary,2,61.94,43.11,0,131,
79.5,B8,Beckham,7,Team_Proprietary,2,58.01,10.17,0,124,
79.5,B9,Giggs,11,Team_Proprietary,2,61.14,59.4,0,138,
79.5,B10,Henry,14,Team_Proprietary,2,33.64,26.82,0,135,
79.5,B11,Rooney,10,Team_Proprietary,2,37.0,39.55,0,124,
79.5,ball,Ball,,BALL,2,44.31,40.23,0,,
80.0,A1,Buffon,1,Team_OpenSource,2,3.15,33.61,0,128,
80.0,A2,Cafu,2,Team_OpenSource,2,24.64,8.14,0,140,
80.0,A3,Maldini,3,Team_OpenSource,2,21.46,23.38,0,140,
80.0,A4,Nesta,4,Team_OpenSource,2,21.94,43.11,0,134,
80.0,A5,Carlos,5,Team_OpenSource,2,25.63,59.74,0,123,
80.0,A6,Xavi,6,Team_OpenSource,2,43.75,35.77,0,127,
80.0,A7,Iniesta,8,Team_OpenSource,2,44.1,48.42,0,123,
80.0,A8,Pirlo,21,Team_OpenSource,2,44.94,16.05,0,126,
80.0,A9,Messi,10,Team_OpenSource,2,72.0,14.55,0,132,
80.0,A10,Ronaldo,9,Team_OpenSource,2,76.02,32.12,0,130,
80.0,A11,Ronaldinho,11,Team_OpenSource,2,71.14,54.4,0,136,
80.0,B1,Casillas,1,Team_Proprietary,2,98.15,33.61,0,137,
80.0,B2,Zanetti,2,Team_Proprietary,2,79.64,8.14,0,138,
80.0,B3,Ferdinand,5,Team_Proprietary,2,85.63,26.74,0,123,
80.0,B4,Vidic,15,Team_Proprietary,2,85.5,41.0,0,134,
80.0,B5,Cole,3,Team_Proprietary,2,81.46,56.38,0,136,
80.0,B6,Gerrard,8,Team_Proprietary,2,56.94,23.95,0,123,
80.0,B7,Lampard,4,Team_Proprietary,2,61.94,43.11,0,121,
80.0,B8,Beckham,7,Team_Proprietary,2,58.01,10.17,0,127,
80.0,B9,Giggs,11,Team_Proprietary,2,61.14,59.4,0,134,
80.0,B10,Henry,14,Team_Proprietary,2,33.64,26.82,0,120,
80.0,B11,Rooney,10,Team_Proprietary,2,35.54,39.27,0,139,
80.0,ball,Ball,,BALL,2,57.94,23.95,0,,
80.5,A1,Buffon,1,Team_OpenSource,2,3.15,33.61,0,120,
80.5,A2,Cafu,2,Team_OpenSource,2,24.64,8.14,0,122,
80.5,A3,Maldini,3,Team_OpenSource,2,21.46,23.38,0,133,
80.5,A4,Nesta,4,Team_OpenSource,2,21.94,43.11,0,126,
80.5,A5,Carlos,5,Team_OpenSource,2,25.63,59.74,0,129,
80.5,A6,Xavi,6,Team_OpenSource,2,43.75,35.77,0,125,
80.5,A7,Iniesta,8,Team_OpenSource,2,44.1,48.42,0,130,
80.5,A8,Pirlo,21,Team_OpenSource,2,44.94,16.05,0,135,
80.5,A9,Messi,10,Team_OpenSource,2,72.0,14.55,0,123,
80.5,A10,Ronaldo,9,Team_OpenSource,2,76.02,32.12,0,126,
80.5,A11,Ronaldinho,11,Team_OpenSource,2,71.14,54.4,0,124,
80.5,B1,Casillas,1,Team_Proprietary,2,98.15,33.61,0,124,
80.5,B2,Zanetti,2,Team_Proprietary,2,79.64,8.14,0,128,
80.5,B3,Ferdinand,5,Team_Proprietary,2,85.63,26.74,0,136,
80.5,B4,Vidic,15,Team_Proprietary,2,85.5,41.0,0,124,
80.5,B5,Cole,3,Team_Proprietary,2,81.46,56.38,0,135,
80.5,B6,Gerrard,8,Team_Proprietary,2,54.88,24.45,0,130,
80.5,B7,Lampard,4,Team_Proprietary,2,61.94,43.11,0,130,
80.5,B8,Beckham,7,Team_Proprietary,2,58.01,10.17,0,128,
80.5,B9,Giggs,11,Team_Proprietary,2,61.14,59.4,0,127,
80.5,B10,Henry,14,Team_Proprietary,2,33.64,26.82,0,135,
80.5,B11,Rooney,10,Team_Proprietary,2,34.16,39.01,0,130,
80.5,ball,Ball,,BALL,2,55.88,24.45,0,,
81.0,A1,Buffon,1,Team_OpenSource,2,3.15,33.61,0,133,
81.0,A2,Cafu,2,Team_OpenSource,2,24.64,8.14,0,132,
81.0,A3,Maldini,3,Team_OpenSource,2,21.46,23.38,0,126,
81.0,A4,Nesta,4,Team_OpenSource,2,21.94,43.11,0,136,
81.0,A5,Carlos,5,Team_OpenSource,2,25.63,59.74,0,138,
81.0,A6,Xavi,6,Team_OpenSource,2,43.75,35.77,0,121,
81.0,A7,Iniesta,8,Team_OpenSource,2,44.1,48.42,0,135,
81.0,A8,Pirlo,21,Team_OpenSource,2,44.94,16.05,0,120,
81.0,A9,Messi,10,Team_OpenSource,2,72.0,14.55,0,127,
81.0,A10,Ronaldo,9,Team_OpenSource,2,76.02,32.12,0,135,
81.0,A11,Ronaldinho,11,Team_OpenSource,2,71.14,54.4,0,134,
81.0,B1,Casillas,1,Team_Proprietary,2,98.15,33.61,0,135,
81.0,B2,Zanetti,2,Team_Proprietary,2,79.64,8.14,0,127,
81.0,B3,Ferdinand,5,Team_Proprietary,2,85.63,26.74,0,122,
81.0,B4,Vidic,15,Team_Proprietary,2,85.5,41.0,0,135,
81.0,B5,Cole,3,Team_Proprietary,2,81.46,56.38,0,136,
81.0,B6,Gerrard,8,Team_Proprietary,2,52.92,24.93,0,134,
81.0,B7,Lampard,4,Team_Proprietary,2,61.94,43.11,0,133,
81.0,B8,Beckham,7,Team_Proprietary,2,58.01,10.17,0,123,
81.0,B9,Giggs,11,Team_Proprietary,2,61.14,59.4,0,129,
81.0,B10,Henry,14,Team_Proprietary,2,33.64,26.82,0,126,
81.0,B11,Rooney,10,Team_Proprietary,2,32.84,38.76,0,122,
81.0,ball,Ball,,BALL,2,53.92,24.93,0,,
81.5,A1,Buffon,1,Team_OpenSource,2,3.15,33.61,0,130,
81.5,A2,Cafu,2,Team_OpenSource,2,24.64,8.14,0,124,
81.5,A3,Maldini,3,Team_OpenSource,2,21.46,23.38,0,139,
81.5,A4,Nesta,4,Team_OpenSource,2,21.94,43.11,0,128,
81.5,A5,Carlos,5,Team_OpenSource,2,25.63,59.74,0,133,
81.5,A6,Xavi,6,Team_OpenSource,2,43.75,35.77,0,126,
81.5,A7,Iniesta,8,Team_OpenSource,2,44.1,48.42,0,128,
81.5,A8,Pirlo,21,Team_OpenSource,2,44.94,16.05,0,120,
81.5,A9,Messi,10,Team_OpenSource,2,72.0,14.55,0,120,
81.5,A10,Ronaldo,9,Team_OpenSource,2,76.02,32.12,0,124,
81.5,A11,Ronaldinho,11,Team_OpenSource,2,71.14,54.4,0,125,
81.5,B1,Casillas,1,Team_Proprietary,2,98.15,33.61,0,139,
81.5,B2,Zanetti,2,Team_Proprietary,2,79.64,8.14,0,134,
81.5,B3,Ferdinand,5,Team_Proprietary,2,85.63,26.74,0,136,
81.5,B4,Vidic,15,Team_Proprietary,2,85.5,41.0,0,123,
81.5,B5,Cole,3,Team_Proprietary,2,81.46,56.38,0,136,
81.5,B6,Gerrard,8,Team_Proprietary,2,52.92,24.93,0,124,
81.5,B7,Lampard,4,Team_Proprietary,2,61.94,43.11,0,127,
81.5,B8,Beckham,7,Team_Proprietary,2,58.01,10.17,0,136,
81.5,B9,Giggs,11,Team_Proprietary,2,61.14,59.4,0,123,
81.5,B10,Henry,14,Team_Proprietary,2,33.64,26.82,0,126,
81.5,B11,Rooney,10,Team_Proprietary,2,32.84,38.76,0,128,
81.5,ball,Ball,,BALL,2,49.71,27.69,0,,
82.0,A1,Buffon,1,Team_OpenSource,2,3.15,33.61,0,121,
82.0,A2,Cafu,2,Team_OpenSource,2,24.64,8.14,0,134,
82.0,A3,Maldini,3,Team_OpenSource,2,21.46,23.38,0,130,
82.0,A4,Nesta,4,Team_OpenSource,2,21.94,43.11,0,135,
82.0,A5,Carlos,5,Team_OpenSource,2,25.63,59.74,0,135,
82.0,A6,Xavi,6,Team_OpenSource,2,43.75,35.77,0,132,
82.0,A7,Iniesta,8,Team_OpenSource,2,44.1,48.42,0,128,
82.0,A8,Pirlo,21,Team_OpenSource,2,44.94,16.05,0,126,
82.0,A9,Messi,10,Team_OpenSource,2,72.0,14.55,0,131,
82.0,A10,Ronaldo,9,Team_OpenSource,2,76.02,32.12,0,133,
82.0,A11,Ronaldinho,11,Team_OpenSource,2,71.14,54.4,0,122,
82.0,B1,Casillas,1,Team_Proprietary,2,98.15,33.61,0,120,
82.0,B2,Zanetti,2,Team_Proprietary,2,79.64,8.14,0,138,
82.0,B3,Ferdinand,5,Team_Proprietary,2,85.63,26.74,0,138,
82.0,B4,Vidic,15,Team_Proprietary,2,85.5,41.0,0,133,
82.0,B5,Cole,3,Team_Proprietary,2,81.46,56.38,0,120,
82.0,B6,Gerrard,8,Team_Proprietary,2,52.92,24.93,0,131,
82.0,B7,Lampard,4,Team_Proprietary,2,61.94,43.11,0,127,
82.0,B8,Beckham,7,Team_Proprietary,2,58.01,10.17,0,137,
82.0,B9,Giggs,11,Team_Proprietary,2,61.14,59.4,0,121,
82.0,B10,Henry,14,Team_Proprietary,2,33.64,26.82,0,121,
82.0,B11,Rooney,10,Team_Proprietary,2,32.84,38.76,0,120,
82.0,ball,Ball,,BALL,2,46.33,29.91,0,,
82.5,A1,Buffon,1,Team_OpenSource,2,3.15,33.61,0,140,
82.5,A2,Cafu,2,Team_OpenSource,2,24.64,8.14,0,125,
82.5,A3,Maldini,3,Team_OpenSource,2,21.46,23.38,0,133,
82.5,A4,Nesta,4,Team_OpenSource,2,21.94,43.11,0,122,
82.5,A5,Carlos,5,Team_OpenSource,2,25.63,59.74,0,130,
82.5,A6,Xavi,6,Team_OpenSource,2,43.75,35.77,0,135,
82.5,A7,Iniesta,8,Team_OpenSource,2,44.1,48.42,0,124,
82.5,A8,Pirlo,21,Team_OpenSource,2,44.94,16.05,0,131,
82.5,A9,Messi,10,Team_OpenSource,2,72.0,14.55,0,122,
82.5,A10,Ronaldo,9,Team_OpenSource,2,76.02,32.12,0,131,
82.5,A11,Ronaldinho,11,Team_OpenSource,2,71.14,54.4,0,125,
82.5,B1,Casillas,1,Team_Proprietary,2,98.15,33.61,0,137,
82.5,B2,Zanetti,2,Team_Proprietary,2,79.64,8.14,0,135,
82.5,B3,Ferdinand,5,Team_Proprietary,2,85.63,26.74,0,122,
82.5,B4,Vidic,15,Team_Proprietary,2,85.5,41.0,0,127,
82.5,B5,Cole,3,Team_Proprietary,2,81.46,56.38,0,124,
82.5,B6,Gerrard,8,Team_Proprietary,2,52.92,24.93,0,132,
82.5,B7,Lampard,4,Team_Proprietary,2,61.94,43.11,0,133,
82.5,B8,Beckham,7,Team_Proprietary,2,58.01,10.17,0,131,
82.5,B9,Giggs,11,Team_Proprietary,2,61.14,59.4,0,128,
82.5,B10,Henry,14,Team_Proprietary,2,33.64,26.82,0,138,
82.5,B11,Rooney,10,Team_Proprietary,2,29.56,38.28,0,129,
82.5,ball,Ball,,BALL,2,30.56,38.28,0,,
83.0,A1,Buffon,1,Team_OpenSource,2,3.15,33.61,0,130,
83.0,A2,Cafu,2,Team_OpenSource,2,24.64,8.14,0,137,
83.0,A3,Maldini,3,Team_OpenSource,2,21.46,23.38,0,125,
83.0,A4,Nesta,4,Team_OpenSource,2,21.94,43.11,0,137,
83.0,A5,Carlos,5,Team_OpenSource,2,25.63,59.74,0,132,
83.0,A6,Xavi,6,Team_OpenSource,2,43.75,35.77,0,130,
83.0,A7,Iniesta,8,Team_OpenSource,2,44.1,48.42,0,124,
83.0,A8,Pirlo,21,Team_OpenSource,2,44.94,16.05,0,121,
83.0,A9,Messi,10,Team_OpenSource,2,72.0,14.55,0,128,
83.0,A10,Ronaldo,9,Team_OpenSource,2,76.02,32.12,0,134,
83.0,A11,Ronaldinho,11,Team_OpenSource,2,71.14,54.4,0,131,
83.0,B1,Casillas,1,Team_Proprietary,2,98.15,33.61,0,123,
83.0,B2,Zanetti,2,Team_Proprietary,2,79.64,8.14,0,133,
83.0,B3,Ferdinand,5,Team_Proprietary,2,85.63,26.74,0,137,
83.0,B4,Vidic,15,Team_Proprietary,2,85.5,41.0,0,136,
83.0,B5,Cole,3,Team_Proprietary,2,81.46,56.38,0,130,
83.0,B6,Gerrard,8,Team_Proprietary,2,52.92,24.93,0,126,
83.0,B7,Lampard,4,Team_Proprietary,2,61.94,43.11,0,132,
83.0,B8,Beckham,7,Team_Proprietary,2,58.01,10.17,0,136,
83.0,B9,Giggs,11,Team_Proprietary,2,61.14,59.4,0,133,
83.0,B10,Henry,14,Team_Proprietary,2,33.64,26.82,0,137,
83.0,B11,Rooney,10,Team_Proprietary,2,26.6,37.85,0,127,
83.0,ball,Ball,,BALL,2,27.6,37.85,0,,
83.5,A1,Buffon,1,Team_OpenSource,2,3.15,33.61,0,128,
83.5,A2,Cafu,2,Team_OpenSource,2,24.64,8.14,0,120,
83.5,A3,Maldini,3,Team_OpenSource,2,21.46,23.38,0,129,
83.5,A4,Nesta,4,Team_OpenSource,2,21.94,43.11,0,133,
83.5,A5,Carlos,5,Team_OpenSource,2,25.63,59.74,0,124,
83.5,A6,Xavi,6,Team_OpenSource,2,43.75,35.77,0,124,
83.5,A7,Iniesta,8,Team_OpenSource,2,44.1,48.42,0,129,
83.5,A8,Pirlo,21,Team_OpenSource,2,44.94,16.05,0,137,
83.5,A9,Messi,10,Team_OpenSource,2,72.0,14.55,0,139,
83.5,A10,Ronaldo,9,Team_OpenSource,2,76.02,32.12,0,131,
83.5,A11,Ronaldinho,11,Team_OpenSource,2,71.14,54.4,0,131,
83.5,B1,Casillas,1,Team_Proprietary,2,98.15,33.61,0,140,
83.5,B2,Zanetti,2,Team_Proprietary,2,79.64,8.14,0,137,
83.5,B3,Ferdinand,5,Team_Proprietary,2,85.63,26.74,0,137,
83.5,B4,Vidic,15,Team_Proprietary,2,85.5,41.0,0,138,
83.5,B5,Cole,3,Team_Proprietary,2,81.46,56.38,0,131,
83.5,B6,Gerrard,8,Team_Proprietary,2,52.92,24.93,0,139,
83.5,B7,Lampard,4,Team_Proprietary,2,61.94,43.11,0,132,
83.5,B8,Beckham,7,Team_Proprietary,2,58.01,10.17,0,128,
83.5,B9,Giggs,11,Team_Proprietary,2,61.14,59.4,0,132,
83.5,B10,Henry,14,Team_Proprietary,2,33.64,26.82,0,126,
83.5,B11,Rooney,10,Team_Proprietary,2,26.6,37.85,0,123,
83.5,ball,Ball,,BALL,2,19.32,36.72,0,,
84.0,A1,Buffon,1,Team_OpenSource,2,3.15,33.61,0,134,
84.0,A2,Cafu,2,Team_OpenSource,2,24.64,8.14,0,132,
84.0,A3,Maldini,3,Team_OpenSource,2,21.46,23.38,0,120,
84.0,A4,Nesta,4,Team_OpenSource,2,21.94,43.11,0,129,
84.0,A5,Carlos,5,Team_OpenSource,2,25.63,59.74,0,121,
84.0,A6,Xavi,6,Team_OpenSource,2,43.75,35.77,0,129,
84.0,A7,Iniesta,8,Team_OpenSource,2,44.1,48.42,0,131,
84.0,A8,Pirlo,21,Team_OpenSource,2,44.94,16.05,0,130,
84.0,A9,Messi,10,Team_OpenSource,2,72.0,14.55,0,125,
84.0,A10,Ronaldo,9,Team_OpenSource,2,76.02,32.12,0,130,
84.0,A11,Ronaldinho,11,Team_OpenSource,2,71.14,54.4,0,125,
84.0,B1,Casillas,1,Team_Proprietary,2,98.15,33.61,0,128,
84.0,B2,Zanetti,2,Team_Proprietary,2,79.64,8.14,0,140,
84.0,B3,Ferdinand,5,Team_Proprietary,2,85.63,26.74,0,137,
84.0,B4,Vidic,15,Team_Proprietary,2,85.5,41.0,0,133,
84.0,B5,Cole,3,Team_Proprietary,2,81.46,56.38,0,124,
84.0,B6,Gerrard,8,Team_Proprietary,2,52.92,24.93,0,127,
84.0,B7,Lampard,4,Team_Proprietary,2,61.94,43.11,0,136,
84.0,B8,Beckham,7,Team_Proprietary,2,58.01,10.17,0,136,
84.0,B9,Giggs,11,Team_Proprietary,2,61.14,59.4,0,120,
84.0,B10,Henry,14,Team_Proprietary,2,33.64,26.82,0,128,
84.0,B11,Rooney,10,Team_Proprietary,2,26.6,37.85,0,124,
84.0,ball,Ball,,BALL,2,13.53,35.83,0,,
84.5,A1,Buffon,1,Team_OpenSource,2,3.15,33.61,0,120,
84.5,A2,Cafu,2,Team_OpenSource,2,24.64,8.14,0,138,
84.5,A3,Maldini,3,Team_OpenSource,2,21.46,23.38,0,130,
84.5,A4,Nesta,4,Team_OpenSource,2,21.94,43.11,0,128,
84.5,A5,Carlos,5,Team_OpenSource,2,25.63,59.74,0,132,
84.5,A6,Xavi,6,Team_OpenSource,2,43.75,35.77,0,127,
84.5,A7,Iniesta,8,Team_OpenSource,2,44.1,48.42,0,129,
84.5,A8,Pirlo,21,Team_OpenSource,2,44.94,16.05,0,133,
84.5,A9,Messi,10,Team_OpenSource,2,72.0,14.55,0,129,
84.5,A10,Ronaldo,9,Team_OpenSource,2,76.02,32.12,0,133,
84.5,A11,Ronaldinho,11,Team_OpenSource,2,71.14,54.4,0,134,
84.5,B1,Casillas,1,Team_Proprietary,2,98.15,33.61,0,138,
84.5,B2,Zanetti,2,Team_Proprietary,2,79.64,8.14,0,131,
84.5,B3,Ferdinand,5,Team_Proprietary,2,85.63,26.74,0,138,
84.5,B4,Vidic,15,Team_Proprietary,2,85.5,41.0,0,122,
84.5,B5,Cole,3,Team_Proprietary,2,81.46,56.38,0,125,
84.5,B6,Gerrard,8,Team_Proprietary,2,52.92,24.93,0,128,
84.5,B7,Lampard,4,Team_Proprietary,2,61.94,43.11,0,131,
84.5,B8,Beckham,7,Team_Proprietary,2,58.01,10.17,0,129,
84.5,B9,Giggs,11,Team_Proprietary,2,61.14,59.4,0,126,
84.5,B10,Henry,14,Team_Proprietary,2,33.64,26.82,0,132,
84.5,B11,Rooney,10,Team_Proprietary,2,26.6,37.85,0,127,
84.5,ball,Ball,,BALL,2,9.47,35.55,0,,
85.0,A1,Buffon,1,Team_OpenSource,2,3.15,33.61,0,137,
85.0,A2,Cafu,2,Team_OpenSource,2,24.64,8.14,0,130,
85.0,A3,Maldini,3,Team_OpenSource,2,21.46,23.38,0,122,
85.0,A4,Nesta,4,Team_OpenSource,2,21.94,43.11,0,121,
85.0,A5,Carlos,5,Team_OpenSource,2,25.63,59.74,0,125,
85.0,A6,Xavi,6,Team_OpenSource,2,43.75,35.77,0,136,
85.0,A7,Iniesta,8,Team_OpenSource,2,44.1,48.42,0,124,
85.0,A8,Pirlo,21,Team_OpenSource,2,44.94,16.05,0,140,
85.0,A9,Messi,10,Team_OpenSource,2,72.0,14.55,0,129,
85.0,A10,Ronaldo,9,Team_OpenSource,2,76.02,32.12,0,129,
85.0,A11,Ronaldinho,11,Team_OpenSource,2,71.14,54.4,0,129,
85.0,B1,Casillas,1,Team_Proprietary,2,98.15,33.61,0,132,
85.0,B2,Zanetti,2,Team_Proprietary,2,79.64,8.14,0,139,
85.0,B3,Ferdinand,5,Team_Proprietary,2,85.63,26.74,0,139,
85.0,B4,Vidic,15,Team_Proprietary,2,85.5,41.0,0,124,
85.0,B5,Cole,3,Team_Proprietary,2,81.46,56.38,0,124,
85.0,B6,Gerrard,8,Team_Proprietary,2,52.92,24.93,0,125,
85.0,B7,Lampard,4,Team_Proprietary,2,61.94,43.11,0,139,
85.0,B8,Beckham,7,Team_Proprietary,2,58.01,10.17,0,131,
85.0,B9,Giggs,11,Team_Proprietary,2,61.14,59.4,0,126,
85.0,B10,Henry,14,Team_Proprietary,2,33.64,26.82,0,135,
85.0,B11,Rooney,10,Team_Proprietary,2,26.6,37.85,0,121,
85.0,ball,Ball,,BALL,2,6.63,34.95,0,,
85.5,A1,Buffon,1,Team_OpenSource,2,3.15,33.61,0,135,
85.5,A2,Cafu,2,Team_OpenSource,2,24.64,8.14,0,135,
85.5,A3,Maldini,3,Team_OpenSource,2,21.46,23.38,0,121,
85.5,A4,Nesta,4,Team_OpenSource,2,21.94,43.11,0,129,
85.5,A5,Carlos,5,Team_OpenSource,2,25.63,59.74,0,127,
85.5,A6,Xavi,6,Team_OpenSource,2,43.75,35.77,0,133,
85.5,A7,Iniesta,8,Team_OpenSource,2,44.1,48.42,0,123,
85.5,A8,Pirlo,21,Team_OpenSource,2,44.94,16.05,0,138,
85.5,A9,Messi,10,Team_OpenSource,2,72.0,14.55,0,129,
85.5,A10,Ronaldo,9,Team_OpenSource,2,76.02,32.12,0,129,
85.5,A11,Ronaldinho,11,Team_OpenSource,2,71.14,54.4,0,138,
85.5,B1,Casillas,1,Team_Proprietary,2,98.15,33.61,0,136,
85.5,B2,Zanetti,2,Team_Proprietary,2,79.64,8.14,0,129,
85.5,B3,Ferdinand,5,Team_Proprietary,2,85.63,26.74,0,120,
85.5,B4,Vidic,15,Team_Proprietary,2,85.5,41.0,0,139,
85.5,B5,Cole,3,Team_Proprietary,2,81.46,56.38,0,127,
85.5,B6,Gerrard,8,Team_Proprietary,2,52.92,24.93,0,124,
85.5,B7,Lampard,4,Team_Proprietary,2,61.94,43.11,0,127,
85.5,B8,Beckham,7,Team_Proprietary,2,58.01,10.17,0,134,
85.5,B9,Giggs,11,Team_Proprietary,2,61.14,59.4,0,120,
85.5,B10,Henry,14,Team_Proprietary,2,33.64,26.82,0,130,
85.5,B11,Rooney,10,Team_Proprietary,2,26.6,37.85,0,128,
85.5,ball,Ball,,BALL,2,4.64,34.94,0,,
86.0,A1,Buffon,1,Team_OpenSource,2,3.15,33.61,0,140,
86.0,A2,Cafu,2,Team_OpenSource,2,24.64,8.14,0,131,
86.0,A3,Maldini,3,Team_OpenSource,2,21.46,23.38,0,136,
86.0,A4,Nesta,4,Team_OpenSource,2,21.94,43.11,0,139,
86.0,A5,Carlos,5,Team_OpenSource,2,25.63,59.74,0,138,
86.0,A6,Xavi,6,Team_OpenSource,2,43.75,35.77,0,132,
86.0,A7,Iniesta,8,Team_OpenSource,2,44.1,48.42,0,133,
86.0,A8,Pirlo,21,Team_OpenSource,2,44.94,16.05,0,130,
86.0,A9,Messi,10,Team_OpenSource,2,72.0,14.55,0,139,
86.0,A10,Ronaldo,9,Team_OpenSource,2,76.02,32.12,0,128,
86.0,A11,Ronaldinho,11,Team_OpenSource,2,71.14,54.4,0,135,
86.0,B1,Casillas,1,Team_Proprietary,2,98.15,33.61,0,122,
86.0,B2,Zanetti,2,Team_Proprietary,2,79.64,8.14,0,135,
86.0,B3,Ferdinand,5,Team_Proprietary,2,85.63,26.74,0,128,
86.0,B4,Vidic,15,Team_Proprietary,2,85.5,41.0,0,132,
86.0,B5,Cole,3,Team_Proprietary,2,81.46,56.38,0,132,
86.0,B6,Gerrard,8,Team_Proprietary,2,52.92,24.93,0,132,
86.0,B7,Lampard,4,Team_Proprietary,2,61.94,43.11,0,134,
86.0,B8,Beckham,7,Team_Proprietary,2,58.01,10.17,0,122,
86.0,B9,Giggs,11,Team_Proprietary,2,61.14,59.4,0,134,
86.0,B10,Henry,14,Team_Proprietary,2,33.64,26.82,0,136,
86.0,B11,Rooney,10,Team_Proprietary,2,26.6,37.85,0,122,
86.0,ball,Ball,,BALL,2,3.25,35.31,0,,
86.5,A1,Buffon,1,Team_OpenSource,2,3.15,33.61,0,121,
86.5,A2,Cafu,2,Team_OpenSource,2,24.64,8.14,0,124,
86.5,A3,Maldini,3,Team_OpenSource,2,21.46,23.38,0,127,
86.5,A4,Nesta,4,Team_OpenSource,2,21.94,43.11,0,120,
86.5,A5,Carlos,5,Team_OpenSource,2,25.63,59.74,0,136,
86.5,A6,Xavi,6,Team_OpenSource,2,43.75,35.77,0,137,
86.5,A7,Iniesta,8,Team_OpenSource,2,44.1,48.42,0,133,
86.5,A8,Pirlo,21,Team_OpenSource,2,44.94,16.05,0,134,
86.5,A9,Messi,10,Team_OpenSource,2,72.0,14.55,0,133,
86.5,A10,Ronaldo,9,Team_OpenSource,2,76.02,32.12,0,132,
86.5,A11,Ronaldinho,11,Team_OpenSource,2,71.14,54.4,0,133,
86.5,B1,Casillas,1,Team_Proprietary,2,98.15,33.61,0,122,
86.5,B2,Zanetti,2,Team_Proprietary,2,79.64,8.14,0,136,
86.5,B3,Ferdinand,5,Team_Proprietary,2,85.63,26.74,0,137,
86.5,B4,Vidic,15,Team_Proprietary,2,85.5,41.0,0,134,
86.5,B5,Cole,3,Team_Proprietary,2,81.46,56.38,0,136,
86.5,B6,Gerrard,8,Team_Proprietary,2,52.92,24.93,0,130,
86.5,B7,Lampard,4,Team_Proprietary,2,61.94,43.11,0,120,
86.5,B8,Beckham,7,Team_Proprietary,2,58.01,10.17,0,132,
86.5,B9,Giggs,11,Team_Proprietary,2,61.14,59.4,0,122,
86.5,B10,Henry,14,Team_Proprietary,2,33.64,26.82,0,126,
86.5,B11,Rooney,10,Team_Proprietary,2,26.6,37.85,0,135,
86.5,ball,Ball,,BALL,2,2.27,34.79,0,,
87.0,A1,Buffon,1,Team_OpenSource,2,3.15,33.61,0,131,
87.0,A2,Cafu,2,Team_OpenSource,2,24.64,8.14,0,140,
87.0,A3,Maldini,3,Team_OpenSource,2,21.46,23.38,0,120,
87.0,A4,Nesta,4,Team_OpenSource,2,21.94,43.11,0,125,
87.0,A5,Carlos,5,Team_OpenSource,2,25.63,59.74,0,123,
87.0,A6,Xavi,6,Team_OpenSource,2,43.75,35.77,0,132,
87.0,A7,Iniesta,8,Team_OpenSource,2,44.1,48.42,0,132,
87.0,A8,Pirlo,21,Team_OpenSource,2,44.94,16.05,0,122,
87.0,A9,Messi,10,Team_OpenSource,2,72.0,14.55,0,131,
87.0,A10,Ronaldo,9,Team_OpenSource,2,76.02,32.12,0,139,
87.0,A11,Ronaldinho,11,Team_OpenSource,2,71.14,54.4,0,134,
87.0,B1,Casillas,1,Team_Proprietary,2,98.15,33.61,0,122,
87.0,B2,Zanetti,2,Team_Proprietary,2,79.64,8.14,0,135,
87.0,B3,Ferdinand,5,Team_Proprietary,2,85.63,26.74,0,130,
87.0,B4,Vidic,15,Team_Proprietary,2,85.5,41.0,0,127,
87.0,B5,Cole,3,Team_Proprietary,2,81.46,56.38,0,133,
87.0,B6,Gerrard,8,Team_Proprietary,2,52.92,24.93,0,140,
87.0,B7,Lampard,4,Team_Proprietary,2,61.94,43.11,0,126,
87.0,B8,Beckham,7,Team_Proprietary,2,58.01,10.17,0,120,
87.0,B9,Giggs,11,Team_Proprietary,2,61.14,59.4,0,121,
87.0,B10,Henry,14,Team_Proprietary,2,33.64,26.82,0,139,
87.0,B11,Rooney,10,Team_Proprietary,2,26.6,37.85,0,126,
87.0,ball,Ball,,BALL,2,1.59,35.1,0,,
87.5,A1,Buffon,1,Team_OpenSource,2,3.15,33.61,0,122,
87.5,A2,Cafu,2,Team_OpenSource,2,24.64,8.14,0,122,
87.5,A3,Maldini,3,Team_OpenSource,2,21.46,23.38,0,126,
87.5,A4,Nesta,4,Team_OpenSource,2,21.94,43.11,0,137,
87.5,A5,Carlos,5,Team_OpenSource,2,25.63,59.74,0,135,
87.5,A6,Xavi,6,Team_OpenSource,2,43.75,35.77,0,138,
87.5,A7,Iniesta,8,Team_OpenSource,2,44.1,48.42,0,136,
87.5,A8,Pirlo,21,Team_OpenSource,2,44.94,16.05,0,132,
87.5,A9,Messi,10,Team_OpenSource,2,72.0,14.55,0,133,
87.5,A10,Ronaldo,9,Team_OpenSource,2,76.02,32.12,0,121,
87.5,A11,Ronaldinho,11,Team_OpenSource,2,71.14,54.4,0,133,
87.5,B1,Casillas,1,Team_Proprietary,2,98.15,33.61,0,130,
87.5,B2,Zanetti,2,Team_Proprietary,2,79.64,8.14,0,129,
87.5,B3,Ferdinand,5,Team_Proprietary,2,85.63,26.74,0,124,
87.5,B4,Vidic,15,Team_Proprietary,2,85.5,41.0,0,134,
87.5,B5,Cole,3,Team_Proprietary,2,81.46,56.38,0,138,
87.5,B6,Gerrard,8,Team_Proprietary,2,52.92,24.93,0,134,
87.5,B7,Lampard,4,Team_Proprietary,2,61.94,43.11,0,125,
87.5,B8,Beckham,7,Team_Proprietary,2,58.01,10.17,0,136,
87.5,B9,Giggs,11,Team_Proprietary,2,61.14,59.4,0,125,
87.5,B10,Henry,14,Team_Proprietary,2,33.64,26.82,0,130,
87.5,B11,Rooney,10,Team_Proprietary,2,26.6,37.85,0,140,
87.5,ball,Ball,,BALL,2,1.11,35.15,0,,
88.0,A1,Buffon,1,Team_OpenSource,2,3.15,33.61,0,134,goal
88.0,A2,Cafu,2,Team_OpenSource,2,24.64,8.14,0,126,goal
88.0,A3,Maldini,3,Team_OpenSource,2,21.46,23.38,0,138,goal
88.0,A4,Nesta,4,Team_OpenSource,2,21.94,43.11,0,132,goal
88.0,A5,Carlos,5,Team_OpenSource,2,25.63,59.74,0,120,goal
88.0,A6,Xavi,6,Team_OpenSource,2,43.75,35.77,0,134,goal
88.0,A7,Iniesta,8,Team_OpenSource,2,44.1,48.42,0,140,goal
88.0,A8,Pirlo,21,Team_OpenSource,2,44.94,16.05,0,136,goal
88.0,A9,Messi,10,Team_OpenSource,2,72.0,14.55,0,133,goal
88.0,A10,Ronaldo,9,Team_OpenSource,2,76.02,32.12,0,125,goal
88.0,A11,Ronaldinho,11,Team_OpenSource,2,71.14,54.4,0,130,goal
88.0,B1,Casillas,1,Team_Proprietary,2,98.15,33.61,0,124,goal
88.0,B2,Zanetti,2,Team_Proprietary,2,79.64,8.14,0,124,goal
88.0,B3,Ferdinand,5,Team_Proprietary,2,85.63,26.74,0,138,goal
88.0,B4,Vidic,15,Team_Proprietary,2,85.5,41.0,0,124,goal
88.0,B5,Cole,3,Team_Proprietary,2,81.46,56.38,0,124,goal
88.0,B6,Gerrard,8,Team_Proprietary,2,52.92,24.93,0,120,goal
88.0,B7,Lampard,4,Team_Proprietary,2,61.94,43.11,0,137,goal
88.0,B8,Beckham,7,Team_Proprietary,2,58.01,10.17,0,123,goal
88.0,B9,Giggs,11,Team_Proprietary,2,61.14,59.4,0,122,goal
88.0,B10,Henry,14,Team_Proprietary,2,33.64,26.82,0,137,goal
88.0,B11,Rooney,10,Team_Proprietary,2,26.6,37.85,0,130,goal
88.0,ball,Ball,,BALL,2,0.78,34.88,0,,
88.5,A1,Buffon,1,Team_OpenSource,2,3.15,33.61,0,135,
88.5,A2,Cafu,2,Team_OpenSource,2,24.64,8.14,0,137,
88.5,A3,Maldini,3,Team_OpenSource,2,21.46,23.38,0,132,
88.5,A4,Nesta,4,Team_OpenSource,2,21.94,43.11,0,140,
88.5,A5,Carlos,5,Team_OpenSource,2,25.63,59.74,0,138,
88.5,A6,Xavi,6,Team_OpenSource,2,43.75,35.77,0,140,
88.5,A7,Iniesta,8,Team_OpenSource,2,44.1,48.42,0,136,
88.5,A8,Pirlo,21,Team_OpenSource,2,44.94,16.05,0,127,
88.5,A9,Messi,10,Team_OpenSource,2,72.0,14.55,0,124,
88.5,A10,Ronaldo,9,Team_OpenSource,2,76.02,32.12,0,137,
88.5,A11,Ronaldinho,11,Team_OpenSource,2,71.14,54.4,0,132,
88.5,B1,Casillas,1,Team_Proprietary,2,98.15,33.61,0,122,
88.5,B2,Zanetti,2,Team_Proprietary,2,79.64,8.14,0,137,
88.5,B3,Ferdinand,5,Team_Proprietary,2,85.63,26.74,0,125,
88.5,B4,Vidic,15,Team_Proprietary,2,85.5,41.0,0,134,
88.5,B5,Cole,3,Team_Proprietary,2,81.46,56.38,0,131,
88.5,B6,Gerrard,8,Team_Proprietary,2,52.92,24.93,0,136,
88.5,B7,Lampard,4,Team_Proprietary,2,61.94,43.11,0,131,
88.5,B8,Beckham,7,Team_Proprietary,2,58.01,10.17,0,121,
88.5,B9,Giggs,11,Team_Proprietary,2,61.14,59.4,0,135,
88.5,B10,Henry,14,Team_Proprietary,2,33.64,26.82,0,131,
88.5,B11,Rooney,10,Team_Proprietary,2,27.02,37.85,0,133,
88.5,ball,Ball,,BALL,2,0.78,34.88,0,,
89.0,A1,Buffon,1,Team_OpenSource,2,3.15,33.61,0,128,
89.0,A2,Cafu,2,Team_OpenSource,2,24.64,8.14,0,126,
89.0,A3,Maldini,3,Team_OpenSource,2,21.46,23.38,0,125,
89.0,A4,Nesta,4,Team_OpenSource,2,21.94,43.11,0,127,
89.0,A5,Carlos,5,Team_OpenSource,2,25.63,59.74,0,125,
89.0,A6,Xavi,6,Team_OpenSource,2,43.75,35.77,0,135,
89.0,A7,Iniesta,8,Team_OpenSource,2,44.1,48.42,0,136,
89.0,A8,Pirlo,21,Team_OpenSource,2,44.94,16.05,0,139,
89.0,A9,Messi,10,Team_OpenSource,2,72.0,14.55,0,136,
89.0,A10,Ronaldo,9,Team_OpenSource,2,76.02,32.12,0,122,
89.0,A11,Ronaldinho,11,Team_OpenSource,2,71.14,54.4,0,127,
89.0,B1,Casillas,1,Team_Proprietary,2,98.15,33.61,0,123,
89.0,B2,Zanetti,2,Team_Proprietary,2,79.64,8.14,0,128,
89.0,B3,Ferdinand,5,Team_Proprietary,2,85.63,26.74,0,131,
89.0,B4,Vidic,15,Team_Proprietary,2,85.5,41.0,0,125,
89.0,B5,Cole,3,Team_Proprietary,2,81.46,56.38,0,129,
89.0,B6,Gerrard,8,Team_Proprietary,2,52.92,24.93,0,130,
89.0,B7,Lampard,4,Team_Proprietary,2,61.94,43.11,0,137,
89.0,B8,Beckham,7,Team_Proprietary,2,58.01,10.17,0,131,
89.0,B9,Giggs,11,Team_Proprietary,2,61.14,59.4,0,133,
89.0,B10,Henry,14,Team_Proprietary,2,33.64,26.82,0,135,
89.0,B11,Rooney,10,Team_Proprietary,2,27.42,37.85,0,129,
89.0,ball,Ball,,BALL,2,0.78,34.88,0,,
89.5,A1,Buffon,1,Team_OpenSource,2,3.15,33.61,0,131,
89.5,A2,Cafu,2,Team_OpenSource,2,24.64,8.14,0,122,
89.5,A3,Maldini,3,Team_OpenSource,2,21.46,23.38,0,132,
89.5,A4,Nesta,4,Team_OpenSource,2,21.94,43.11,0,122,
89.5,A5,Carlos,5,Team_OpenSource,2,25.63,59.74,0,135,
89.5,A6,Xavi,6,Team_OpenSource,2,43.75,35.77,0,126,
89.5,A7,Iniesta,8,Team_OpenSource,2,44.1,48.42,0,121,
89.5,A8,Pirlo,21,Team_OpenSource,2,44.94,16.05,0,127,
89.5,A9,Messi,10,Team_OpenSource,2,72.0,14.55,0,120,
89.5,A10,Ronaldo,9,Team_OpenSource,2,76.02,32.12,0,138,
89.5,A11,Ronaldinho,11,Team_OpenSource,2,71.14,54.4,0,120,
89.5,B1,Casillas,1,Team_Proprietary,2,98.15,33.61,0,123,
89.5,B2,Zanetti,2,Team_Proprietary,2,79.64,8.14,0,138,
89.5,B3,Ferdinand,5,Team_Proprietary,2,85.63,26.74,0,140,
89.5,B4,Vidic,15,Team_Proprietary,2,85.5,41.0,0,126,
89.5,B5,Cole,3,Team_Proprietary,2,81.46,56.38,0,134,
89.5,B6,Gerrard,8,Team_Proprietary,2,52.92,24.93,0,125,
89.5,B7,Lampard,4,Team_Proprietary,2,61.94,43.11,0,124,
89.5,B8,Beckham,7,Team_Proprietary,2,58.01,10.17,0,129,
89.5,B9,Giggs,11,Team_Proprietary,2,61.14,59.4,0,129,
89.5,B10,Henry,14,Team_Proprietary,2,33.64,26.82,0,136,
89.5,B11,Rooney,10,Team_Proprietary,2,27.8,37.85,0,138,
89.5,ball,Ball,,BALL,2,0.78,34.88,0,,
90.0,A1,Buffon,1,Team_OpenSource,2,3.15,33.61,0,126,
90.0,A2,Cafu,2,Team_OpenSource,2,24.64,8.14,0,125,
90.0,A3,Maldini,3,Team_OpenSource,2,21.46,23.38,0,133,
90.0,A4,Nesta,4,Team_OpenSource,2,21.94,43.11,0,129,
90.0,A5,Carlos,5,Team_OpenSource,2,25.63,59.74,0,122,
90.0,A6,Xavi,6,Team_OpenSource,2,43.75,35.77,0,122,
90.0,A7,Iniesta,8,Team_OpenSource,2,44.1,48.42,0,126,
90.0,A8,Pirlo,21,Team_OpenSource,2,44.94,16.05,0,136,
90.0,A9,Messi,10,Team_OpenSource,2,72.0,14.55,0,120,
90.0,A10,Ronaldo,9,Team_OpenSource,2,76.02,32.12,0,121,
90.0,A11,Ronaldinho,11,Team_OpenSource,2,71.14,54.4,0,135,
90.0,B1,Casillas,1,Team_Proprietary,2,98.15,33.61,0,123,
90.0,B2,Zanetti,2,Team_Proprietary,2,79.64,8.14,0,140,
90.0,B3,Ferdinand,5,Team_Proprietary,2,85.63,26.74,0,123,
90.0,B4,Vidic,15,Team_Proprietary,2,85.5,41.0,0,135,
90.0,B5,Cole,3,Team_Proprietary,2,81.46,56.38,0,129,
90.0,B6,Gerrard,8,Team_Proprietary,2,52.92,24.93,0,125,
90.0,B7,Lampard,4,Team_Proprietary,2,61.94,43.11,0,128,
90.0,B8,Beckham,7,Team_Proprietary,2,58.01,10.17,0,138,
90.0,B9,Giggs,11,Team_Proprietary,2,61.14,59.4,0,138,
90.0,B10,Henry,14,Team_Proprietary,2,33.64,26.82,0,129,
90.0,B11,Rooney,10,Team_Proprietary,2,28.16,37.85,0,140,
90.0,ball,Ball,,BALL,2,0.78,34.88,0,,
90.5,A1,Buffon,1,Team_OpenSource,2,3.15,33.61,0,127,
90.5,A2,Cafu,2,Team_OpenSource,2,24.64,8.14,0,139,
90.5,A3,Maldini,3,Team_OpenSource,2,21.46,23.38,0,132,
90.5,A4,Nesta,4,Team_OpenSource,2,21.94,43.11,0,137,
90.5,A5,Carlos,5,Team_OpenSource,2,25.63,59.74,0,129,
90.5,A6,Xavi,6,Team_OpenSource,2,43.75,35.77,0,137,
90.5,A7,Iniesta,8,Team_OpenSource,2,44.1,48.42,0,139,
90.5,A8,Pirlo,21,Team_OpenSource,2,44.94,16.05,0,128,
90.5,A9,Messi,10,Team_OpenSource,2,72.0,14.55,0,129,
90.5,A10,Ronaldo,9,Team_OpenSource,2,76.02,32.12,0,140,
90.5,A11,Ronaldinho,11,Team_OpenSource,2,71.14,54.4,0,122,
90.5,B1,Casillas,1,Team_Proprietary,2,98.15,33.61,0,120,
90.5,B2,Zanetti,2,Team_Proprietary,2,79.64,8.14,0,127,
90.5,B3,Ferdinand,5,Team_Proprietary,2,85.63,26.74,0,126,
90.5,B4,Vidic,15,Team_Proprietary,2,85.5,41.0,0,123,
90.5,B5,Cole,3,Team_Proprietary,2,81.46,56.38,0,125,
90.5,B6,Gerrard,8,Team_Proprietary,2,52.92,24.93,0,120,
90.5,B7,Lampard,4,Team_Proprietary,2,61.94,43.11,0,124,
90.5,B8,Beckham,7,Team_Proprietary,2,58.01,10.17,0,126,
90.5,B9,Giggs,11,Team_Proprietary,2,61.14,59.4,0,128,
90.5,B10,Henry,14,Team_Proprietary,2,33.64,26.82,0,140,
90.5,B11,Rooney,10,Team_Proprietary,2,28.5,37.85,0,134,
90.5,ball,Ball,,BALL,2,0.78,34.88,0,,
91.0,A1,Buffon,1,Team_OpenSource,2,3.15,33.61,0,130,
91.0,A2,Cafu,2,Team_OpenSource,2,24.64,8.14,0,123,
91.0,A3,Maldini,3,Team_OpenSource,2,21.46,23.38,0,124,
91.0,A4,Nesta,4,Team_OpenSource,2,21.94,43.11,0,134,
91.0,A5,Carlos,5,Team_OpenSource,2,25.63,59.74,0,124,
91.0,A6,Xavi,6,Team_OpenSource,2,43.75,35.77,0,127,
91.0,A7,Iniesta,8,Team_OpenSource,2,44.1,48.42,0,131,
91.0,A8,Pirlo,21,Team_OpenSource,2,44.94,16.05,0,131,
91.0,A9,Messi,10,Team_OpenSource,2,72.0,14.55,0,126,
91.0,A10,Ronaldo,9,Team_OpenSource,2,76.02,32.12,0,127,
91.0,A11,Ronaldinho,11,Team_OpenSource,2,71.14,54.4,0,132,
91.0,B1,Casillas,1,Team_Proprietary,2,98.15,33.61,0,127,
91.0,B2,Zanetti,2,Team_Proprietary,2,79.64,8.14,0,131,
91.0,B3,Ferdinand,5,Team_Proprietary,2,85.63,26.74,0,131,
91.0,B4,Vidic,15,Team_Proprietary,2,85.5,41.0,0,138,
91.0,B5,Cole,3,Team_Proprietary,2,81.46,56.38,0,137,
91.0,B6,Gerrard,8,Team_Proprietary,2,52.92,24.93,0,135,
91.0,B7,Lampard,4,Team_Proprietary,2,61.94,43.11,0,129,
91.0,B8,Beckham,7,Team_Proprietary,2,58.01,10.17,0,131,
91.0,B9,Giggs,11,Team_Proprietary,2,61.14,59.4,0,131,
91.0,B10,Henry,14,Team_Proprietary,2,33.64,26.82,0,126,
91.0,B11,Rooney,10,Team_Proprietary,2,28.83,37.85,0,124,
91.0,ball,Ball,,BALL,2,0.78,34.88,0,,
91.5,A1,Buffon,1,Team_OpenSource,2,3.15,33.61,0,134,
91.5,A2,Cafu,2,Team_OpenSource,2,24.64,8.14,0,135,
91.5,A3,Maldini,3,Team_OpenSource,2,21.46,23.38,0,135,
91.5,A4,Nesta,4,Team_OpenSource,2,21.94,43.11,0,130,
91.5,A5,Carlos,5,Team_OpenSource,2,25.63,59.74,0,127,
91.5,A6,Xavi,6,Team_OpenSource,2,43.75,35.77,0,134,
91.5,A7,Iniesta,8,Team_OpenSource,2,44.1,48.42,0,140,
91.5,A8,Pirlo,21,Team_OpenSource,2,44.94,16.05,0,133,
91.5,A9,Messi,10,Team_OpenSource,2,72.0,14.55,0,126,
91.5,A10,Ronaldo,9,Team_OpenSource,2,76.02,32.12,0,125,
91.5,A11,Ronaldinho,11,Team_OpenSource,2,71.14,54.4,0,139,
91.5,B1,Casillas,1,Team_Proprietary,2,98.15,33.61,0,127,
91.5,B2,Zanetti,2,Team_Proprietary,2,79.64,8.14,0,135,
91.5,B3,Ferdinand,5,Team_Proprietary,2,85.63,26.74,0,122,
91.5,B4,Vidic,15,Team_Proprietary,2,85.5,41.0,0,133,
91.5,B5,Cole,3,Team_Proprietary,2,81.46,56.38,0,140,
91.5,B6,Gerrard,8,Team_Proprietary,2,52.92,24.93,0,120,
91.5,B7,Lampard,4,Team_Proprietary,2,61.94,43.11,0,129,
91.5,B8,Beckham,7,Team_Proprietary,2,58.01,10.17,0,139,
91.5,B9,Giggs,11,Team_Proprietary,2,61.14,59.4,0,136,
91.5,B10,Henry,14,Team_Proprietary,2,33.64,26.82,0,129,
91.5,B11,Rooney,10,Team_Proprietary,2,29.14,37.85,0,140,
91.5,ball,Ball,,BALL,2,0.78,34.88,0,,
92.0,A1,Buffon,1,Team_OpenSource,2,3.24,33.63,0,122,
92.0,A2,Cafu,2,Team_OpenSource,2,24.66,8.23,0,120,
92.0,A3,Maldini,3,Team_OpenSource,2,21.39,23.46,0,129,
92.0,A4,Nesta,4,Team_OpenSource,2,21.84,43.11,0,122,
92.0,A5,Carlos,5,Team_OpenSource,2,25.6,59.65,0,122,
92.0,A6,Xavi,6,Team_OpenSource,2,43.81,35.68,0,131,
92.0,A7,Iniesta,8,Team_OpenSource,2,44.15,48.5,0,136,
92.0,A8,Pirlo,21,Team_OpenSource,2,44.94,16.15,0,135,
92.0,A9,Messi,10,Team_OpenSource,2,71.9,14.57,0,133,
92.0,A10,Ronaldo,9,Team_OpenSource,2,75.97,32.21,0,124,
92.0,A11,Ronaldinho,11,Team_OpenSource,2,71.08,54.33,0,133,
92.0,B1,Casillas,1,Team_Proprietary,2,98.24,33.63,0,129,
92.0,B2,Zanetti,2,Team_Proprietary,2,79.66,8.23,0,134,
92.0,B3,Ferdinand,5,Team_Proprietary,2,85.6,26.65,0,121,
92.0,B4,Vidic,15,Team_Proprietary,2,85.47,41.1,0,134,
92.0,B5,Cole,3,Team_Proprietary,2,81.39,56.46,0,121,
92.0,B6,Gerrard,8,Team_Proprietary,2,53.27,24.93,0,130,
92.0,B7,Lampard,4,Team_Proprietary,2,61.84,43.11,0,126,
92.0,B8,Beckham,7,Team_Proprietary,2,58.11,10.16,0,138,
92.0,B9,Giggs,11,Team_Proprietary,2,61.08,59.33,0,136,
92.0,B10,Henry,14,Team_Proprietary,2,33.71,26.88,0,124,
92.0,B11,Rooney,10,Team_Proprietary,2,29.43,37.96,0,126,
92.0,ball,Ball,,BALL,2,5.95,34.79,0,,
92.5,A1,Buffon,1,Team_OpenSource,2,3.33,33.65,0,132,
92.5,A2,Cafu,2,Team_OpenSource,2,24.67,8.32,0,127,
92.5,A3,Maldini,3,Team_OpenSource,2,21.32,23.54,0,125,
92.5,A4,Nesta,4,Team_OpenSource,2,21.75,43.1,0,139,
92.5,A5,Carlos,5,Team_OpenSource,2,25.57,59.57,0,130,
92.5,A6,Xavi,6,Team_OpenSource,2,43.87,35.6,0,121,
92.5,A7,Iniesta,8,Team_OpenSource,2,44.19,48.57,0,138,
92.5,A8,Pirlo,21,Team_OpenSource,2,44.94,16.24,0,130,
92.5,A9,Messi,10,Team_OpenSource,2,71.8,14.59,0,134,
92.5,A10,Ronaldo,9,Team_OpenSource,2,75.92,32.3,0,135,
92.5,A11,Ronaldinho,11,Team_OpenSource,2,71.03,54.26,0,128,
92.5,B1,Casillas,1,Team_Proprietary,2,98.33,33.65,0,127,
92.5,B2,Zanetti,2,Team_Proprietary,2,79.67,8.32,0,132,
92.5,B3,Ferdinand,5,Team_Proprietary,2,85.57,26.57,0,130,
92.5,B4,Vidic,15,Team_Proprietary,2,85.45,41.2,0,136,
92.5,B5,Cole,3,Team_Proprietary,2,81.32,56.54,0,136,
92.5,B6,Gerrard,8,Team_Proprietary,2,53.61,24.93,0,129,
92.5,B7,Lampard,4,Team_Proprietary,2,61.75,43.1,0,137,
92.5,B8,Beckham,7,Team_Proprietary,2,58.21,10.15,0,123,
92.5,B9,Giggs,11,Team_Proprietary,2,61.03,59.26,0,133,
92.5,B10,Henry,14,Team_Proprietary,2,33.77,26.94,0,124,
92.5,B11,Rooney,10,Team_Proprietary,2,29.71,38.06,0,134,
92.5,ball,Ball,,BALL,2,10.61,34.71,0,,
93.0,A1,Buffon,1,Team_OpenSource,2,3.41,33.66,0,130,
93.0,A2,Cafu,2,Team_OpenSource,2,24.69,8.4,0,138,
93.0,A3,Maldini,3,Team_OpenSource,2,21.25,23.61,0,140,
93.0,A4,Nesta,4,Team_OpenSource,2,21.66,43.1,0,140,
93.0,A5,Carlos,5,Team_OpenSource,2,25.54,59.49,0,135,
93.0,A6,Xavi,6,Team_OpenSource,2,43.93,35.52,0,126,
93.0,A7,Iniesta,8,Team_OpenSource,2,44.23,48.64,0,127,
93.0,A8,Pirlo,21,Team_OpenSource,2,44.95,16.33,0,139,
93.0,A9,Messi,10,Team_OpenSource,2,71.71,14.61,0,127,
93.0,A10,Ronaldo,9,Team_OpenSource,2,75.87,32.39,0,120,
93.0,A11,Ronaldinho,11,Team_OpenSource,2,70.98,54.2,0,138,
93.0,B1,Casillas,1,Team_Proprietary,2,98.41,33.66,0,126,
93.0,B2,Zanetti,2,Team_Proprietary,2,79.69,8.4,0,139,
93.0,B3,Ferdinand,5,Team_Proprietary,2,85.54,26.49,0,136,
93.0,B4,Vidic,15,Team_Proprietary,2,85.43,41.29,0,123,
93.0,B5,Cole,3,Team_Proprietary,2,81.25,56.61,0,122,
93.0,B6,Gerrard,8,Team_Proprietary,2,53.93,24.94,0,138,
93.0,B7,Lampard,4,Team_Proprietary,2,61.66,43.1,0,123,
93.0,B8,Beckham,7,Team_Proprietary,2,58.29,10.15,0,137,
93.0,B9,Giggs,11,Team_Proprietary,2,60.98,59.2,0,124,
93.0,B10,Henry,14,Team_Proprietary,2,33.83,26.99,0,131,
93.0,B11,Rooney,10,Team_Proprietary,2,29.97,38.16,0,134,
93.0,ball,Ball,,BALL,2,14.8,34.64,0,,
93.5,A1,Buffon,1,Team_OpenSource,2,3.49,33.68,0,136,
93.5,A2,Cafu,2,Team_OpenSource,2,24.71,8.48,0,135,
93.5,A3,Maldini,3,Team_OpenSource,2,21.19,23.68,0,121,
93.5,A4,Nesta,4,Team_OpenSource,2,21.58,43.09,0,127,
93.5,A5,Carlos,5,Team_OpenSource,2,25.52,59.42,0,128,
93.5,A6,Xavi,6,Team_OpenSource,2,43.98,35.44,0,134,
93.5,A7,Iniesta,8,Team_OpenSource,2,44.27,48.71,0,123,
93.5,A8,Pirlo,21,Team_OpenSource,2,44.95,16.41,0,131,
93.5,A9,Messi,10,Team_OpenSource,2,71.63,14.63,0,131,
93.5,A10,Ronaldo,9,Team_OpenSource,2,75.83,32.47,0,131,
93.5,A11,Ronaldinho,11,Team_OpenSource,2,70.93,54.14,0,126,
93.5,B1,Casillas,1,Team_Proprietary,2,98.49,33.68,0,131,
93.5,B2,Zanetti,2,Team_Proprietary,2,79.71,8.48,0,128,
93.5,B3,Ferdinand,5,Team_Proprietary,2,85.52,26.42,0,135,
93.5,B4,Vidic,15,Team_Proprietary,2,85.41,41.37,0,123,
93.5,B5,Cole,3,Team_Proprietary,2,81.19,56.68,0,129,
93.5,B6,Gerrard,8,Team_Proprietary,2,54.23,24.94,0,136,
93.5,B7,Lampard,4,Team_Proprietary,2,61.58,43.09,0,129,
93.5,B8,Beckham,7,Team_Proprietary,2,58.38,10.14,0,129,
93.5,B9,Giggs,11,Team_Proprietary,2,60.93,59.14,0,140,
93.5,B10,Henry,14,Team_Proprietary,2,33.89,27.04,0,128,
93.5,B11,Rooney,10,Team_Proprietary,2,30.22,38.25,0,129,
93.5,ball,Ball,,BALL,2,18.57,34.58,0,,
94.0,A1,Buffon,1,Team_OpenSource,2,3.57,33.7,0,126,
94.0,A2,Cafu,2,Team_OpenSource,2,24.72,8.56,0,130,
94.0,A3,Maldini,3,Team_OpenSource,2,21.13,23.75,0,131,
94.0,A4,Nesta,4,Team_OpenSource,2,21.5,43.09,0,138,
94.0,A5,Carlos,5,Team_OpenSource,2,25.49,59.35,0,129,
94.0,A6,Xavi,6,Team_OpenSource,2,44.03,35.37,0,120,
94.0,A7,Iniesta,8,Team_OpenSource,2,44.31,48.77,0,127,
94.0,A8,Pirlo,21,Team_OpenSource,2,44.95,16.49,0,126,
94.0,A9,Messi,10,Team_OpenSource,2,71.55,14.65,0,136,
94.0,A10,Ronaldo,9,Team_OpenSource,2,75.79,32.54,0,131,
94.0,A11,Ronaldinho,11,Team_OpenSource,2,70.88,54.08,0,135,
94.0,B1,Casillas,1,Team_Proprietary,2,98.57,33.7,0,135,
94.0,B2,Zanetti,2,Team_Proprietary,2,79.72,8.56,0,130,
94.0,B3,Ferdinand,5,Team_Proprietary,2,85.49,26.35,0,126,
94.0,B4,Vidic,15,Team_Proprietary,2,85.39,41.46,0,133,
94.0,B5,Cole,3,Team_Proprietary,2,81.13,56.75,0,127,
94.0,B6,Gerrard,8,Team_Proprietary,2,54.52,24.94,0,127,
94.0,B7,Lampard,4,Team_Proprietary,2,61.5,43.09,0,132,
94.0,B8,Beckham,7,Team_Proprietary,2,58.46,10.13,0,122,
94.0,B9,Giggs,11,Team_Proprietary,2,60.88,59.08,0,121,
94.0,B10,Henry,14,Team_Proprietary,2,33.95,27.09,0,135,
94.0,B11,Rooney,10,Team_Proprietary,2,30.46,38.34,0,132,
94.0,ball,Ball,,BALL,2,21.96,34.52,0,,
94.5,A1,Buffon,1,Team_OpenSource,2,6.9,34.72,0,125,
94.5,A2,Cafu,2,Team_OpenSource,2,26.55,8.82,0,121,
94.5,A3,Maldini,3,Team_OpenSource,2,19.78,23.0,0,120,
94.5,A4,Nesta,4,Team_OpenSource,2,18.21,42.02,0,125,
94.5,A5,Carlos,5,Team_OpenSource,2,23.28,58.94,0,139,
94.5,A6,Xavi,6,Team_OpenSource,2,44.94,35.99,0,139,
94.5,A7,Iniesta,8,Team_OpenSource,2,46.84,49.32,0,132,
94.5,A8,Pirlo,21,Team_OpenSource,2,46.35,16.59,0,140,
94.5,A9,Messi,10,Team_OpenSource,2,68.53,13.57,0,140,
94.5,A10,Ronaldo,9,Team_OpenSource,2,75.34,32.05,0,140,
94.5,A11,Ronaldinho,11,Team_OpenSource,2,68.07,53.41,0,131,
94.5,B1,Casillas,1,Team_Proprietary,2,101.9,34.72,0,124,
94.5,B2,Zanetti,2,Team_Proprietary,2,81.55,8.82,0,134,
94.5,B3,Ferdinand,5,Team_Proprietary,2,83.28,25.94,0,122,
94.5,B4,Vidic,15,Team_Proprietary,2,85.88,41.25,0,122,
94.5,B5,Cole,3,Team_Proprietary,2,79.78,56.0,0,137,
94.5,B6,Gerrard,8,Team_Proprietary,2,61.84,24.32,0,128,
94.5,B7,Lampard,4,Team_Proprietary,2,58.21,42.02,0,130,
94.5,B8,Beckham,7,Team_Proprietary,2,61.65,11.21,0,128,
94.5,B9,Giggs,11,Team_Proprietary,2,58.07,58.41,0,124,
94.5,B10,Henry,14,Team_Proprietary,2,36.99,27.87,0,122,
94.5,B11,Rooney,10,Team_Proprietary,2,33.53,38.57,0,121,
94.5,ball,Ball,,BALL,2,55.0,24.16,0,,
95.0,A1,Buffon,1,Team_OpenSource,2,6.97,33.94,0,126,
95.0,A2,Cafu,2,Team_OpenSource,2,25.76,8.28,0,137,
95.0,A3,Maldini,3,Team_OpenSource,2,18.85,23.21,0,120,
95.0,A4,Nesta,4,Team_OpenSource,2,18.0,42.78,0,129,
95.0,A5,Carlos,5,Team_OpenSource,2,23.99,59.55,0,126,
95.0,A6,Xavi,6,Team_OpenSource,2,45.9,35.9,0,129,
95.0,A7,Iniesta,8,Team_OpenSource,2,46.25,48.64,0,125,
95.0,A8,Pirlo,21,Team_OpenSource,2,45.47,16.15,0,121,
95.0,A9,Messi,10,Team_OpenSource,2,68.06,14.23,0,136,
95.0,A10,Ronaldo,9,Team_OpenSource,2,74.36,32.03,0,140,
95.0,A11,Ronaldinho,11,Team_OpenSource,2,68.55,54.14,0,120,
95.0,B1,Casillas,1,Team_Proprietary,2,101.97,33.94,0,128,
95.0,B2,Zanetti,2,Team_Proprietary,2,80.76,8.28,0,134,
95.0,B3,Ferdinand,5,Team_Proprietary,2,83.99,26.55,0,128,
95.0,B4,Vidic,15,Team_Proprietary,2,84.91,41.01,0,135,
95.0,B5,Cole,3,Team_Proprietary,2,78.85,56.21,0,129,
95.0,B6,Gerrard,8,Team_Proprietary,2,61.25,23.64,0,120,
95.0,B7,Lampard,4,Team_Proprietary,2,58.0,42.78,0,136,
95.0,B8,Beckham,7,Team_Proprietary,2,61.99,10.5,0,135,
95.0,B9,Giggs,11,Team_Proprietary,2,58.55,59.14,0,129,
95.0,B10,Henry,14,Team_Proprietary,2,36.63,27.1,0,131,
95.0,B11,Rooney,10,Team_Proprietary,2,33.06,39.23,0,140,
95.0,ball,Ball,,BALL,2,59.33,25.35,0,,
95.5,A1,Buffon,1,Team_OpenSource,2,6.55,33.16,0,127,
95.5,A2,Cafu,2,Team_OpenSource,2,24.78,8.02,0,121,
95.5,A3,Maldini,3,Team_OpenSource,2,18.21,23.7,0,137,
95.5,A4,Nesta,4,Team_OpenSource,2,18.28,43.57,0,132,
95.5,A5,Carlos,5,Team_OpenSource,2,24.94,59.92,0,120,
95.5,A6,Xavi,6,Team_OpenSource,2,46.65,35.51,0,133,
95.5,A7,Iniesta,8,Team_OpenSource,2,45.34,48.18,0,136,
95.5,A8,Pirlo,21,Team_OpenSource,2,44.48,16.0,0,127,
95.5,A9,Messi,10,Team_OpenSource,2,68.07,15.01,0,122,
95.5,A10,Ronaldo,9,Team_OpenSource,2,73.53,32.32,0,123,
95.5,A11,Ronaldinho,11,Team_OpenSource,2,69.38,54.69,0,139,
95.5,B1,Casillas,1,Team_Proprietary,2,101.55,33.16,0,120,
95.5,B2,Zanetti,2,Team_Proprietary,2,79.78,8.02,0,123,
95.5,B3,Ferdinand,5,Team_Proprietary,2,84.94,26.92,0,129,
95.5,B4,Vidic,15,Team_Proprietary,2,83.96,41.09,0,126,
95.5,B5,Cole,3,Team_Proprietary,2,78.21,56.7,0,123,
95.5,B6,Gerrard,8,Team_Proprietary,2,60.34,23.18,0,138,
95.5,B7,Lampard,4,Team_Proprietary,2,58.28,43.57,0,121,
95.5,B8,Beckham,7,Team_Proprietary,2,61.84,9.71,0,134,
95.5,B9,Giggs,11,Team_Proprietary,2,59.38,59.69,0,138,
95.5,B10,Henry,14,Team_Proprietary,2,35.88,26.48,0,134,
95.5,B11,Rooney,10,Team_Proprietary,2,33.07,40.01,0,124,
95.5,ball,Ball,,BALL,2,62.0,27.6,0,,
96.0,A1,Buffon,1,Team_OpenSource,2,5.76,32.52,0,131,
96.0,A2,Cafu,2,Team_OpenSource,2,23.85,8.07,0,123,
96.0,A3,Maldini,3,Team_OpenSource,2,18.0,24.39,0,132,
96.0,A4,Nesta,4,Team_OpenSource,2,18.99,44.27,0,120,
96.0,A5,Carlos,5,Team_OpenSource,2,25.9,59.99,0,120,
96.0,A6,Xavi,6,Team_OpenSource,2,46.99,34.87,0,120,
96.0,A7,Iniesta,8,Team_OpenSource,2,44.36,48.0,0,132,
96.0,A8,Pirlo,21,Team_OpenSource,2,43.62,16.17,0,129,
96.0,A9,Messi,10,Team_OpenSource,2,68.55,15.79,0,140,
96.0,A10,Ronaldo,9,Team_OpenSource,2,73.06,32.88,0,123,
96.0,A11,Ronaldinho,11,Team_OpenSource,2,70.37,54.97,0,129,
96.0,B1,Casillas,1,Team_Proprietary,2,100.76,32.52,0,132,
96.0,B2,Zanetti,2,Team_Proprietary,2,78.85,8.07,0,132,
96.0,B3,Ferdinand,5,Team_Proprietary,2,85.9,26.99,0,134,
96.0,B4,Vidic,15,Team_Proprietary,2,83.27,41.46,0,135,
96.0,B5,Cole,3,Team_Proprietary,2,78.0,57.39,0,128,
96.0,B6,Gerrard,8,Team_Proprietary,2,59.36,23.0,0,123,
96.0,B7,Lampard,4,Team_Proprietary,2,58.99,44.27,0,140,
96.0,B8,Beckham,7,Team_Proprietary,2,61.25,8.96,0,131,
96.0,B9,Giggs,11,Team_Proprietary,2,60.37,59.97,0,132,
96.0,B10,Henry,14,Team_Proprietary,2,34.91,26.09,0,120,
96.0,B11,Rooney,10,Team_Proprietary,2,33.55,40.79,0,137,
96.0,ball,Ball,,BALL,2,62.34,30.63,0,,
96.5,A1,Buffon,1,Team_OpenSource,2,4.78,32.11,0,125,
96.5,A2,Cafu,2,Team_OpenSource,2,23.21,8.42,0,133,
96.5,A3,Maldini,3,Team_OpenSource,2,18.28,25.18,0,122,
96.5,A4,Nesta,4,Team_OpenSource,2,19.94,44.77,0,134,
96.5,A5,Carlos,5,Team_OpenSource,2,26.65,59.74,0,138,
96.5,A6,Xavi,6,Team_OpenSource,2,46.84,34.1,0,133,
96.5,A7,Iniesta,8,Team_OpenSource,2,43.53,48.14,0,121,
96.5,A8,Pirlo,21,Team_OpenSource,2,43.1,16.62,0,140,
96.5,A9,Messi,10,Team_OpenSource,2,69.38,16.44,0,128,
96.5,A10,Ronaldo,9,Team_OpenSource,2,73.07,33.61,0,123,
96.5,A11,Ronaldinho,11,Team_OpenSource,2,71.27,54.94,0,138,
96.5,B1,Casillas,1,Team_Proprietary,2,99.78,32.11,0,135,
96.5,B2,Zanetti,2,Team_Proprietary,2,78.21,8.42,0,139,
96.5,B3,Ferdinand,5,Team_Proprietary,2,86.65,26.74,0,132,
96.5,B4,Vidic,15,Team_Proprietary,2,83.0,42.08,0,124,
96.5,B5,Cole,3,Team_Proprietary,2,78.28,58.18,0,134,
96.5,B6,Gerrard,8,Team_Proprietary,2,58.53,23.14,0,123,
96.5,B7,Lampard,4,Team_Proprietary,2,59.94,44.77,0,124,
96.5,B8,Beckham,7,Team_Proprietary,2,60.34,8.38,0,120,
96.5,B9,Giggs,11,Team_Proprietary,2,61.27,59.94,0,140,
96.5,B10,Henry,14,Team_Proprietary,2,33.96,26.01,0,122,
96.5,B11,Rooney,10,Team_Proprietary,2,34.38,41.44,0,122,
96.5,ball,Ball,,BALL,2,60.27,34.06,0,,
97.0,A1,Buffon,1,Team_OpenSource,2,3.85,32.0,0,120,
97.0,A2,Cafu,2,Team_OpenSource,2,23.0,9.02,0,133,
97.0,A3,Maldini,3,Team_OpenSource,2,18.99,25.94,0,129,
97.0,A4,Nesta,4,Team_OpenSource,2,20.9,44.99,0,127,
97.0,A5,Carlos,5,Team_OpenSource,2,26.99,59.21,0,137,
97.0,A6,Xavi,6,Team_OpenSource,2,46.25,33.32,0,122,
97.0,A7,Iniesta,8,Team_OpenSource,2,43.06,48.57,0,120,
97.0,A8,Pirlo,21,Team_OpenSource,2,43.04,17.3,0,133,
97.0,A9,Messi,10,Team_OpenSource,2,70.37,16.87,0,132,
97.0,A10,Ronaldo,9,Team_OpenSource,2,73.55,34.41,0,131,
97.0,A11,Ronaldinho,11,Team_OpenSource,2,71.85,54.61,0,125,
97.0,B1,Casillas,1,Team_Proprietary,2,98.85,32.0,0,124,
97.0,B2,Zanetti,2,Team_Proprietary,2,78.0,9.02,0,140,
97.0,B3,Ferdinand,5,Team_Proprietary,2,86.99,26.21,0,135,
97.0,B4,Vidic,15,Team_Proprietary,2,83.22,42.85,0,140,
97.0,B5,Cole,3,Team_Proprietary,2,78.99,58.94,0,131,
97.0,B6,Gerrard,8,Team_Proprietary,2,58.06,23.57,0,135,
97.0,B7,Lampard,4,Team_Proprietary,2,60.9,44.99,0,128,
97.0,B8,Beckham,7,Team_Proprietary,2,59.36,8.05,0,122,
97.0,B9,Giggs,11,Team_Proprietary,2,61.85,59.61,0,128,
97.0,B10,Henry,14,Team_Proprietary,2,33.27,26.24,0,134,
97.0,B11,Rooney,10,Team_Proprietary,2,35.37,41.87,0,124,
97.0,ball,Ball,,BALL,2,56.3,37.48,0,,
97.5,A1,Buffon,1,Team_OpenSource,2,3.21,32.21,0,125,
97.5,A2,Cafu,2,Team_OpenSource,2,23.28,9.78,0,126,
97.5,A3,Maldini,3,Team_OpenSource,2,19.94,26.55,0,139,
97.5,A4,Nesta,4,Team_OpenSource,2,21.65,44.9,0,130,
97.5,A5,Carlos,5,Team_OpenSource,2,26.84,58.5,0,138,
97.5,A6,Xavi,6,Team_OpenSource,2,45.34,32.64,0,137,
97.5,A7,Iniesta,8,Team_OpenSource,2,43.07,49.23,0,130,
97.5,A8,Pirlo,21,Team_OpenSource,2,43.46,18.08,0,136,
97.5,A9,Messi,10,Team_OpenSource,2,71.27,17.0,0,121,
97.5,A10,Ronaldo,9,Team_OpenSource,2,74.38,35.14,0,136,
97.5,A11,Ronaldinho,11,Team_OpenSource,2,71.99,54.02,0,134,
97.5,B1,Casillas,1,Team_Proprietary,2,98.21,32.21,0,136,
97.5,B2,Zanetti,2,Team_Proprietary,2,78.28,9.78,0,133,
97.5,B3,Ferdinand,5,Team_Proprietary,2,86.84,25.5,0,140,
97.5,B4,Vidic,15,Team_Proprietary,2,83.88,43.63,0,137,
97.5,B5,Cole,3,Team_Proprietary,2,79.94,59.55,0,137,
97.5,B6,Gerrard,8,Team_Proprietary,2,58.07,24.23,0,122,
97.5,B7,Lampard,4,Team_Proprietary,2,61.65,44.9,0,123,
97.5,B8,Beckham,7,Team_Proprietary,2,58.53,8.03,0,131,
97.5,B9,Giggs,11,Team_Proprietary,2,61.99,59.02,0,124,
97.5,B10,Henry,14,Team_Proprietary,2,33.0,26.75,0,125,
97.5,B11,Rooney,10,Team_Proprietary,2,36.27,42.0,0,126,
97.5,ball,Ball,,BALL,2,51.4,40.49,0,,
98.0,A1,Buffon,1,Team_OpenSource,2,3.0,32.7,0,138,
98.0,A2,Cafu,2,Team_OpenSource,2,23.99,10.57,0,134,
98.0,A3,Maldini,3,Team_OpenSource,2,20.9,26.92,0,140,
98.0,A4,Nesta,4,Team_OpenSource,2,21.99,44.51,0,133,
98.0,A5,Carlos,5,Team_OpenSource,2,26.25,57.71,0,122,
98.0,A6,Xavi,6,Team_OpenSource,2,44.36,32.18,0,138,
98.0,A7,Iniesta,8,Team_OpenSource,2,43.55,50.01,0,131,
98.0,A8,Pirlo,21,Team_OpenSource,2,44.26,18.85,0,126,
98.0,A9,Messi,10,Team_OpenSource,2,71.85,16.81,0,120,
98.0,A10,Ronaldo,9,Team_OpenSource,2,75.37,35.69,0,122,
98.0,A11,Ronaldinho,11,Team_OpenSource,2,71.63,53.27,0,140,
98.0,B1,Casillas,1,Team_Proprietary,2,98.0,32.7,0,138,
98.0,B2,Zanetti,2,Team_Proprietary,2,78.99,10.57,0,121,
98.0,B3,Ferdinand,5,Team_Proprietary,2,86.25,24.71,0,129,
98.0,B4,Vidic,15,Team_Proprietary,2,84.81,44.32,0,121,
98.0,B5,Cole,3,Team_Proprietary,2,80.9,59.92,0,138,
98.0,B6,Gerrard,8,Team_Proprietary,2,58.55,25.01,0,136,
98.0,B7,Lampard,4,Team_Proprietary,2,61.99,44.51,0,123,
98.0,B8,Beckham,7,Team_Proprietary,2,58.06,8.32,0,121,
98.0,B9,Giggs,11,Team_Proprietary,2,61.63,58.27,0,122,
98.0,B10,Henry,14,Team_Proprietary,2,33.22,27.45,0,132,
98.0,B11,Rooney,10,Team_Proprietary,2,36.85,41.81,0,139,
98.0,ball,Ball,,BALL,2,46.77,42.7,0,,
98.5,A1,Buffon,1,Team_OpenSource,2,3.28,33.39,0,133,
98.5,A2,Cafu,2,Team_OpenSource,2,24.94,11.27,0,137,
98.5,A3,Maldini,3,Team_OpenSource,2,21.65,26.99,0,137,
98.5,A4,Nesta,4,Team_OpenSource,2,21.84,43.87,0,123,
98.5,A5,Carlos,5,Team_OpenSource,2,25.34,56.96,0,138,
98.5,A6,Xavi,6,Team_OpenSource,2,43.53,32.0,0,133,
98.5,A7,Iniesta,8,Team_OpenSource,2,44.38,50.79,0,129,
98.5,A8,Pirlo,21,Team_OpenSource,2,45.24,19.49,0,130,
98.5,A9,Messi,10,Team_OpenSource,2,71.99,16.34,0,129,
98.5,A10,Ronaldo,9,Team_OpenSource,2,76.27,35.97,0,137,
98.5,A11,Ronaldinho,11,Team_OpenSource,2,70.88,52.48,0,120,
98.5,B1,Casillas,1,Team_Proprietary,2,98.28,33.39,0,126,
98.5,B2,Zanetti,2,Team_Proprietary,2,79.94,11.27,0,124,
98.5,B3,Ferdinand,5,Team_Proprietary,2,85.34,23.96,0,129,
98.5,B4,Vidic,15,Team_Proprietary,2,85.78,44.8,0,124,
98.5,B5,Cole,3,Team_Proprietary,2,81.65,59.99,0,130,
98.5,B6,Gerrard,8,Team_Proprietary,2,59.38,25.79,0,122,
98.5,B7,Lampard,4,Team_Proprietary,2,61.84,43.87,0,123,
98.5,B8,Beckham,7,Team_Proprietary,2,58.07,8.88,0,121,
98.5,B9,Giggs,11,Team_Proprietary,2,60.88,57.48,0,139,
98.5,B10,Henry,14,Team_Proprietary,2,33.88,28.25,0,128,
98.5,B11,Rooney,10,Team_Proprietary,2,36.99,41.34,0,126,
98.5,ball,Ball,,BALL,2,43.54,43.86,0,,
99.0,A1,Buffon,1,Team_OpenSource,2,3.99,34.18,0,137,
99.0,A2,Cafu,2,Team_OpenSource,2,25.9,11.77,0,126,
99.0,A3,Maldini,3,Team_OpenSource,2,21.99,26.74,0,129,
99.0,A4,Nesta,4,Team_OpenSource,2,21.25,43.1,0,120,
99.0,A5,Carlos,5,Team_OpenSource,2,24.36,56.38,0,140,
99.0,A6,Xavi,6,Team_OpenSource,2,43.06,32.14,0,124,
99.0,A7,Iniesta,8,Team_OpenSource,2,45.37,51.44,0,131,
99.0,A8,Pirlo,21,Team_OpenSource,2,46.16,19.89,0,132,
99.0,A9,Messi,10,Team_OpenSource,2,71.63,15.66,0,135,
99.0,A10,Ronaldo,9,Team_OpenSource,2,76.85,35.94,0,120,
99.0,A11,Ronaldinho,11,Team_OpenSource,2,69.91,51.77,0,128,
99.0,B1,Casillas,1,Team_Proprietary,2,98.99,34.18,0,130,
99.0,B2,Zanetti,2,Team_Proprietary,2,80.9,11.77,0,122,
99.0,B3,Ferdinand,5,Team_Proprietary,2,84.36,23.38,0,139,
99.0,B4,Vidic,15,Team_Proprietary,2,86.57,45.0,0,139,
99.0,B5,Cole,3,Team_Proprietary,2,81.99,59.74,0,120,
99.0,B6,Gerrard,8,Team_Proprietary,2,60.37,26.44,0,124,
99.0,B7,Lampard,4,Team_Proprietary,2,61.25,43.1,0,129,
99.0,B8,Beckham,7,Team_Proprietary,2,58.55,9.61,0,140,
99.0,B9,Giggs,11,Team_Proprietary,2,59.91,56.77,0,139,
99.0,B10,Henry,14,Team_Proprietary,2,34.81,29.0,0,133,
99.0,B11,Rooney,10,Team_Proprietary,2,36.63,40.66,0,128,
99.0,ball,Ball,,BALL,2,42.51,43.83,0,,
99.5,A1,Buffon,1,Team_OpenSource,2,4.94,34.94,0,132,
99.5,A2,Cafu,2,Team_OpenSource,2,26.65,11.99,0,132,
99.5,A3,Maldini,3,Team_OpenSource,2,21.84,26.21,0,138,
99.5,A4,Nesta,4,Team_OpenSource,2,20.34,42.32,0,134,
99.5,A5,Carlos,5,Team_OpenSource,2,23.53,56.05,0,134,
99.5,A6,Xavi,6,Team_OpenSource,2,43.07,32.57,0,140,
99.5,A7,Iniesta,8,Team_OpenSource,2,46.27,51.87,0,125,
99.5,A8,Pirlo,21,Team_OpenSource,2,46.8,20.0,0,140,
99.5,A9,Messi,10,Team_OpenSource,2,70.88,14.87,0,122,
99.5,A10,Ronaldo,9,Team_OpenSource,2,76.99,35.61,0,127,
99.5,A11,Ronaldinho,11,Team_OpenSource,2,68.96,51.25,0,135,
99.5,B1,Casillas,1,Team_Proprietary,2,99.94,34.94,0,132,
99.5,B2,Zanetti,2,Team_Proprietary,2,81.65,11.99,0,135,
99.5,B3,Ferdinand,5,Team_Proprietary,2,83.53,23.05,0,135,
99.5,B4,Vidic,15,Team_Proprietary,2,86.97,44.88,0,134,
99.5,B5,Cole,3,Team_Proprietary,2,81.84,59.21,0,138,
99.5,B6,Gerrard,8,Team_Proprietary,2,61.27,26.87,0,136,
99.5,B7,Lampard,4,Team_Proprietary,2,60.34,42.32,0,122,
99.5,B8,Beckham,7,Team_Proprietary,2,59.38,10.41,0,127,
99.5,B9,Giggs,11,Team_Proprietary,2,58.96,56.25,0,130,
99.5,B10,Henry,14,Team_Proprietary,2,35.78,29.59,0,125,
99.5,B11,Rooney,10,Team_Proprietary,2,35.88,39.87,0,130,
99.5,ball,Ball,,BALL,2,43.92,42.6,0,,
100.0,A1,Buffon,1,Team_OpenSource,2,4.94,34.94,0,132,
100.0,A2,Cafu,2,Team_OpenSource,2,26.65,11.99,0,135,
100.0,A3,Maldini,3,Team_OpenSource,2,21.84,26.21,0,133,
100.0,A4,Nesta,4,Team_OpenSource,2,20.34,42.32,0,133,
100.0,A5,Carlos,5,Team_OpenSource,2,23.53,56.05,0,136,
100.0,A6,Xavi,6,Team_OpenSource,2,43.07,32.57,0,125,
100.0,A7,Iniesta,8,Team_OpenSource,2,46.27,51.87,0,125,
100.0,A8,Pirlo,21,Team_OpenSource,2,46.8,20.0,0,133,
100.0,A9,Messi,10,Team_OpenSource,2,72.19,15.83,0,128,
100.0,A10,Ronaldo,9,Team_OpenSource,2,77.6,35.53,0,132,
100.0,A11,Ronaldinho,11,Team_OpenSource,2,68.96,51.25,0,138,
100.0,B1,Casillas,1,Team_Proprietary,2,99.94,34.94,0,128,
100.0,B2,Zanetti,2,Team_Proprietary,2,81.65,11.99,0,121,
100.0,B3,Ferdinand,5,Team_Proprietary,2,83.53,23.05,0,133,
100.0,B4,Vidic,15,Team_Proprietary,2,86.97,44.88,0,140,
100.0,B5,Cole,3,Team_Proprietary,2,81.84,59.21,0,126,
100.0,B6,Gerrard,8,Team_Proprietary,2,61.27,26.87,0,130,
100.0,B7,Lampard,4,Team_Proprietary,2,60.34,42.32,0,122,
100.0,B8,Beckham,7,Team_Proprietary,2,59.38,10.41,0,140,
100.0,B9,Giggs,11,Team_Proprietary,2,58.96,56.25,0,123,
100.0,B10,Henry,14,Team_Proprietary,2,35.78,29.59,0,122,
100.0,B11,Rooney,10,Team_Proprietary,2,35.88,39.87,0,136,
100.0,ball,Ball,,BALL,2,78.6,35.53,0,,
100.5,A1,Buffon,1,Team_OpenSource,2,4.94,34.94,0,129,
100.5,A2,Cafu,2,Team_OpenSource,2,26.65,11.99,0,122,
100.5,A3,Maldini,3,Team_OpenSource,2,21.84,26.21,0,133,
100.5,A4,Nesta,4,Team_OpenSource,2,20.34,42.32,0,127,
100.5,A5,Carlos,5,Team_OpenSource,2,23.53,56.05,0,131,
100.5,A6,Xavi,6,Team_OpenSource,2,43.07,32.57,0,121,
100.5,A7,Iniesta,8,Team_OpenSource,2,46.27,51.87,0,139,
100.5,A8,Pirlo,21,Team_OpenSource,2,46.8,20.0,0,138,
100.5,A9,Messi,10,Team_OpenSource,2,73.44,16.74,0,134,
100.5,A10,Ronaldo,9,Team_OpenSource,2,78.18,35.45,0,134,
100.5,A11,Ronaldinho,11,Team_OpenSource,2,68.96,51.25,0,135,
100.5,B1,Casillas,1,Team_Proprietary,2,99.94,34.94,0,135,
100.5,B2,Zanetti,2,Team_Proprietary,2,81.65,11.99,0,121,
100.5,B3,Ferdinand,5,Team_Proprietary,2,83.53,23.05,0,127,
100.5,B4,Vidic,15,Team_Proprietary,2,86.97,44.88,0,124,
100.5,B5,Cole,3,Team_Proprietary,2,81.84,59.21,0,122,
100.5,B6,Gerrard,8,Team_Proprietary,2,61.27,26.87,0,126,
100.5,B7,Lampard,4,Team_Proprietary,2,60.34,42.32,0,127,
100.5,B8,Beckham,7,Team_Proprietary,2,59.38,10.41,0,130,
100.5,B9,Giggs,11,Team_Proprietary,2,58.96,56.25,0,130,
100.5,B10,Henry,14,Team_Proprietary,2,35.78,29.59,0,131,
100.5,B11,Rooney,10,Team_Proprietary,2,35.88,39.87,0,135,
100.5,ball,Ball,,BALL,2,79.18,35.45,0,,
101.0,A1,Buffon,1,Team_OpenSource,2,4.94,34.94,0,120,
101.0,A2,Cafu,2,Team_OpenSource,2,26.65,11.99,0,129,
101.0,A3,Maldini,3,Team_OpenSource,2,21.84,26.21,0,137,
101.0,A4,Nesta,4,Team_OpenSource,2,20.34,42.32,0,125,
101.0,A5,Carlos,5,Team_OpenSource,2,23.53,56.05,0,120,
101.0,A6,Xavi,6,Team_OpenSource,2,43.07,32.57,0,138,
101.0,A7,Iniesta,8,Team_OpenSource,2,46.27,51.87,0,140,
101.0,A8,Pirlo,21,Team_OpenSource,2,46.8,20.0,0,120,
101.0,A9,Messi,10,Team_OpenSource,2,74.62,17.6,0,127,
101.0,A10,Ronaldo,9,Team_OpenSource,2,78.74,35.38,0,132,
101.0,A11,Ronaldinho,11,Team_OpenSource,2,68.96,51.25,0,129,
101.0,B1,Casillas,1,Team_Proprietary,2,99.94,34.94,0,129,
101.0,B2,Zanetti,2,Team_Proprietary,2,81.65,11.99,0,129,
101.0,B3,Ferdinand,5,Team_Proprietary,2,83.53,23.05,0,120,
101.0,B4,Vidic,15,Team_Proprietary,2,86.97,44.88,0,132,
101.0,B5,Cole,3,Team_Proprietary,2,81.84,59.21,0,138,
101.0,B6,Gerrard,8,Team_Proprietary,2,61.27,26.87,0,129,
101.0,B7,Lampard,4,Team_Proprietary,2,60.34,42.32,0,124,
101.0,B8,Beckham,7,Team_Proprietary,2,59.38,10.41,0,122,
101.0,B9,Giggs,11,Team_Proprietary,2,58.96,56.25,0,125,
101.0,B10,Henry,14,Team_Proprietary,2,35.78,29.59,0,126,
101.0,B11,Rooney,10,Team_Proprietary,2,35.88,39.87,0,136,
101.0,ball,Ball,,BALL,2,79.74,35.38,0,,
101.5,A1,Buffon,1,Team_OpenSource,2,4.94,34.94,0,136,
101.5,A2,Cafu,2,Team_OpenSource,2,26.65,11.99,0,136,
101.5,A3,Maldini,3,Team_OpenSource,2,21.84,26.21,0,130,
101.5,A4,Nesta,4,Team_OpenSource,2,20.34,42.32,0,127,
101.5,A5,Carlos,5,Team_OpenSource,2,23.53,56.05,0,130,
101.5,A6,Xavi,6,Team_OpenSource,2,43.07,32.57,0,120,
101.5,A7,Iniesta,8,Team_OpenSource,2,46.27,51.87,0,135,
101.5,A8,Pirlo,21,Team_OpenSource,2,46.8,20.0,0,124,
101.5,A9,Messi,10,Team_OpenSource,2,74.62,17.6,0,139,
101.5,A10,Ronaldo,9,Team_OpenSource,2,78.74,35.38,0,134,
101.5,A11,Ronaldinho,11,Team_OpenSource,2,68.96,51.25,0,123,
101.5,B1,Casillas,1,Team_Proprietary,2,99.94,34.94,0,128,
101.5,B2,Zanetti,2,Team_Proprietary,2,81.65,11.99,0,139,
101.5,B3,Ferdinand,5,Team_Proprietary,2,83.53,23.05,0,128,
101.5,B4,Vidic,15,Team_Proprietary,2,86.97,44.88,0,123,
101.5,B5,Cole,3,Team_Proprietary,2,81.84,59.21,0,120,
101.5,B6,Gerrard,8,Team_Proprietary,2,61.27,26.87,0,120,
101.5,B7,Lampard,4,Team_Proprietary,2,60.34,42.32,0,124,
101.5,B8,Beckham,7,Team_Proprietary,2,59.38,10.41,0,127,
101.5,B9,Giggs,11,Team_Proprietary,2,58.96,56.25,0,138,
101.5,B10,Henry,14,Team_Proprietary,2,35.78,29.59,0,133,
101.5,B11,Rooney,10,Team_Proprietary,2,35.88,39.87,0,125,
101.5,ball,Ball,,BALL,2,78.71,31.82,0,,
102.0,A1,Buffon,1,Team_OpenSource,2,4.94,34.94,0,140,
102.0,A2,Cafu,2,Team_OpenSource,2,26.65,11.99,0,136,
102.0,A3,Maldini,3,Team_OpenSource,2,21.84,26.21,0,136,
102.0,A4,Nesta,4,Team_OpenSource,2,20.34,42.32,0,139,
102.0,A5,Carlos,5,Team_OpenSource,2,23.53,56.05,0,134,
102.0,A6,Xavi,6,Team_OpenSource,2,43.07,32.57,0,127,
102.0,A7,Iniesta,8,Team_OpenSource,2,46.27,51.87,0,127,
102.0,A8,Pirlo,21,Team_OpenSource,2,46.8,20.0,0,123,
102.0,A9,Messi,10,Team_OpenSource,2,74.62,17.6,0,121,
102.0,A10,Ronaldo,9,Team_OpenSource,2,78.74,35.38,0,125,
102.0,A11,Ronaldinho,11,Team_OpenSource,2,68.96,51.25,0,135,
102.0,B1,Casillas,1,Team_Proprietary,2,99.94,34.94,0,128,
102.0,B2,Zanetti,2,Team_Proprietary,2,81.65,11.99,0,133,
102.0,B3,Ferdinand,5,Team_Proprietary,2,83.53,23.05,0,124,
102.0,B4,Vidic,15,Team_Proprietary,2,86.97,44.88,0,139,
102.0,B5,Cole,3,Team_Proprietary,2,81.84,59.21,0,135,
102.0,B6,Gerrard,8,Team_Proprietary,2,61.27,26.87,0,138,
102.0,B7,Lampard,4,Team_Proprietary,2,60.34,42.32,0,134,
102.0,B8,Beckham,7,Team_Proprietary,2,59.38,10.41,0,140,
102.0,B9,Giggs,11,Team_Proprietary,2,58.96,56.25,0,121,
102.0,B10,Henry,14,Team_Proprietary,2,35.78,29.59,0,131,
102.0,B11,Rooney,10,Team_Proprietary,2,35.88,39.87,0,120,
102.0,ball,Ball,,BALL,2,77.9,28.98,0,,
102.5,A1,Buffon,1,Team_OpenSource,2,4.94,34.94,0,133,
102.5,A2,Cafu,2,Team_OpenSource,2,26.65,11.99,0,123,
102.5,A3,Maldini,3,Team_OpenSource,2,21.84,26.21,0,137,
102.5,A4,Nesta,4,Team_OpenSource,2,20.34,42.32,0,139,
102.5,A5,Carlos,5,Team_OpenSource,2,23.53,56.05,0,139,
102.5,A6,Xavi,6,Team_OpenSource,2,43.07,32.57,0,134,
102.5,A7,Iniesta,8,Team_OpenSource,2,46.27,51.87,0,130,
102.5,A8,Pirlo,21,Team_OpenSource,2,46.8,20.0,0,126,
102.5,A9,Messi,10,Team_OpenSource,2,76.82,19.24,0,123,
102.5,A10,Ronaldo,9,Team_OpenSource,2,78.74,35.38,0,123,
102.5,A11,Ronaldinho,11,Team_OpenSource,2,68.96,51.25,0,140,
102.5,B1,Casillas,1,Team_Proprietary,2,99.94,34.94,0,138,
102.5,B2,Zanetti,2,Team_Proprietary,2,81.65,11.99,0,132,
102.5,B3,Ferdinand,5,Team_Proprietary,2,83.53,23.05,0,133,
102.5,B4,Vidic,15,Team_Proprietary,2,86.97,44.88,0,135,
102.5,B5,Cole,3,Team_Proprietary,2,81.84,59.21,0,135,
102.5,B6,Gerrard,8,Team_Proprietary,2,61.27,26.87,0,129,
102.5,B7,Lampard,4,Team_Proprietary,2,60.34,42.32,0,124,
102.5,B8,Beckham,7,Team_Proprietary,2,59.38,10.41,0,125,
102.5,B9,Giggs,11,Team_Proprietary,2,58.96,56.25,0,122,
102.5,B10,Henry,14,Team_Proprietary,2,35.78,29.59,0,125,
102.5,B11,Rooney,10,Team_Proprietary,2,35.88,39.87,0,136,
102.5,ball,Ball,,BALL,2,77.82,19.24,0,,
103.0,A1,Buffon,1,Team_OpenSource,2,4.94,34.94,0,129,
103.0,A2,Cafu,2,Team_OpenSource,2,26.65,11.99,0,135,
103.0,A3,Maldini,3,Team_OpenSource,2,21.84,26.21,0,122,
103.0,A4,Nesta,4,Team_OpenSource,2,20.34,42.32,0,134,
103.0,A5,Carlos,5,Team_OpenSource,2,23.53,56.05,0,122,
103.0,A6,Xavi,6,Team_OpenSource,2,43.07,32.57,0,130,
103.0,A7,Iniesta,8,Team_OpenSource,2,46.27,51.87,0,126,
103.0,A8,Pirlo,21,Team_OpenSource,2,46.8,20.0,0,125,
103.0,A9,Messi,10,Team_OpenSource,2,78.8,20.72,0,138,
103.0,A10,Ronaldo,9,Team_OpenSource,2,78.74,35.38,0,136,
103.0,A11,Ronaldinho,11,Team_OpenSource,2,68.96,51.25,0,120,
103.0,B1,Casillas,1,Team_Proprietary,2,99.94,34.94,0,127,
103.0,B2,Zanetti,2,Team_Proprietary,2,81.65,11.99,0,122,
103.0,B3,Ferdinand,5,Team_Proprietary,2,83.53,23.05,0,135,
103.0,B4,Vidic,15,Team_Proprietary,2,86.97,44.88,0,133,
103.0,B5,Cole,3,Team_Proprietary,2,81.84,59.21,0,125,
103.0,B6,Gerrard,8,Team_Proprietary,2,61.27,26.87,0,135,
103.0,B7,Lampard,4,Team_Proprietary,2,60.34,42.32,0,126,
103.0,B8,Beckham,7,Team_Proprietary,2,59.38,10.41,0,123,
103.0,B9,Giggs,11,Team_Proprietary,2,58.96,56.25,0,136,
103.0,B10,Henry,14,Team_Proprietary,2,35.78,29.59,0,121,
103.0,B11,Rooney,10,Team_Proprietary,2,35.88,39.87,0,132,
103.0,ball,Ball,,BALL,2,79.8,20.72,0,,
103.5,A1,Buffon,1,Team_OpenSource,2,4.94,34.94,0,123,
103.5,A2,Cafu,2,Team_OpenSource,2,26.65,11.99,0,131,
103.5,A3,Maldini,3,Team_OpenSource,2,21.84,26.21,0,140,
103.5,A4,Nesta,4,Team_OpenSource,2,20.34,42.32,0,140,
103.5,A5,Carlos,5,Team_OpenSource,2,23.53,56.05,0,128,
103.5,A6,Xavi,6,Team_OpenSource,2,43.07,32.57,0,138,
103.5,A7,Iniesta,8,Team_OpenSource,2,46.27,51.87,0,140,
103.5,A8,Pirlo,21,Team_OpenSource,2,46.8,20.0,0,134,
103.5,A9,Messi,10,Team_OpenSource,2,78.8,20.72,0,125,
103.5,A10,Ronaldo,9,Team_OpenSource,2,78.74,35.38,0,128,
103.5,A11,Ronaldinho,11,Team_OpenSource,2,68.96,51.25,0,129,
103.5,B1,Casillas,1,Team_Proprietary,2,99.94,34.94,0,123,
103.5,B2,Zanetti,2,Team_Proprietary,2,81.65,11.99,0,135,
103.5,B3,Ferdinand,5,Team_Proprietary,2,83.53,23.05,0,129,
103.5,B4,Vidic,15,Team_Proprietary,2,86.97,44.88,0,135,
103.5,B5,Cole,3,Team_Proprietary,2,81.84,59.21,0,139,
103.5,B6,Gerrard,8,Team_Proprietary,2,61.27,26.87,0,122,
103.5,B7,Lampard,4,Team_Proprietary,2,60.34,42.32,0,134,
103.5,B8,Beckham,7,Team_Proprietary,2,59.38,10.41,0,134,
103.5,B9,Giggs,11,Team_Proprietary,2,58.96,56.25,0,135,
103.5,B10,Henry,14,Team_Proprietary,2,35.78,29.59,0,139,
103.5,B11,Rooney,10,Team_Proprietary,2,35.88,39.87,0,128,
103.5,ball,Ball,,BALL,2,87.36,24.93,0,,
104.0,A1,Buffon,1,Team_OpenSource,2,4.94,34.94,0,132,
104.0,A2,Cafu,2,Team_OpenSource,2,26.65,11.99,0,139,
104.0,A3,Maldini,3,Team_OpenSource,2,21.84,26.21,0,129,
104.0,A4,Nesta,4,Team_OpenSource,2,20.34,42.32,0,123,
104.0,A5,Carlos,5,Team_OpenSource,2,23.53,56.05,0,131,
104.0,A6,Xavi,6,Team_OpenSource,2,43.07,32.57,0,121,
104.0,A7,Iniesta,8,Team_OpenSource,2,46.27,51.87,0,131,
104.0,A8,Pirlo,21,Team_OpenSource,2,46.8,20.0,0,134,
104.0,A9,Messi,10,Team_OpenSource,2,78.8,20.72,0,120,
104.0,A10,Ronaldo,9,Team_OpenSource,2,78.74,35.38,0,132,
104.0,A11,Ronaldinho,11,Team_OpenSource,2,68.96,51.25,0,131,
104.0,B1,Casillas,1,Team_Proprietary,2,99.94,34.94,0,137,
104.0,B2,Zanetti,2,Team_Proprietary,2,81.65,11.99,0,127,
104.0,B3,Ferdinand,5,Team_Proprietary,2,83.53,23.05,0,127,
104.0,B4,Vidic,15,Team_Proprietary,2,86.97,44.88,0,134,
104.0,B5,Cole,3,Team_Proprietary,2,81.84,59.21,0,137,
104.0,B6,Gerrard,8,Team_Proprietary,2,61.27,26.87,0,124,
104.0,B7,Lampard,4,Team_Proprietary,2,60.34,42.32,0,126,
104.0,B8,Beckham,7,Team_Proprietary,2,59.38,10.41,0,122,
104.0,B9,Giggs,11,Team_Proprietary,2,58.96,56.25,0,140,
104.0,B10,Henry,14,Team_Proprietary,2,35.78,29.59,0,123,
104.0,B11,Rooney,10,Team_Proprietary,2,35.88,39.87,0,127,
104.0,ball,Ball,,BALL,2,92.65,28.05,0,,
104.5,A1,Buffon,1,Team_OpenSource,2,4.94,34.94,0,133,
104.5,A2,Cafu,2,Team_OpenSource,2,26.65,11.99,0,129,
104.5,A3,Maldini,3,Team_OpenSource,2,21.84,26.21,0,128,
104.5,A4,Nesta,4,Team_OpenSource,2,20.34,42.32,0,120,
104.5,A5,Carlos,5,Team_OpenSource,2,23.53,56.05,0,128,
104.5,A6,Xavi,6,Team_OpenSource,2,43.07,32.57,0,121,
104.5,A7,Iniesta,8,Team_OpenSource,2,46.27,51.87,0,131,
104.5,A8,Pirlo,21,Team_OpenSource,2,46.8,20.0,0,130,
104.5,A9,Messi,10,Team_OpenSource,2,78.8,20.72,0,139,
104.5,A10,Ronaldo,9,Team_OpenSource,2,78.74,35.38,0,126,
104.5,A11,Ronaldinho,11,Team_OpenSource,2,68.96,51.25,0,120,
104.5,B1,Casillas,1,Team_Proprietary,2,99.94,34.94,0,133,
104.5,B2,Zanetti,2,Team_Proprietary,2,81.65,11.99,0,136,
104.5,B3,Ferdinand,5,Team_Proprietary,2,83.53,23.05,0,140,
104.5,B4,Vidic,15,Team_Proprietary,2,86.97,44.88,0,133,
104.5,B5,Cole,3,Team_Proprietary,2,81.84,59.21,0,133,
104.5,B6,Gerrard,8,Team_Proprietary,2,61.27,26.87,0,134,
104.5,B7,Lampard,4,Team_Proprietary,2,60.34,42.32,0,121,
104.5,B8,Beckham,7,Team_Proprietary,2,59.38,10.41,0,137,
104.5,B9,Giggs,11,Team_Proprietary,2,58.96,56.25,0,130,
104.5,B10,Henry,14,Team_Proprietary,2,35.78,29.59,0,132,
104.5,B11,Rooney,10,Team_Proprietary,2,35.88,39.87,0,128,
104.5,ball,Ball,,BALL,2,96.36,29.84,0,,
105.0,A1,Buffon,1,Team_OpenSource,2,4.94,34.94,0,122,
105.0,A2,Cafu,2,Team_OpenSource,2,26.65,11.99,0,123,
105.0,A3,Maldini,3,Team_OpenSource,2,21.84,26.21,0,133,
105.0,A4,Nesta,4,Team_OpenSource,2,20.34,42.32,0,129,
105.0,A5,Carlos,5,Team_OpenSource,2,23.53,56.05,0,128,
105.0,A6,Xavi,6,Team_OpenSource,2,43.07,32.57,0,138,
105.0,A7,Iniesta,8,Team_OpenSource,2,46.27,51.87,0,134,
105.0,A8,Pirlo,21,Team_OpenSource,2,46.8,20.0,0,130,
105.0,A9,Messi,10,Team_OpenSource,2,78.8,20.72,0,125,
105.0,A10,Ronaldo,9,Team_OpenSource,2,78.74,35.38,0,137,
105.0,A11,Ronaldinho,11,Team_OpenSource,2,68.96,51.25,0,132,
105.0,B1,Casillas,1,Team_Proprietary,2,99.94,34.94,0,132,
105.0,B2,Zanetti,2,Team_Proprietary,2,81.65,11.99,0,122,
105.0,B3,Ferdinand,5,Team_Proprietary,2,83.53,23.05,0,133,
105.0,B4,Vidic,15,Team_Proprietary,2,86.97,44.88,0,134,
105.0,B5,Cole,3,Team_Proprietary,2,81.84,59.21,0,131,
105.0,B6,Gerrard,8,Team_Proprietary,2,61.27,26.87,0,137,
105.0,B7,Lampard,4,Team_Proprietary,2,60.34,42.32,0,120,
105.0,B8,Beckham,7,Team_Proprietary,2,59.38,10.41,0,132,
105.0,B9,Giggs,11,Team_Proprietary,2,58.96,56.25,0,135,
105.0,B10,Henry,14,Team_Proprietary,2,35.78,29.59,0,130,
105.0,B11,Rooney,10,Team_Proprietary,2,35.88,39.87,0,124,
105.0,ball,Ball,,BALL,2,98.95,31.13,0,,
105.5,A1,Buffon,1,Team_OpenSource,2,4.94,34.94,0,123,
105.5,A2,Cafu,2,Team_OpenSource,2,26.65,11.99,0,130,
105.5,A3,Maldini,3,Team_OpenSource,2,21.84,26.21,0,132,
105.5,A4,Nesta,4,Team_OpenSource,2,20.34,42.32,0,124,
105.5,A5,Carlos,5,Team_OpenSource,2,23.53,56.05,0,126,
105.5,A6,Xavi,6,Team_OpenSource,2,43.07,32.57,0,135,
105.5,A7,Iniesta,8,Team_OpenSource,2,46.27,51.87,0,128,
105.5,A8,Pirlo,21,Team_OpenSource,2,46.8,20.0,0,140,
105.5,A9,Messi,10,Team_OpenSource,2,78.8,20.72,0,121,
105.5,A10,Ronaldo,9,Team_OpenSource,2,78.74,35.38,0,131,
105.5,A11,Ronaldinho,11,Team_OpenSource,2,68.96,51.25,0,122,
105.5,B1,Casillas,1,Team_Proprietary,2,99.94,34.94,0,132,
105.5,B2,Zanetti,2,Team_Proprietary,2,81.65,11.99,0,140,
105.5,B3,Ferdinand,5,Team_Proprietary,2,83.53,23.05,0,127,
105.5,B4,Vidic,15,Team_Proprietary,2,86.97,44.88,0,135,
105.5,B5,Cole,3,Team_Proprietary,2,81.84,59.21,0,128,
105.5,B6,Gerrard,8,Team_Proprietary,2,61.27,26.87,0,139,
105.5,B7,Lampard,4,Team_Proprietary,2,60.34,42.32,0,139,
105.5,B8,Beckham,7,Team_Proprietary,2,59.38,10.41,0,134,
105.5,B9,Giggs,11,Team_Proprietary,2,58.96,56.25,0,134,
105.5,B10,Henry,14,Team_Proprietary,2,35.78,29.59,0,133,
105.5,B11,Rooney,10,Team_Proprietary,2,35.88,39.87,0,139,
105.5,ball,Ball,,BALL,2,100.76,32.66,0,,
106.0,A1,Buffon,1,Team_OpenSource,2,4.94,34.94,0,122,
106.0,A2,Cafu,2,Team_OpenSource,2,26.65,11.99,0,131,
106.0,A3,Maldini,3,Team_OpenSource,2,21.84,26.21,0,132,
106.0,A4,Nesta,4,Team_OpenSource,2,20.34,42.32,0,130,
106.0,A5,Carlos,5,Team_OpenSource,2,23.53,56.05,0,138,
106.0,A6,Xavi,6,Team_OpenSource,2,43.07,32.57,0,134,
106.0,A7,Iniesta,8,Team_OpenSource,2,46.27,51.87,0,140,
106.0,A8,Pirlo,21,Team_OpenSource,2,46.8,20.0,0,129,
106.0,A9,Messi,10,Team_OpenSource,2,78.8,20.72,0,124,
106.0,A10,Ronaldo,9,Team_OpenSource,2,78.74,35.38,0,139,
106.0,A11,Ronaldinho,11,Team_OpenSource,2,68.96,51.25,0,126,
106.0,B1,Casillas,1,Team_Proprietary,2,99.94,34.94,0,139,
106.0,B2,Zanetti,2,Team_Proprietary,2,81.65,11.99,0,135,
106.0,B3,Ferdinand,5,Team_Proprietary,2,83.53,23.05,0,120,
106.0,B4,Vidic,15,Team_Proprietary,2,86.97,44.88,0,134,
106.0,B5,Cole,3,Team_Proprietary,2,81.84,59.21,0,130,
106.0,B6,Gerrard,8,Team_Proprietary,2,61.27,26.87,0,135,
106.0,B7,Lampard,4,Team_Proprietary,2,60.34,42.32,0,140,
106.0,B8,Beckham,7,Team_Proprietary,2,59.38,10.41,0,132,
106.0,B9,Giggs,11,Team_Proprietary,2,58.96,56.25,0,121,
106.0,B10,Henry,14,Team_Proprietary,2,35.78,29.59,0,130,
106.0,B11,Rooney,10,Team_Proprietary,2,35.88,39.87,0,140,
106.0,ball,Ball,,BALL,2,102.04,33.05,0,,
106.5,A1,Buffon,1,Team_OpenSource,2,4.94,34.94,0,130,
106.5,A2,Cafu,2,Team_OpenSource,2,26.65,11.99,0,129,
106.5,A3,Maldini,3,Team_OpenSource,2,21.84,26.21,0,136,
106.5,A4,Nesta,4,Team_OpenSource,2,20.34,42.32,0,129,
106.5,A5,Carlos,5,Team_OpenSource,2,23.53,56.05,0,138,
106.5,A6,Xavi,6,Team_OpenSource,2,43.07,32.57,0,127,
106.5,A7,Iniesta,8,Team_OpenSource,2,46.27,51.87,0,139,
106.5,A8,Pirlo,21,Team_OpenSource,2,46.8,20.0,0,125,
106.5,A9,Messi,10,Team_OpenSource,2,78.8,20.72,0,120,
106.5,A10,Ronaldo,9,Team_OpenSource,2,78.74,35.38,0,131,
106.5,A11,Ronaldinho,11,Team_OpenSource,2,68.96,51.25,0,133,
106.5,B1,Casillas,1,Team_Proprietary,2,99.94,34.94,0,140,
106.5,B2,Zanetti,2,Team_Proprietary,2,81.65,11.99,0,121,
106.5,B3,Ferdinand,5,Team_Proprietary,2,83.53,23.05,0,139,
106.5,B4,Vidic,15,Team_Proprietary,2,86.97,44.88,0,134,
106.5,B5,Cole,3,Team_Proprietary,2,81.84,59.21,0,128,
106.5,B6,Gerrard,8,Team_Proprietary,2,61.27,26.87,0,138,
106.5,B7,Lampard,4,Team_Proprietary,2,60.34,42.32,0,139,
106.5,B8,Beckham,7,Team_Proprietary,2,59.38,10.41,0,128,
106.5,B9,Giggs,11,Team_Proprietary,2,58.96,56.25,0,135,
106.5,B10,Henry,14,Team_Proprietary,2,35.78,29.59,0,130,
106.5,B11,Rooney,10,Team_Proprietary,2,35.88,39.87,0,125,
106.5,ball,Ball,,BALL,2,102.92,32.77,0,,
107.0,A1,Buffon,1,Team_OpenSource,2,4.94,34.94,0,140,
107.0,A2,Cafu,2,Team_OpenSource,2,26.65,11.99,0,127,
107.0,A3,Maldini,3,Team_OpenSource,2,21.84,26.21,0,132,
107.0,A4,Nesta,4,Team_OpenSource,2,20.34,42.32,0,132,
107.0,A5,Carlos,5,Team_OpenSource,2,23.53,56.05,0,123,
107.0,A6,Xavi,6,Team_OpenSource,2,43.07,32.57,0,124,
107.0,A7,Iniesta,8,Team_OpenSource,2,46.27,51.87,0,139,
107.0,A8,Pirlo,21,Team_OpenSource,2,46.8,20.0,0,121,
107.0,A9,Messi,10,Team_OpenSource,2,78.8,20.72,0,122,
107.0,A10,Ronaldo,9,Team_OpenSource,2,78.74,35.38,0,136,
107.0,A11,Ronaldinho,11,Team_OpenSource,2,68.96,51.25,0,125,
107.0,B1,Casillas,1,Team_Proprietary,2,99.94,34.94,0,125,
107.0,B2,Zanetti,2,Team_Proprietary,2,81.65,11.99,0,140,
107.0,B3,Ferdinand,5,Team_Proprietary,2,83.53,23.05,0,125,
107.0,B4,Vidic,15,Team_Proprietary,2,86.97,44.88,0,128,
107.0,B5,Cole,3,Team_Proprietary,2,81.84,59.21,0,130,
107.0,B6,Gerrard,8,Team_Proprietary,2,61.27,26.87,0,137,
107.0,B7,Lampard,4,Team_Proprietary,2,60.34,42.32,0,121,
107.0,B8,Beckham,7,Team_Proprietary,2,59.38,10.41,0,125,
107.0,B9,Giggs,11,Team_Proprietary,2,58.96,56.25,0,135,
107.0,B10,Henry,14,Team_Proprietary,2,35.78,29.59,0,130,
107.0,B11,Rooney,10,Team_Proprietary,2,35.88,39.87,0,125,
107.0,ball,Ball,,BALL,2,103.55,33.51,0,,
107.5,A1,Buffon,1,Team_OpenSource,2,4.94,34.94,0,121,
107.5,A2,Cafu,2,Team_OpenSource,2,26.65,11.99,0,122,
107.5,A3,Maldini,3,Team_OpenSource,2,21.84,26.21,0,121,
107.5,A4,Nesta,4,Team_OpenSource,2,20.34,42.32,0,134,
107.5,A5,Carlos,5,Team_OpenSource,2,23.53,56.05,0,126,
107.5,A6,Xavi,6,Team_OpenSource,2,43.07,32.57,0,123,
107.5,A7,Iniesta,8,Team_OpenSource,2,46.27,51.87,0,135,
107.5,A8,Pirlo,21,Team_OpenSource,2,46.8,20.0,0,130,
107.5,A9,Messi,10,Team_OpenSource,2,78.8,20.72,0,125,
107.5,A10,Ronaldo,9,Team_OpenSource,2,78.74,35.38,0,140,
107.5,A11,Ronaldinho,11,Team_OpenSource,2,68.96,51.25,0,124,
107.5,B1,Casillas,1,Team_Proprietary,2,99.94,34.94,0,121,
107.5,B2,Zanetti,2,Team_Proprietary,2,81.65,11.99,0,130,
107.5,B3,Ferdinand,5,Team_Proprietary,2,83.53,23.05,0,124,
107.5,B4,Vidic,15,Team_Proprietary,2,86.97,44.88,0,120,
107.5,B5,Cole,3,Team_Proprietary,2,81.84,59.21,0,133,
107.5,B6,Gerrard,8,Team_Proprietary,2,61.27,26.87,0,137,
107.5,B7,Lampard,4,Team_Proprietary,2,60.34,42.32,0,122,
107.5,B8,Beckham,7,Team_Proprietary,2,59.38,10.41,0,140,
107.5,B9,Giggs,11,Team_Proprietary,2,58.96,56.25,0,131,
107.5,B10,Henry,14,Team_Proprietary,2,35.78,29.59,0,133,
107.5,B11,Rooney,10,Team_Proprietary,2,35.88,39.87,0,134,
107.5,ball,Ball,,BALL,2,103.98,33.28,0,,
108.0,A1,Buffon,1,Team_OpenSource,2,4.94,34.94,0,120,goal
108.0,A2,Cafu,2,Team_OpenSource,2,26.65,11.99,0,123,goal
108.0,A3,Maldini,3,Team_OpenSource,2,21.84,26.21,0,132,goal
108.0,A4,Nesta,4,Team_OpenSource,2,20.34,42.32,0,124,goal
108.0,A5,Carlos,5,Team_OpenSource,2,23.53,56.05,0,127,goal
108.0,A6,Xavi,6,Team_OpenSource,2,43.07,32.57,0,136,goal
108.0,A7,Iniesta,8,Team_OpenSource,2,46.27,51.87,0,126,goal
108.0,A8,Pirlo,21,Team_OpenSource,2,46.8,20.0,0,134,goal
108.0,A9,Messi,10,Team_OpenSource,2,78.8,20.72,0,133,goal
108.0,A10,Ronaldo,9,Team_OpenSource,2,78.74,35.38,0,139,goal
108.0,A11,Ronaldinho,11,Team_OpenSource,2,68.96,51.25,0,140,goal
108.0,B1,Casillas,1,Team_Proprietary,2,99.94,34.94,0,122,goal
108.0,B2,Zanetti,2,Team_Proprietary,2,81.65,11.99,0,131,goal
108.0,B3,Ferdinand,5,Team_Proprietary,2,83.53,23.05,0,138,goal
108.0,B4,Vidic,15,Team_Proprietary,2,86.97,44.88,0,133,goal
108.0,B5,Cole,3,Team_Proprietary,2,81.84,59.21,0,135,goal
108.0,B6,Gerrard,8,Team_Proprietary,2,61.27,26.87,0,121,goal
108.0,B7,Lampard,4,Team_Proprietary,2,60.34,42.32,0,130,goal
108.0,B8,Beckham,7,Team_Proprietary,2,59.38,10.41,0,121,goal
108.0,B9,Giggs,11,Team_Proprietary,2,58.96,56.25,0,130,goal
108.0,B10,Henry,14,Team_Proprietary,2,35.78,29.59,0,125,goal
108.0,B11,Rooney,10,Team_Proprietary,2,35.88,39.87,0,121,goal
108.0,ball,Ball,,BALL,2,104.29,33.32,0,,
108.5,A1,Buffon,1,Team_OpenSource,2,4.94,34.94,0,127,
108.5,A2,Cafu,2,Team_OpenSource,2,26.65,11.99,0,124,
108.5,A3,Maldini,3,Team_OpenSource,2,21.84,26.21,0,122,
108.5,A4,Nesta,4,Team_OpenSource,2,20.34,42.32,0,134,
108.5,A5,Carlos,5,Team_OpenSource,2,23.53,56.05,0,137,
108.5,A6,Xavi,6,Team_OpenSource,2,43.07,32.57,0,127,
108.5,A7,Iniesta,8,Team_OpenSource,2,46.27,51.87,0,128,
108.5,A8,Pirlo,21,Team_OpenSource,2,46.8,20.0,0,140,
108.5,A9,Messi,10,Team_OpenSource,2,78.36,20.72,0,131,
108.5,A10,Ronaldo,9,Team_OpenSource,2,78.74,35.38,0,133,
108.5,A11,Ronaldinho,11,Team_OpenSource,2,68.96,51.25,0,127,
108.5,B1,Casillas,1,Team_Proprietary,2,99.94,34.94,0,136,
108.5,B2,Zanetti,2,Team_Proprietary,2,81.65,11.99,0,125,
108.5,B3,Ferdinand,5,Team_Proprietary,2,83.53,23.05,0,124,
108.5,B4,Vidic,15,Team_Proprietary,2,86.97,44.88,0,122,
108.5,B5,Cole,3,Team_Proprietary,2,81.84,59.21,0,129,
108.5,B6,Gerrard,8,Team_Proprietary,2,61.27,26.87,0,124,
108.5,B7,Lampard,4,Team_Proprietary,2,60.34,42.32,0,130,
108.5,B8,Beckham,7,Team_Proprietary,2,59.38,10.41,0,120,
108.5,B9,Giggs,11,Team_Proprietary,2,58.96,56.25,0,122,
108.5,B10,Henry,14,Team_Proprietary,2,35.78,29.59,0,129,
108.5,B11,Rooney,10,Team_Proprietary,2,35.88,39.87,0,132,
108.5,ball,Ball,,BALL,2,104.29,33.32,0,,
109.0,A1,Buffon,1,Team_OpenSource,2,4.94,34.94,0,127,
109.0,A2,Cafu,2,Team_OpenSource,2,26.65,11.99,0,138,
109.0,A3,Maldini,3,Team_OpenSource,2,21.84,26.21,0,134,
109.0,A4,Nesta,4,Team_OpenSource,2,20.34,42.32,0,123,
109.0,A5,Carlos,5,Team_OpenSource,2,23.53,56.05,0,134,
109.0,A6,Xavi,6,Team_OpenSource,2,43.07,32.57,0,139,
109.0,A7,Iniesta,8,Team_OpenSource,2,46.27,51.87,0,131,
109.0,A8,Pirlo,21,Team_OpenSource,2,46.8,20.0,0,125,
109.0,A9,Messi,10,Team_OpenSource,2,77.94,20.72,0,120,
109.0,A10,Ronaldo,9,Team_OpenSource,2,78.74,35.38,0,130,
109.0,A11,Ronaldinho,11,Team_OpenSource,2,68.96,51.25,0,134,
109.0,B1,Casillas,1,Team_Proprietary,2,99.94,34.94,0,121,
109.0,B2,Zanetti,2,Team_Proprietary,2,81.65,11.99,0,123,
109.0,B3,Ferdinand,5,Team_Proprietary,2,83.53,23.05,0,136,
109.0,B4,Vidic,15,Team_Proprietary,2,86.97,44.88,0,128,
109.0,B5,Cole,3,Team_Proprietary,2,81.84,59.21,0,125,
109.0,B6,Gerrard,8,Team_Proprietary,2,61.27,26.87,0,120,
109.0,B7,Lampard,4,Team_Proprietary,2,60.34,42.32,0,122,
109.0,B8,Beckham,7,Team_Proprietary,2,59.38,10.41,0,133,
109.0,B9,Giggs,11,Team_Proprietary,2,58.96,56.25,0,135,
109.0,B10,Henry,14,Team_Proprietary,2,35.78,29.59,0,132,
109.0,B11,Rooney,10,Team_Proprietary,2,35.88,39.87,0,123,
109.0,ball,Ball,,BALL,2,104.29,33.32,0,,
109.5,A1,Buffon,1,Team_OpenSource,2,4.94,34.94,0,127,
109.5,A2,Cafu,2,Team_OpenSource,2,26.65,11.99,0,133,
109.5,A3,Maldini,3,Team_OpenSource,2,21.84,26.21,0,126,
109.5,A4,Nesta,4,Team_OpenSource,2,20.34,42.32,0,125,
109.5,A5,Carlos,5,Team_OpenSource,2,23.53,56.05,0,129,
109.5,A6,Xavi,6,Team_OpenSource,2,43.07,32.57,0,137,
109.5,A7,Iniesta,8,Team_OpenSource,2,46.27,51.87,0,139,
109.5,A8,Pirlo,21,Team_OpenSource,2,46.8,20.0,0,134,
109.5,A9,Messi,10,Team_OpenSource,2,77.54,20.72,0,125,
109.5,A10,Ronaldo,9,Team_OpenSource,2,78.74,35.38,0,125,
109.5,A11,Ronaldinho,11,Team_OpenSource,2,68.96,51.25,0,139,
109.5,B1,Casillas,1,Team_Proprietary,2,99.94,34.94,0,127,
109.5,B2,Zanetti,2,Team_Proprietary,2,81.65,11.99,0,123,
109.5,B3,Ferdinand,5,Team_Proprietary,2,83.53,23.05,0,134,
109.5,B4,Vidic,15,Team_Proprietary,2,86.97,44.88,0,124,
109.5,B5,Cole,3,Team_Proprietary,2,81.84,59.21,0,122,
109.5,B6,Gerrard,8,Team_Proprietary,2,61.27,26.87,0,136,
109.5,B7,Lampard,4,Team_Proprietary,2,60.34,42.32,0,131,
109.5,B8,Beckham,7,Team_Proprietary,2,59.38,10.41,0,122,
109.5,B9,Giggs,11,Team_Proprietary,2,58.96,56.25,0,131,
109.5,B10,Henry,14,Team_Proprietary,2,35.78,29.59,0,136,
109.5,B11,Rooney,10,Team_Proprietary,2,35.88,39.87,0,122,
109.5,ball,Ball,,BALL,2,104.29,33.32,0,,
110.0,A1,Buffon,1,Team_OpenSource,2,4.94,34.94,0,120,
110.0,A2,Cafu,2,Team_OpenSource,2,26.65,11.99,0,123,
110.0,A3,Maldini,3,Team_OpenSource,2,21.84,26.21,0,140,
110.0,A4,Nesta,4,Team_OpenSource,2,20.34,42.32,0,140,
110.0,A5,Carlos,5,Team_OpenSource,2,23.53,56.05,0,133,
110.0,A6,Xavi,6,Team_OpenSource,2,43.07,32.57,0,126,
110.0,A7,Iniesta,8,Team_OpenSource,2,46.27,51.87,0,139,
110.0,A8,Pirlo,21,Team_OpenSource,2,46.8,20.0,0,125,
110.0,A9,Messi,10,Team_OpenSource,2,77.17,20.72,0,140,
110.0,A10,Ronaldo,9,Team_OpenSource,2,78.74,35.38,0,123,
110.0,A11,Ronaldinho,11,Team_OpenSource,2,68.96,51.25,0,126,
110.0,B1,Casillas,1,Team_Proprietary,2,99.94,34.94,0,129,
110.0,B2,Zanetti,2,Team_Proprietary,2,81.65,11.99,0,128,
110.0,B3,Ferdinand,5,Team_Proprietary,2,83.53,23.05,0,121,
110.0,B4,Vidic,15,Team_Proprietary,2,86.97,44.88,0,133,
110.0,B5,Cole,3,Team_Proprietary,2,81.84,59.21,0,130,
110.0,B6,Gerrard,8,Team_Proprietary,2,61.27,26.87,0,135,
110.0,B7,Lampard,4,Team_Proprietary,2,60.34,42.32,0,124,
110.0,B8,Beckham,7,Team_Proprietary,2,59.38,10.41,0,127,
110.0,B9,Giggs,11,Team_Proprietary,2,58.96,56.25,0,140,
110.0,B10,Henry,14,Team_Proprietary,2,35.78,29.59,0,121,
110.0,B11,Rooney,10,Team_Proprietary,2,35.88,39.87,0,131,
110.0,ball,Ball,,BALL,2,104.29,33.32,0,,
110.5,A1,Buffon,1,Team_OpenSource,2,4.94,34.94,0,122,
110.5,A2,Cafu,2,Team_OpenSource,2,26.65,11.99,0,125,
110.5,A3,Maldini,3,Team_OpenSource,2,21.84,26.21,0,124,
110.5,A4,Nesta,4,Team_OpenSource,2,20.34,42.32,0,131,
110.5,A5,Carlos,5,Team_OpenSource,2,23.53,56.05,0,131,
110.5,A6,Xavi,6,Team_OpenSource,2,43.07,32.57,0,127,
110.5,A7,Iniesta,8,Team_OpenSource,2,46.27,51.87,0,131,
110.5,A8,Pirlo,21,Team_OpenSource,2,46.8,20.0,0,124,
110.5,A9,Messi,10,Team_OpenSource,2,76.81,20.72,0,132,
110.5,A10,Ronaldo,9,Team_OpenSource,2,78.74,35.38,0,131,
110.5,A11,Ronaldinho,11,Team_OpenSource,2,68.96,51.25,0,133,
110.5,B1,Casillas,1,Team_Proprietary,2,99.94,34.94,0,139,
110.5,B2,Zanetti,2,Team_Proprietary,2,81.65,11.99,0,133,
110.5,B3,Ferdinand,5,Team_Proprietary,2,83.53,23.05,0,127,
110.5,B4,Vidic,15,Team_Proprietary,2,86.97,44.88,0,129,
110.5,B5,Cole,3,Team_Proprietary,2,81.84,59.21,0,138,
110.5,B6,Gerrard,8,Team_Proprietary,2,61.27,26.87,0,139,
110.5,B7,Lampard,4,Team_Proprietary,2,60.34,42.32,0,133,
110.5,B8,Beckham,7,Team_Proprietary,2,59.38,10.41,0,134,
110.5,B9,Giggs,11,Team_Proprietary,2,58.96,56.25,0,133,
110.5,B10,Henry,14,Team_Proprietary,2,35.78,29.59,0,138,
110.5,B11,Rooney,10,Team_Proprietary,2,35.88,39.87,0,139,
110.5,ball,Ball,,BALL,2,104.29,33.32,0,,
111.0,A1,Buffon,1,Team_OpenSource,2,4.94,34.94,0,120,
111.0,A2,Cafu,2,Team_OpenSource,2,26.65,11.99,0,128,
111.0,A3,Maldini,3,Team_OpenSource,2,21.84,26.21,0,137,
111.0,A4,Nesta,4,Team_OpenSource,2,20.34,42.32,0,138,
111.0,A5,Carlos,5,Team_OpenSource,2,23.53,56.05,0,137,
111.0,A6,Xavi,6,Team_OpenSource,2,43.07,32.57,0,129,
111.0,A7,Iniesta,8,Team_OpenSource,2,46.27,51.87,0,140,
111.0,A8,Pirlo,21,Team_OpenSource,2,46.8,20.0,0,123,
111.0,A9,Messi,10,Team_OpenSource,2,76.47,20.72,0,121,
111.0,A10,Ronaldo,9,Team_OpenSource,2,78.74,35.38,0,126,
111.0,A11,Ronaldinho,11,Team_OpenSource,2,68.96,51.25,0,137,
111.0,B1,Casillas,1,Team_Proprietary,2,99.94,34.94,0,135,
111.0,B2,Zanetti,2,Team_Proprietary,2,81.65,11.99,0,138,
111.0,B3,Ferdinand,5,Team_Proprietary,2,83.53,23.05,0,124,
111.0,B4,Vidic,15,Team_Proprietary,2,86.97,44.88,0,136,
111.0,B5,Cole,3,Team_Proprietary,2,81.84,59.21,0,121,
111.0,B6,Gerrard,8,Team_Proprietary,2,61.27,26.87,0,132,
111.0,B7,Lampard,4,Team_Proprietary,2,60.34,42.32,0,132,
111.0,B8,Beckham,7,Team_Proprietary,2,59.38,10.41,0,138,
111.0,B9,Giggs,11,Team_Proprietary,2,58.96,56.25,0,127,
111.0,B10,Henry,14,Team_Proprietary,2,35.78,29.59,0,125,
111.0,B11,Rooney,10,Team_Proprietary,2,35.88,39.87,0,120,
111.0,ball,Ball,,BALL,2,104.29,33.32,0,,
111.5,A1,Buffon,1,Team_OpenSource,2,4.94,34.94,0,122,
111.5,A2,Cafu,2,Team_OpenSource,2,26.65,11.99,0,133,
111.5,A3,Maldini,3,Team_OpenSource,2,21.84,26.21,0,129,
111.5,A4,Nesta,4,Team_OpenSource,2,20.34,42.32,0,122,
111.5,A5,Carlos,5,Team_OpenSource,2,23.53,56.05,0,120,
111.5,A6,Xavi,6,Team_OpenSource,2,43.07,32.57,0,139,
111.5,A7,Iniesta,8,Team_OpenSource,2,46.27,51.87,0,131,
111.5,A8,Pirlo,21,Team_OpenSource,2,46.8,20.0,0,135,
111.5,A9,Messi,10,Team_OpenSource,2,76.14,20.72,0,128,
111.5,A10,Ronaldo,9,Team_OpenSource,2,78.74,35.38,0,123,
111.5,A11,Ronaldinho,11,Team_OpenSource,2,68.96,51.25,0,135,
111.5,B1,Casillas,1,Team_Proprietary,2,99.94,34.94,0,140,
111.5,B2,Zanetti,2,Team_Proprietary,2,81.65,11.99,0,135,
111.5,B3,Ferdinand,5,Team_Proprietary,2,83.53,23.05,0,123,
111.5,B4,Vidic,15,Team_Proprietary,2,86.97,44.88,0,136,
111.5,B5,Cole,3,Team_Proprietary,2,81.84,59.21,0,120,
111.5,B6,Gerrard,8,Team_Proprietary,2,61.27,26.87,0,123,
111.5,B7,Lampard,4,Team_Proprietary,2,60.34,42.32,0,124,
111.5,B8,Beckham,7,Team_Proprietary,2,59.38,10.41,0,137,
111.5,B9,Giggs,11,Team_Proprietary,2,58.96,56.25,0,124,
111.5,B10,Henry,14,Team_Proprietary,2,35.78,29.59,0,122,
111.5,B11,Rooney,10,Team_Proprietary,2,35.88,39.87,0,128,
111.5,ball,Ball,,BALL,2,104.29,33.32,0,,
112.0,A1,Buffon,1,Team_OpenSource,2,4.94,34.89,0,134,
112.0,A2,Cafu,2,Team_OpenSource,2,26.57,11.89,0,131,
112.0,A3,Maldini,3,Team_OpenSource,2,21.75,26.15,0,126,
112.0,A4,Nesta,4,Team_OpenSource,2,20.33,42.35,0,136,
112.0,A5,Carlos,5,Team_OpenSource,2,23.6,56.15,0,124,
112.0,A6,Xavi,6,Team_OpenSource,2,43.16,32.65,0,130,
112.0,A7,Iniesta,8,Team_OpenSource,2,46.2,51.78,0,136,
112.0,A8,Pirlo,21,Team_OpenSource,2,46.71,19.9,0,127,
112.0,A9,Messi,10,Team_OpenSource,2,75.84,20.43,0,125,
112.0,A10,Ronaldo,9,Team_OpenSource,2,78.55,35.31,0,129,
112.0,A11,Ronaldinho,11,Team_OpenSource,2,69.02,51.34,0,123,
112.0,B1,Casillas,1,Team_Proprietary,2,99.94,34.89,0,137,
112.0,B2,Zanetti,2,Team_Proprietary,2,81.57,11.89,0,133,
112.0,B3,Ferdinand,5,Team_Proprietary,2,83.6,23.15,0,134,
112.0,B4,Vidic,15,Team_Proprietary,2,86.87,44.78,0,134,
112.0,B5,Cole,3,Team_Proprietary,2,81.75,59.15,0,124,
112.0,B6,Gerrard,8,Team_Proprietary,2,61.2,26.78,0,131,
112.0,B7,Lampard,4,Team_Proprietary,2,60.33,42.35,0,138,
112.0,B8,Beckham,7,Team_Proprietary,2,59.41,10.39,0,121,
112.0,B9,Giggs,11,Team_Proprietary,2,59.02,56.34,0,121,
112.0,B10,Henry,14,Team_Proprietary,2,35.74,29.52,0,135,
112.0,B11,Rooney,10,Team_Proprietary,2,35.84,39.88,0,138,
112.0,ball,Ball,,BALL,2,99.11,33.39,0,,
112.5,A1,Buffon,1,Team_OpenSource,2,4.94,34.85,0,132,
112.5,A2,Cafu,2,Team_OpenSource,2,26.49,11.8,0,122,
112.5,A3,Maldini,3,Team_OpenSource,2,21.66,26.1,0,120,
112.5,A4,Nesta,4,Team_OpenSource,2,20.31,42.38,0,127,
112.5,A5,Carlos,5,Team_OpenSource,2,23.67,56.24,0,125,
112.5,A6,Xavi,6,Team_OpenSource,2,43.25,32.71,0,126,
112.5,A7,Iniesta,8,Team_OpenSource,2,46.14,51.69,0,137,
112.5,A8,Pirlo,21,Team_OpenSource,2,46.62,19.8,0,130,
112.5,A9,Messi,10,Team_OpenSource,2,75.55,20.16,0,125,
112.5,A10,Ronaldo,9,Team_OpenSource,2,78.37,35.25,0,140,
112.5,A11,Ronaldinho,11,Team_OpenSource,2,69.07,51.42,0,133,
112.5,B1,Casillas,1,Team_Proprietary,2,99.94,34.85,0,125,
112.5,B2,Zanetti,2,Team_Proprietary,2,81.49,11.8,0,126,
112.5,B3,Ferdinand,5,Team_Proprietary,2,83.67,23.24,0,120,
112.5,B4,Vidic,15,Team_Proprietary,2,86.78,44.69,0,139,
112.5,B5,Cole,3,Team_Proprietary,2,81.66,59.1,0,124,
112.5,B6,Gerrard,8,Team_Proprietary,2,61.14,26.69,0,123,
112.5,B7,Lampard,4,Team_Proprietary,2,60.31,42.38,0,138,
112.5,B8,Beckham,7,Team_Proprietary,2,59.44,10.37,0,132,
112.5,B9,Giggs,11,Team_Proprietary,2,59.07,56.42,0,133,
112.5,B10,Henry,14,Team_Proprietary,2,35.71,29.44,0,133,
112.5,B11,Rooney,10,Team_Proprietary,2,35.79,39.88,0,134,
112.5,ball,Ball,,BALL,2,94.45,33.45,0,,
113.0,A1,Buffon,1,Team_OpenSource,2,4.95,34.81,0,124,
113.0,A2,Cafu,2,Team_OpenSource,2,26.41,11.71,0,139,
113.0,A3,Maldini,3,Team_OpenSource,2,21.58,26.04,0,137,
113.0,A4,Nesta,4,Team_OpenSource,2,20.29,42.42,0,130,
113.0,A5,Carlos,5,Team_OpenSource,2,23.74,56.33,0,124,
113.0,A6,Xavi,6,Team_OpenSource,2,43.34,32.78,0,135,
113.0,A7,Iniesta,8,Team_OpenSource,2,46.09,51.6,0,134,
113.0,A8,Pirlo,21,Team_OpenSource,2,46.54,19.71,0,136,
113.0,A9,Messi,10,Team_OpenSource,2,75.27,19.9,0,127,
113.0,A10,Ronaldo,9,Team_OpenSource,2,78.2,35.18,0,135,
113.0,A11,Ronaldinho,11,Team_OpenSource,2,69.11,51.5,0,123,
113.0,B1,Casillas,1,Team_Proprietary,2,99.95,34.81,0,129,
113.0,B2,Zanetti,2,Team_Proprietary,2,81.41,11.71,0,132,
113.0,B3,Ferdinand,5,Team_Proprietary,2,83.74,23.33,0,132,
113.0,B4,Vidic,15,Team_Proprietary,2,86.69,44.61,0,125,
113.0,B5,Cole,3,Team_Proprietary,2,81.58,59.04,0,138,
113.0,B6,Gerrard,8,Team_Proprietary,2,61.09,26.6,0,138,
113.0,B7,Lampard,4,Team_Proprietary,2,60.29,42.42,0,125,
113.0,B8,Beckham,7,Team_Proprietary,2,59.47,10.35,0,128,
113.0,B9,Giggs,11,Team_Proprietary,2,59.11,56.5,0,124,
113.0,B10,Henry,14,Team_Proprietary,2,35.67,29.37,0,132,
113.0,B11,Rooney,10,Team_Proprietary,2,35.75,39.89,0,138,
113.0,ball,Ball,,BALL,2,90.25,33.51,0,,
113.5,A1,Buffon,1,Team_OpenSource,2,4.95,34.77,0,137,
113.5,A2,Cafu,2,Team_OpenSource,2,26.34,11.62,0,139,
113.5,A3,Maldini,3,Team_OpenSource,2,21.5,25.99,0,120,
113.5,A4,Nesta,4,Team_OpenSource,2,20.28,42.44,0,136,
113.5,A5,Carlos,5,Team_OpenSource,2,23.8,56.41,0,133,
113.5,A6,Xavi,6,Team_OpenSource,2,43.42,32.84,0,127,
113.5,A7,Iniesta,8,Team_OpenSource,2,46.03,51.52,0,130,
113.5,A8,Pirlo,21,Team_OpenSource,2,46.47,19.63,0,139,
113.5,A9,Messi,10,Team_OpenSource,2,75.0,19.66,0,129,
113.5,A10,Ronaldo,9,Team_OpenSource,2,78.04,35.12,0,126,
113.5,A11,Ronaldinho,11,Team_OpenSource,2,69.16,51.58,0,137,
113.5,B1,Casillas,1,Team_Proprietary,2,99.95,34.77,0,122,
113.5,B2,Zanetti,2,Team_Proprietary,2,81.34,11.62,0,126,
113.5,B3,Ferdinand,5,Team_Proprietary,2,83.8,23.41,0,128,
113.5,B4,Vidic,15,Team_Proprietary,2,86.61,44.53,0,127,
113.5,B5,Cole,3,Team_Proprietary,2,81.5,58.99,0,129,
113.5,B6,Gerrard,8,Team_Proprietary,2,61.03,26.52,0,140,
113.5,B7,Lampard,4,Team_Proprietary,2,60.28,42.44,0,137,
113.5,B8,Beckham,7,Team_Proprietary,2,59.5,10.33,0,130,
113.5,B9,Giggs,11,Team_Proprietary,2,59.16,56.58,0,137,
113.5,B10,Henry,14,Team_Proprietary,2,35.64,29.3,0,129,
113.5,B11,Rooney,10,Team_Proprietary,2,35.72,39.89,0,127,
113.5,ball,Ball,,BALL,2,86.48,33.56,0,,
114.0,A1,Buffon,1,Team_OpenSource,2,4.95,34.73,0,134,
114.0,A2,Cafu,2,Team_OpenSource,2,26.28,11.54,0,120,
114.0,A3,Maldini,3,Team_OpenSource,2,21.43,25.94,0,137,
114.0,A4,Nesta,4,Team_OpenSource,2,20.27,42.47,0,130,
114.0,A5,Carlos,5,Team_OpenSource,2,23.86,56.49,0,130,
114.0,A6,Xavi,6,Team_OpenSource,2,43.5,32.9,0,139,
114.0,A7,Iniesta,8,Team_OpenSource,2,45.98,51.45,0,137,
114.0,A8,Pirlo,21,Team_OpenSource,2,46.39,19.54,0,139,
114.0,A9,Messi,10,Team_OpenSource,2,74.75,19.42,0,125,
114.0,A10,Ronaldo,9,Team_OpenSource,2,77.89,35.07,0,133,
114.0,A11,Ronaldinho,11,Team_OpenSource,2,69.2,51.65,0,124,
114.0,B1,Casillas,1,Team_Proprietary,2,99.95,34.73,0,133,
114.0,B2,Zanetti,2,Team_Proprietary,2,81.28,11.54,0,133,
114.0,B3,Ferdinand,5,Team_Proprietary,2,83.86,23.49,0,130,
114.0,B4,Vidic,15,Team_Proprietary,2,86.53,44.45,0,120,
114.0,B5,Cole,3,Team_Proprietary,2,81.43,58.94,0,135,
114.0,B6,Gerrard,8,Team_Proprietary,2,60.98,26.45,0,127,
114.0,B7,Lampard,4,Team_Proprietary,2,60.27,42.47,0,121,
114.0,B8,Beckham,7,Team_Proprietary,2,59.52,10.32,0,130,
114.0,B9,Giggs,11,Team_Proprietary,2,59.2,56.65,0,137,
114.0,B10,Henry,14,Team_Proprietary,2,35.61,29.23,0,132,
114.0,B11,Rooney,10,Team_Proprietary,2,35.68,39.9,0,139,
114.0,ball,Ball,,BALL,2,83.08,33.6,0,,
114.5,A1,Buffon,1,Team_OpenSource,2,6.35,33.85,0,140,
114.5,A2,Cafu,2,Team_OpenSource,2,24.48,11.59,0,139,
114.5,A3,Maldini,3,Team_OpenSource,2,18.1,26.88,0,131,
114.5,A4,Nesta,4,Team_OpenSource,2,18.46,43.43,0,123,
114.5,A5,Carlos,5,Team_OpenSource,2,25.24,56.59,0,128,
114.5,A6,Xavi,6,Team_OpenSource,2,46.8,32.04,0,137,
114.5,A7,Iniesta,8,Team_OpenSource,2,45.04,51.19,0,136,
114.5,A8,Pirlo,21,Team_OpenSource,2,44.2,19.76,0,132,
114.5,A9,Messi,10,Team_OpenSource,2,68.16,15.96,0,120,
114.5,A10,Ronaldo,9,Team_OpenSource,2,73.34,36.0,0,121,
114.5,A11,Ronaldinho,11,Team_OpenSource,2,69.67,52.04,0,124,
114.5,B1,Casillas,1,Team_Proprietary,2,101.35,33.85,0,137,
114.5,B2,Zanetti,2,Team_Proprietary,2,79.48,11.59,0,121,
114.5,B3,Ferdinand,5,Team_Proprietary,2,85.24,23.59,0,139,
114.5,B4,Vidic,15,Team_Proprietary,2,83.72,44.95,0,139,
114.5,B5,Cole,3,Team_Proprietary,2,78.1,59.88,0,132,
114.5,B6,Gerrard,8,Team_Proprietary,2,60.04,26.19,0,134,
114.5,B7,Lampard,4,Team_Proprietary,2,58.46,43.43,0,128,
114.5,B8,Beckham,7,Team_Proprietary,2,61.71,9.3,0,121,
114.5,B9,Giggs,11,Team_Proprietary,2,59.67,57.04,0,130,
114.5,B10,Henry,14,Team_Proprietary,2,35.6,28.7,0,139,
114.5,B11,Rooney,10,Team_Proprietary,2,33.16,40.96,0,127,
114.5,ball,Ball,,BALL,2,62.36,34.39,0,,
115.0,A1,Buffon,1,Team_OpenSource,2,5.47,34.63,0,121,
115.0,A2,Cafu,2,Team_OpenSource,2,23.62,11.94,0,120,
115.0,A3,Maldini,3,Team_OpenSource,2,18.04,26.46,0,127,
115.0,A4,Nesta,4,Team_OpenSource,2,19.26,42.64,0,126,
115.0,A5,Carlos,5,Team_OpenSource,2,26.16,56.15,0,138,
115.0,A6,Xavi,6,Team_OpenSource,2,47.0,32.36,0,140,
115.0,A7,Iniesta,8,Team_OpenSource,2,44.08,51.72,0,123,
115.0,A8,Pirlo,21,Team_OpenSource,2,43.42,19.99,0,139,
115.0,A9,Messi,10,Team_OpenSource,2,68.77,15.2,0,132,
115.0,A10,Ronaldo,9,Team_OpenSource,2,73.01,35.78,0,136,
115.0,A11,Ronaldinho,11,Team_OpenSource,2,70.66,51.44,0,136,
115.0,B1,Casillas,1,Team_Proprietary,2,100.47,34.63,0,127,
115.0,B2,Zanetti,2,Team_Proprietary,2,78.62,11.94,0,139,
115.0,B3,Ferdinand,5,Team_Proprietary,2,86.16,23.15,0,125,
115.0,B4,Vidic,15,Team_Proprietary,2,83.14,44.97,0,139,
115.0,B5,Cole,3,Team_Proprietary,2,78.04,59.46,0,136,
115.0,B6,Gerrard,8,Team_Proprietary,2,59.08,26.72,0,137,
115.0,B7,Lampard,4,Team_Proprietary,2,59.26,42.64,0,128,
115.0,B8,Beckham,7,Team_Proprietary,2,61.0,10.08,0,125,
115.0,B9,Giggs,11,Team_Proprietary,2,60.66,56.44,0,135,
115.0,B10,Henry,14,Team_Proprietary,2,34.61,29.37,0,126,
115.0,B11,Rooney,10,Team_Proprietary,2,33.77,40.2,0,124,
115.0,ball,Ball,,BALL,2,61.95,37.8,0,,
115.5,A1,Buffon,1,Team_OpenSource,2,4.48,35.32,0,138,
115.5,A2,Cafu,2,Team_OpenSource,2,23.1,11.98,0,120,
115.5,A3,Maldini,3,Team_OpenSource,2,18.46,25.81,0,130,
115.5,A4,Nesta,4,Team_OpenSource,2,20.24,41.9,0,120,
115.5,A5,Carlos,5,Team_OpenSource,2,26.8,56.0,0,121,
115.5,A6,Xavi,6,Team_OpenSource,2,46.71,32.94,0,126,
115.5,A7,Iniesta,8,Team_OpenSource,2,43.34,51.98,0,137,
115.5,A8,Pirlo,21,Team_OpenSource,2,43.03,19.91,0,123,
115.5,A9,Messi,10,Team_OpenSource,2,69.67,14.41,0,138,
115.5,A10,Ronaldo,9,Team_OpenSource,2,73.16,35.29,0,127,
115.5,A11,Ronaldinho,11,Team_OpenSource,2,71.48,51.07,0,131,
115.5,B1,Casillas,1,Team_Proprietary,2,99.48,35.32,0,120,
115.5,B2,Zanetti,2,Team_Proprietary,2,78.1,11.98,0,127,
115.5,B3,Ferdinand,5,Team_Proprietary,2,86.8,23.0,0,128,
115.5,B4,Vidic,15,Team_Proprietary,2,83.02,44.67,0,139,
115.5,B5,Cole,3,Team_Proprietary,2,78.46,58.81,0,140,
115.5,B6,Gerrard,8,Team_Proprietary,2,58.34,26.98,0,127,
115.5,B7,Lampard,4,Team_Proprietary,2,60.24,41.9,0,126,
115.5,B8,Beckham,7,Team_Proprietary,2,60.04,10.85,0,131,
115.5,B9,Giggs,11,Team_Proprietary,2,61.48,56.07,0,120,
115.5,B10,Henry,14,Team_Proprietary,2,33.72,29.83,0,138,
115.5,B11,Rooney,10,Team_Proprietary,2,34.67,39.41,0,123,
115.5,ball,Ball,,BALL,2,59.23,40.74,0,,
116.0,A1,Buffon,1,Team_OpenSource,2,3.62,35.8,0,136,
116.0,A2,Cafu,2,Team_OpenSource,2,23.04,11.7,0,123,
116.0,A3,Maldini,3,Team_OpenSource,2,19.26,25.04,0,120,
116.0,A4,Nesta,4,Team_OpenSource,2,21.16,41.34,0,139,
116.0,A5,Carlos,5,Team_OpenSource,2,27.0,56.17,0,134,
116.0,A6,Xavi,6,Team_OpenSource,2,46.0,33.68,0,129,
116.0,A7,Iniesta,8,Team_OpenSource,2,43.01,51.93,0,128,
116.0,A8,Pirlo,21,Team_OpenSource,2,43.11,19.53,0,135,
116.0,A9,Messi,10,Team_OpenSource,2,70.66,13.71,0,133,
116.0,A10,Ronaldo,9,Team_OpenSource,2,73.77,34.59,0,120,
116.0,A11,Ronaldinho,11,Team_OpenSource,2,71.95,51.02,0,136,
116.0,B1,Casillas,1,Team_Proprietary,2,98.62,35.8,0,128,
116.0,B2,Zanetti,2,Team_Proprietary,2,78.04,11.7,0,124,
116.0,B3,Ferdinand,5,Team_Proprietary,2,87.0,23.17,0,123,
116.0,B4,Vidic,15,Team_Proprietary,2,83.38,44.1,0,120,
116.0,B5,Cole,3,Team_Proprietary,2,79.26,58.04,0,124,
116.0,B6,Gerrard,8,Team_Proprietary,2,58.01,26.93,0,136,
116.0,B7,Lampard,4,Team_Proprietary,2,61.16,41.34,0,121,
116.0,B8,Beckham,7,Team_Proprietary,2,59.08,11.49,0,130,
116.0,B9,Giggs,11,Team_Proprietary,2,61.95,56.02,0,128,
116.0,B10,Henry,14,Team_Proprietary,2,33.14,30.0,0,128,
116.0,B11,Rooney,10,Team_Proprietary,2,35.66,38.71,0,135,
116.0,ball,Ball,,BALL,2,54.87,42.86,0,,
116.5,A1,Buffon,1,Team_OpenSource,2,3.1,36.0,0,126,
116.5,A2,Cafu,2,Team_OpenSource,2,23.46,11.16,0,133,
116.5,A3,Maldini,3,Team_OpenSource,2,20.24,24.26,0,136,
116.5,A4,Nesta,4,Team_OpenSource,2,21.8,41.04,0,128,
116.5,A5,Carlos,5,Team_OpenSource,2,26.71,56.62,0,124,
116.5,A6,Xavi,6,Team_OpenSource,2,45.04,34.48,0,133,
116.5,A7,Iniesta,8,Team_OpenSource,2,43.16,51.57,0,133,
116.5,A8,Pirlo,21,Team_OpenSource,2,43.67,18.9,0,122,
116.5,A9,Messi,10,Team_OpenSource,2,71.48,13.22,0,129,
116.5,A10,Ronaldo,9,Team_OpenSource,2,74.67,33.8,0,134,
116.5,A11,Ronaldinho,11,Team_OpenSource,2,71.93,51.27,0,128,
116.5,B1,Casillas,1,Team_Proprietary,2,98.1,36.0,0,121,
116.5,B2,Zanetti,2,Team_Proprietary,2,78.46,11.16,0,131,
116.5,B3,Ferdinand,5,Team_Proprietary,2,86.71,23.62,0,124,
116.5,B4,Vidic,15,Team_Proprietary,2,84.14,43.37,0,128,
116.5,B5,Cole,3,Team_Proprietary,2,80.24,57.26,0,138,
116.5,B6,Gerrard,8,Team_Proprietary,2,58.16,26.57,0,138,
116.5,B7,Lampard,4,Team_Proprietary,2,61.8,41.04,0,132,
116.5,B8,Beckham,7,Team_Proprietary,2,58.34,11.89,0,136,
116.5,B9,Giggs,11,Team_Proprietary,2,61.93,56.27,0,136,
116.5,B10,Henry,14,Team_Proprietary,2,33.02,29.85,0,123,
116.5,B11,Rooney,10,Team_Proprietary,2,36.48,38.22,0,120,
116.5,ball,Ball,,BALL,2,49.92,43.91,0,,
117.0,A1,Buffon,1,Team_OpenSource,2,3.04,35.88,0,139,
117.0,A2,Cafu,2,Team_OpenSource,2,24.26,10.43,0,125,
117.0,A3,Maldini,3,Team_OpenSource,2,21.16,23.59,0,121,
117.0,A4,Nesta,4,Team_OpenSource,2,22.0,41.04,0,123,
117.0,A5,Carlos,5,Team_OpenSource,2,26.0,57.3,0,132,
117.0,A6,Xavi,6,Team_OpenSource,2,44.08,35.19,0,138,
117.0,A7,Iniesta,8,Team_OpenSource,2,43.77,50.96,0,134,
117.0,A8,Pirlo,21,Team_OpenSource,2,44.54,18.14,0,133,
117.0,A9,Messi,10,Team_OpenSource,2,71.95,13.01,0,134,
117.0,A10,Ronaldo,9,Team_OpenSource,2,75.66,33.04,0,125,
117.0,A11,Ronaldinho,11,Team_OpenSource,2,71.44,51.8,0,129,
117.0,B1,Casillas,1,Team_Proprietary,2,98.04,35.88,0,130,
117.0,B2,Zanetti,2,Team_Proprietary,2,79.26,10.43,0,125,
117.0,B3,Ferdinand,5,Team_Proprietary,2,86.0,24.3,0,137,
117.0,B4,Vidic,15,Team_Proprietary,2,85.11,42.57,0,134,
117.0,B5,Cole,3,Team_Proprietary,2,81.16,56.59,0,123,
117.0,B6,Gerrard,8,Team_Proprietary,2,58.77,25.96,0,135,
117.0,B7,Lampard,4,Team_Proprietary,2,62.0,41.04,0,138,
117.0,B8,Beckham,7,Team_Proprietary,2,58.01,12.0,0,138,
117.0,B9,Giggs,11,Team_Proprietary,2,61.44,56.8,0,134,
117.0,B10,Henry,14,Team_Proprietary,2,33.38,29.41,0,139,
117.0,B11,Rooney,10,Team_Proprietary,2,36.95,38.01,0,131,
117.0,ball,Ball,,BALL,2,45.6,43.76,0,,
117.5,A1,Buffon,1,Team_OpenSource,2,3.46,35.46,0,126,
117.5,A2,Cafu,2,Team_OpenSource,2,25.24,9.64,0,134,
117.5,A3,Maldini,3,Team_OpenSource,2,21.8,23.15,0,135,
117.5,A4,Nesta,4,Team_OpenSource,2,21.71,41.36,0,129,
117.5,A5,Carlos,5,Team_OpenSource,2,25.04,58.08,0,136,
117.5,A6,Xavi,6,Team_OpenSource,2,43.34,35.72,0,133,
117.5,A7,Iniesta,8,Team_OpenSource,2,44.67,50.2,0,126,
117.5,A8,Pirlo,21,Team_OpenSource,2,45.53,17.35,0,121,
117.5,A9,Messi,10,Team_OpenSource,2,71.93,13.11,0,121,
117.5,A10,Ronaldo,9,Team_OpenSource,2,76.48,32.44,0,138,
117.5,A11,Ronaldinho,11,Team_OpenSource,2,70.6,52.52,0,121,
117.5,B1,Casillas,1,Team_Proprietary,2,98.46,35.46,0,139,
117.5,B2,Zanetti,2,Team_Proprietary,2,80.24,9.64,0,136,
117.5,B3,Ferdinand,5,Team_Proprietary,2,85.04,25.08,0,121,
117.5,B4,Vidic,15,Team_Proprietary,2,86.05,41.85,0,139,
117.5,B5,Cole,3,Team_Proprietary,2,81.8,56.15,0,123,
117.5,B6,Gerrard,8,Team_Proprietary,2,59.67,25.2,0,129,
117.5,B7,Lampard,4,Team_Proprietary,2,61.71,41.36,0,129,
117.5,B8,Beckham,7,Team_Proprietary,2,58.16,11.78,0,128,
117.5,B9,Giggs,11,Team_Proprietary,2,60.6,57.52,0,126,
117.5,B10,Henry,14,Team_Proprietary,2,34.14,28.75,0,124,
117.5,B11,Rooney,10,Team_Proprietary,2,36.93,38.11,0,129,
117.5,ball,Ball,,BALL,2,42.98,42.43,0,,
118.0,A1,Buffon,1,Team_OpenSource,2,4.26,34.81,0,123,
118.0,A2,Cafu,2,Team_OpenSource,2,26.16,8.9,0,131,
118.0,A3,Maldini,3,Team_OpenSource,2,22.0,23.0,0,130,
118.0,A4,Nesta,4,Team_OpenSource,2,21.0,41.94,0,125,
118.0,A5,Carlos,5,Team_OpenSource,2,24.08,58.85,0,122,
118.0,A6,Xavi,6,Team_OpenSource,2,43.01,35.98,0,121,
118.0,A7,Iniesta,8,Team_OpenSource,2,45.66,49.41,0,124,
118.0,A8,Pirlo,21,Team_OpenSource,2,46.39,16.66,0,133,
118.0,A9,Messi,10,Team_OpenSource,2,71.44,13.51,0,136,
118.0,A10,Ronaldo,9,Team_OpenSource,2,76.95,32.07,0,130,
118.0,A11,Ronaldinho,11,Team_OpenSource,2,69.61,53.31,0,137,
118.0,B1,Casillas,1,Team_Proprietary,2,99.26,34.81,0,135,
118.0,B2,Zanetti,2,Team_Proprietary,2,81.16,8.9,0,128,
118.0,B3,Ferdinand,5,Team_Proprietary,2,84.08,25.85,0,136,
118.0,B4,Vidic,15,Team_Proprietary,2,86.74,41.3,0,121,
118.0,B5,Cole,3,Team_Proprietary,2,82.0,56.0,0,121,
118.0,B6,Gerrard,8,Team_Proprietary,2,60.66,24.41,0,140,
118.0,B7,Lampard,4,Team_Proprietary,2,61.0,41.94,0,140,
118.0,B8,Beckham,7,Team_Proprietary,2,58.77,11.29,0,125,
118.0,B9,Giggs,11,Team_Proprietary,2,59.61,58.31,0,128,
118.0,B10,Henry,14,Team_Proprietary,2,35.11,27.97,0,139,
118.0,B11,Rooney,10,Team_Proprietary,2,36.44,38.51,0,135,
118.0,ball,Ball,,BALL,2,42.68,40.07,0,,
118.5,A1,Buffon,1,Team_OpenSource,2,5.24,34.04,0,138,
118.5,A2,Cafu,2,Team_OpenSource,2,26.8,8.34,0,122,
118.5,A3,Maldini,3,Team_OpenSource,2,21.71,23.17,0,132,
118.5,A4,Nesta,4,Team_OpenSource,2,20.04,42.68,0,127,
118.5,A5,Carlos,5,Team_OpenSource,2,23.34,59.49,0,129,
118.5,A6,Xavi,6,Team_OpenSource,2,43.16,35.93,0,127,
118.5,A7,Iniesta,8,Team_OpenSource,2,46.48,48.71,0,127,
118.5,A8,Pirlo,21,Team_OpenSource,2,46.91,16.19,0,127,
118.5,A9,Messi,10,Team_OpenSource,2,70.6,14.14,0,133,
118.5,A10,Ronaldo,9,Team_OpenSource,2,76.93,32.02,0,126,
118.5,A11,Ronaldinho,11,Team_OpenSource,2,68.72,54.06,0,135,
118.5,B1,Casillas,1,Team_Proprietary,2,100.24,34.04,0,126,
118.5,B2,Zanetti,2,Team_Proprietary,2,81.8,8.34,0,127,
118.5,B3,Ferdinand,5,Team_Proprietary,2,83.34,26.49,0,135,
118.5,B4,Vidic,15,Team_Proprietary,2,87.0,41.02,0,124,
118.5,B5,Cole,3,Team_Proprietary,2,81.71,56.17,0,129,
118.5,B6,Gerrard,8,Team_Proprietary,2,61.48,23.71,0,135,
118.5,B7,Lampard,4,Team_Proprietary,2,60.04,42.68,0,125,
118.5,B8,Beckham,7,Team_Proprietary,2,59.67,10.59,0,128,
118.5,B9,Giggs,11,Team_Proprietary,2,58.72,59.06,0,121,
118.5,B10,Henry,14,Team_Proprietary,2,36.05,27.19,0,128,
118.5,B11,Rooney,10,Team_Proprietary,2,35.6,39.14,0,121,
118.5,ball,Ball,,BALL,2,44.79,36.98,0,,
119.0,A1,Buffon,1,Team_OpenSource,2,6.16,33.26,0,122,
119.0,A2,Cafu,2,Team_OpenSource,2,27.0,8.04,0,132,
119.0,A3,Maldini,3,Team_OpenSource,2,21.0,23.62,0,131,
119.0,A4,Nesta,4,Team_OpenSource,2,19.08,43.48,0,134,
119.0,A5,Carlos,5,Team_OpenSource,2,23.01,59.89,0,126,
119.0,A6,Xavi,6,Team_OpenSource,2,43.77,35.57,0,128,
119.0,A7,Iniesta,8,Team_OpenSource,2,46.95,48.22,0,120,
119.0,A8,Pirlo,21,Team_OpenSource,2,46.96,16.0,0,139,
119.0,A9,Messi,10,Team_OpenSource,2,69.61,14.91,0,123,
119.0,A10,Ronaldo,9,Team_OpenSource,2,76.44,32.27,0,131,
119.0,A11,Ronaldinho,11,Team_OpenSource,2,68.14,54.63,0,122,
119.0,B1,Casillas,1,Team_Proprietary,2,101.16,33.26,0,135,
119.0,B2,Zanetti,2,Team_Proprietary,2,82.0,8.04,0,126,
119.0,B3,Ferdinand,5,Team_Proprietary,2,83.01,26.89,0,131,
119.0,B4,Vidic,15,Team_Proprietary,2,86.77,41.06,0,136,
119.0,B5,Cole,3,Team_Proprietary,2,81.0,56.62,0,129,
119.0,B6,Gerrard,8,Team_Proprietary,2,61.95,23.22,0,131,
119.0,B7,Lampard,4,Team_Proprietary,2,59.08,43.48,0,139,
119.0,B8,Beckham,7,Team_Proprietary,2,60.66,9.8,0,131,
119.0,B9,Giggs,11,Team_Proprietary,2,58.14,59.63,0,136,
119.0,B10,Henry,14,Team_Proprietary,2,36.74,26.54,0,135,
119.0,B11,Rooney,10,Team_Proprietary,2,34.61,39.91,0,131,
119.0,ball,Ball,,BALL,2,48.79,33.52,0,,
119.5,A1,Buffon,1,Team_OpenSource,2,6.8,32.59,0,136,
119.5,A2,Cafu,2,Team_OpenSource,2,26.71,8.04,0,137,
119.5,A3,Maldini,3,Team_OpenSource,2,20.04,24.3,0,138,
119.5,A4,Nesta,4,Team_OpenSource,2,18.34,44.19,0,133,
119.5,A5,Carlos,5,Team_OpenSource,2,23.16,60.0,0,124,
119.5,A6,Xavi,6,Team_OpenSource,2,44.67,34.96,0,132,
119.5,A7,Iniesta,8,Team_OpenSource,2,46.93,48.01,0,128,
119.5,A8,Pirlo,21,Team_OpenSource,2,46.53,16.13,0,120,
119.5,A9,Messi,10,Team_OpenSource,2,68.72,15.7,0,136,
119.5,A10,Ronaldo,9,Team_OpenSource,2,75.6,32.8,0,121,
119.5,A11,Ronaldinho,11,Team_OpenSource,2,68.02,54.95,0,120,
119.5,B1,Casillas,1,Team_Proprietary,2,101.8,32.59,0,129,
119.5,B2,Zanetti,2,Team_Proprietary,2,81.71,8.04,0,138,
119.5,B3,Ferdinand,5,Team_Proprietary,2,83.16,27.0,0,126,
119.5,B4,Vidic,15,Team_Proprietary,2,86.11,41.4,0,125,
119.5,B5,Cole,3,Team_Proprietary,2,80.04,57.3,0,139,
119.5,B6,Gerrard,8,Team_Proprietary,2,61.93,23.01,0,122,
119.5,B7,Lampard,4,Team_Proprietary,2,58.34,44.19,0,122,
119.5,B8,Beckham,7,Team_Proprietary,2,61.48,9.04,0,124,
119.5,B9,Giggs,11,Team_Proprietary,2,58.02,59.95,0,134,
119.5,B10,Henry,14,Team_Proprietary,2,37.0,26.13,0,124,
119.5,B11,Rooney,10,Team_Proprietary,2,33.72,40.7,0,137,
119.5,ball,Ball,,BALL,2,53.69,30.13,0,,
